﻿<?xml version="1.0" encoding="utf-8" ?>
<resources langname="Română" lcid="0418">

	<string name="IDS_EPI_INSTALL_STEP">Bun venit|Acord de licenţă|AV Remover|Instalare|Terminare</string>

	<string name="IDS_EPI_ACTION_INIT">Iniţializare...</string>
	<string name="IDS_EPI_ACTION_EULA">Se descarcă acordul (acordurile) EULA...</string>
	<string name="IDS_EPI_ACTION_DUMP">Se pregătește pachetul de instalare...</string>
	<string name="IDS_EPI_ACTION_CALC">Se calculează spaţiul disponibil...</string>
	<string name="IDS_EPI_ACTION_DETECTAV">Se verifică posibilele aplicaţii aflate în conflict...</string>
	<string name="IDS_EPI_ACTION_PACKAGECACHE">Se finalizează pachetul offline...</string>
	<string name="IDS_EPI_ACTION_CLEANUP_FOLDERS">Se șterg folderele...</string>
	<string name="IDS_EPI_ACTION_TROUBLESHOOTING">Se depanează, acest lucru poate dura câteva momente...</string>

	<string name="IDS_EPI_HOME_TITLE_EAV">Instalare ${bts.package.[0].name}</string>
	<string name="IDS_EPI_HOME_TEXT_EAV">Utilizaţi cu plăcere computerul când lucraţi, vă jucaţi şi vă conectaţi - protejat de ESET.</string>
	<string name="IDS_EPI_HOME_TITLE_ESS">Instalare ${bts.package.[0].name}</string>
	<string name="IDS_EPI_HOME_TEXT_ESS">Utilizaţi cu plăcere computerul când lucraţi, vă jucaţi şi vă conectaţi - protejat de ESET.</string>
	<string name="IDS_EPI_HOME_TITLE_EIS">Instalare ${bts.package.[0].name}</string>
	<string name="IDS_EPI_HOME_TEXT_EIS">Utilizaţi cu plăcere computerul când lucraţi, vă jucaţi şi vă conectaţi - protejat de ESET.</string>
	<string name="IDS_EPI_HOME_TITLE_ESSP">Instalare ${bts.package.[0].name}</string>
	<string name="IDS_EPI_HOME_TEXT_ESSP">Utilizaţi cu plăcere computerul când lucraţi, vă jucaţi şi vă conectaţi - protejat de ESET.</string>
	<string name="IDS_EPI_HOME_TITLE_EHS">Instalare ${bts.package.[0].name}</string>
	<string name="IDS_EPI_HOME_TEXT_EHS">Utilizaţi cu plăcere computerul când lucraţi, vă jucaţi şi vă conectaţi - protejat de ESET.</string>
	<string name="IDS_EPI_HOME_TITLE_EEA">Instalare ${bts.package.[0].name}</string>
	<string name="IDS_EPI_HOME_SUBTITLE_EEA">Protecţie standard avansată pentru compania dvs.</string>
	<string name="IDS_EPI_HOME_TEXT_EEA">${bts.package.[0].name} dispune de tehnologia de detectare premiată ESET NOD32® care oferă companiei dvs. o protecţie standard avansată cu consum redus al resurselor, îmbunătăţită cu sistemul nostru de reputaţie din cloud. Controlul se face fără efort prin intermediul consolei web prietenoase ESET PROTECT, complet reproiectată.</string>
	<string name="IDS_EPI_HOME_TITLE_EES">Instalare ${bts.package.[0].name}</string>
	<string name="IDS_EPI_HOME_SUBTITLE_EES">Suita dvs. de securitate avansată şi completă</string>
	<string name="IDS_EPI_HOME_TEXT_EES">${bts.package.[0].name} este suita dvs. de securitate avansată şi completă care vă oferă protecţie cuprinzătoare pe mai multe niveluri împotriva tuturor tipurilor de malware. Beneficiaţi de solicitarea redusă a resurselor sistemului, asistenţă pentru virtualizare şi supraveghere atentă prin intermediul noii console web ESET PROTECT.</string>

	<string name="IDS_EPI_HOME_TITLE_MULTI">Instalare componente</string>
	<string name="IDS_EPI_INFO_TITLE_ERAA">Acest computer va fi administrat de ESET PROTECT</string>
	<string name="IDS_EPI_BUNDLE_TITLE">Următoarele componente sunt incluse în acest program de instalare</string>

	<string name="IDS_EPI_HOME_AVREMOVER_CHECK">Doresc să dezinstalez produsele de securitate incompatibile</string>
	<string name="IDS_EPI_HOME_NEW_VERSION_TEXT">Este disponibilă online o versiune mai nouă a acestui produs care poate fi descărcată și instalată automat în locul versiunii incluse.</string>
	<string name="IDS_EPI_HOME_NEW_VERSION_CHECKBOX">Instalați versiunea mai nouă</string>

<string name="IDS_EPI_HOME_NEED_HELP">Aveți nevoie de ajutor cu instalarea?</string>
	<string name="IDS_EPI_HOME_OPEN_INSTRUCTIONS">Deschideți instrucțiunile de instalare</string>
	<string name="IDS_EPI_HOME_OPEN_GUIDE">Deschideți ghidul de utilizare</string>

	<string name="IDS_EPI_LOCK_PASSWORD_TITLE">Setările pentru ESET Security sunt protejate prin parolă</string>
	<string name="IDS_EPI_LOCK_PASSWORD_SUBTITLE">Introduceți o parolă valabilă pentru a continua.</string>
	<string name="IDS_EPI_LOCK_PASSWORD_TEXT">Parolă</string>
	<string name="IDS_EPI_LOCK_PASSWORD_ERROR">Parolă incorectă. Puteți restaura parola&lt;br/&gt;în Setare avansată pentru produs.</string>

	<string name="IDS_EPI_EULA_SINGLE_TITLE">Acord de licenţă pentru utilizatorul final</string>
	<string name="IDS_EPI_EULA_SAVEAS_FILTER">Text (*.txt)|*.txt|HTML (*.html,*.htm)|*.html;*.htm||</string>
	<string name="IDS_EPI_EULA_BUTTON_ACCEPT">Accept</string>
	<string name="IDS_EPI_EULA_BUTTON_DECLINE">Nu accept</string>
	<string name="IDS_EPI_EULA_DECLINE">Refuzarea acordului de licență pentru utilizatorul final va închide programul de instalare. Sigur continuați?</string>

	<string name="IDS_EPI_DETECTAV_TITLE">Se scanează</string>
	<string name="IDS_EPI_DETECTAV_TEXT01">Au fost găsite alte produse de securitate</string>
	<string name="IDS_EPI_DETECTAV_TEXT02">Rularea simultană a două soluții de securitate poate provoca instabilitate. Rezolvați această problemă dezinstalând software-ul de securitate conflictual prezent pe sistemul dvs.</string>
	<string name="IDS_EPI_DETECTAV_UNINSTALL">Cum se dezinstalează alte software-uri antivirus</string>

	<string name="IDS_EPI_PACKAGECACHE_TITLE">Descărcare anticipată componente</string>
	<string name="IDS_EPI_PACKAGECACHE_TEXT">Descărcaţi anticipat componentele incluse în programul de instalare a pachetului (programul de instalare în timp real) pentru a accelera procesul de implementare atunci când aveţi o conexiune limitată la internet.</string>
	<string name="IDS_EPI_PACKAGECACHE_HOW01">&lt;b&gt;Faceţi clic pe butonul de descărcare&lt;/b&gt; şi componenta %1 va fi creată, descărcată şi salvată pe computer.</string>
	<string name="IDS_EPI_PACKAGECACHE_HOW02">&lt;b&gt;Copiaţi componentele %1 şi %2 în acelaşi folder.&lt;/b&gt; Puteţi utiliza un spaţiu partajat în reţea sau o unitate USB.</string>
	<string name="IDS_EPI_PACKAGECACHE_HOW03">&lt;b&gt;Executaţi componenta %2 pe orice computer din folderul partajat sau de pe unitatea USB.&lt;/b&gt; Componenta %2 va utiliza componentele descărcate anticipat fără a le descărca din nou.</string>

	<string name="IDS_EPI_DOWNLOAD_PACKAGE_SINGLE">Se descarcă…</string>
	<string name="IDS_EPI_DOWNLOAD_PACKAGE_MULTI">Se descarcă %1 ...</string>

	<string name="IDS_EPI_CFG_LGF_CAPTION_CONSUMER">Precizia crește odată cu numărul. Obţineţi nivelul maxim de protecţie.</string>
	<string name="IDS_EPI_CFG_LGF_TEXT_CONSUMER">Sistemul de feedback ESET LiveGrid® ne permite să colectăm informații despre obiectele suspecte, pe care le procesăm automat pentru a crea mecanisme de detectare în sistemul nostru cloud. Apoi aplicăm imediat aceste mecanisme pentru a ne asigura că clienții noștri au nivelul maxim de protecție.</string>
	<string name="IDS_EPI_CFG_LGF_CAPTION_BUSINESS">Ajutaţi-ne să vă oferim cea mai bună securitate existentă.</string>
	<string name="IDS_EPI_CFG_LGF_TEXT_BUSINESS">Sistemul de feedback ESET LiveGrid® foloseşte peste 100 de milioane de senzori din întreaga lume care ne permit să colectăm statistici&nbsp;şi informaţii despre obiectele suspecte, pe care le procesăm automat pentru a crea mecanisme de detectare cu ajutorul sistemul nostru de reputaţie din cloud. Apoi, aplicăm imediat aceste mecanisme pentru a ne asigura că beneficiaţi de nivelul maxim de protecţie.</string>
	<string name="IDS_EPI_CFG_LGF_ENABLE">Activați sistemul de feedback ESET LiveGrid® (recomandat)</string>
	<string name="IDS_EPI_CFG_LGF_DISABLE">Dezactivaţi sistemul de feedback ESET LiveGrid®</string>

	<string name="IDS_EPI_CFG_PUA_CAPTION">Detectarea aplicaţiilor potenţial nedorite</string>
	<string name="IDS_EPI_CFG_PUA_TEXT">ESET poate detecta &lt;a {{IDS_HELP_PUA_LINK}}&gt;aplicaţii potenţial nedorite&lt;/a&gt; şi poate solicita o confirmare înainte de instalarea acestora. Este posibil ca aplicaţiile potenţial nedorite să nu prezinte un risc la adresa securităţii, însă pot afecta performanţele, viteza şi fiabilitatea computerului sau pot cauza modificări la nivel comportamental. De obicei, aceste aplicații solicită consimţământul utilizatorului înainte de instalare.</string>
	<string name="IDS_EPI_CFG_PUA_ENABLE">Activaţi detectarea aplicaţiilor potenţial nedorite</string>
	<string name="IDS_EPI_CFG_PUA_DISABLE">Dezactivaţi detectarea aplicaţiilor potenţial nedorite</string>

	<string name="IDS_EPI_CFG_CEIP_CAPTION">Participaţi la programul de îmbunătăţire a experienţei clienţilor</string>
	<string name="IDS_EPI_CFG_CEIP_TEXT">Dorim să colectăm informaţii anonime despre cum este folosit acest produs. Datele colectate ne vor ajuta să vă îmbunătăţim experienţa de utilizare şi nu vor fi niciodată partajate unor terţi.&lt;a type="command" href="gui.ceip.show"&gt; Ce informaţii colectăm?&lt;/a&gt;</string>
	<string name="IDS_EPI_CFG_CEIP_YES">Da, doresc să particip la program (recomandat)</string>
	<string name="IDS_EPI_CFG_CEIP_NO">Nu, nu doresc să particip la program</string>

	<string name="IDS_EPI_CFG_EULA_CAPTION">Acord de licenţă pentru utilizatorul final</string>
	<string name="IDS_EPI_CFG_EULA_DESCRIPTION">Făcând clic pe oricare dintre butoanele „Continuare” de mai jos, acceptați &lt;a {{IDS_LINK_SHOW_EULA}}&gt;Acordul de licență pentru utilizatorul final&lt;/a&gt; și confirmați &lt;a {{IDS_LINK_SHOW_PRIVACY_POLICY}}&gt;Politica de confidențialitate.&lt;/a&gt;</string>
	<string name="IDS_EPI_CFG_EULA_MSGBOX_OK">OK</string>
	<string name="IDS_EPI_CFG_EULA_MSGBOX_NOT_AGREE">Nu sunt de acord</string>
	<string name="IDS_EPI_CFG_EULA_MSGBOX_SAVE">Salvare</string>

	<string name="IDS_EPI_CFG_BUTTON_ADVANCED">Schimbare director de instalare</string>
	<string name="IDS_EPI_CFG_FOLDERS_INSTALL">Director produs:</string>
	<string name="IDS_EPI_CFG_FOLDERS_DATA">Director date:</string>
	<string name="IDS_EPI_CFG_FOLDERS_MODULE">Director modul:</string>
	<string name="IDS_EPI_CFG_FOLDERS_VALIDATOR_INVALID">A fost selectat un director nevalid.</string>

	<string name="IDS_EPI_CFG_ALREADY_CONFIGURED">Setările de instalare au fost deja configurate.</string>

	<string name="IDS_EPI_NONEMPTY_FOLDER_WARNING_TITLE">Directorul de instalare trebuie să fie gol</string>
	<string name="IDS_EPI_NONEMPTY_FOLDER_WARNING_MESSAGE_SINGULAR">Pentru a continua instalarea, directorul existent va fi șters:</string>
	<string name="IDS_EPI_NONEMPTY_FOLDER_WARNING_MESSAGE_PLURAL">Pentru a continua instalarea, directoarele existente vor fi șterse:</string>
	<string name="IDS_EPI_NONEMPTY_FOLDER_QUESTION">&lt;b&gt;Sunteți de acord cu ștergerea directoarelor și continuarea instalării?&lt;/b&gt;</string>

	<string name="IDS_EPI_DISKSPACE_TITLE">Lipsă spaţiu disc</string>
	<string name="IDS_EPI_DISKSPACE_TEXT01">Rămâneți fără spațiu pe disc. Volumele evidențiate nu au suficient spațiu disponibil pentru instalare. Verificați spațiul disponibil pe disc și reîncercați.</string>
	<string name="IDS_EPI_DISKSPACE_HEADER01">Unitate</string>
	<string name="IDS_EPI_DISKSPACE_HEADER02">Capacitate</string>
	<string name="IDS_EPI_DISKSPACE_HEADER03">Spațiu liber</string>
	<string name="IDS_EPI_DISKSPACE_HEADER04">Spațiu necesar</string>

	<string name="IDS_EPI_INSTALL_PACKAGE_SINGLE">Instalare...</string>
	<string name="IDS_EPI_INSTALL_PACKAGE_MULTI">Se instalează %1...</string>

	<string name="IDS_EPI_DONE_TITLE">Instalare finalizată cu succes</string>
	<string name="IDS_EPI_DONE_TEXT01">Pachetul ${bts.package.[${bts.var.package.default}].name} a fost instalat cu succes pe computer. Computerul va fi verificat permanent pentru viruși și programe malware. &lt;br/&gt; &lt;br/&gt; Vă mulțumim că ați ales ESET! &lt;br/&gt; &lt;br/&gt; &lt;br/&gt; Faceți clic pe &lt;i&gt;Terminat&lt;/i&gt; pentru a finaliza instalarea produsului.</string>
	<string name="IDS_EPI_DONE_TEXT01_EPI">Toate pachetele au fost instalate cu succes pe computer. &lt;br/&gt; &lt;br/&gt; Faceți clic pe &lt;i&gt;Terminat&lt;/i&gt; pentru a finaliza setarea produsului.</string>
		<string name="IDS_EPI_DONE_PACKAGECACHE_CAPTION">Componentele %1 şi %2 trebuie să se găsească în acelaşi folder atunci când sunt executate.</string>
	<string name="IDS_EPI_DONE_PACKAGECACHE_DESCRIPTION">Componenta %1 a fost descărcată şi salvată în folder:&lt;br/&gt;</string>

	<string name="IDS_EPI_FAIL_FAILED_TITLE">Instalarea a eşuat</string>
	<string name="IDS_EPI_FAIL_FINISH_TITLE">Instalare finalizată</string>
	<string name="IDS_EPI_FAIL_KNOWLEDGEBASE">Căutaţi o soluţie în baza de cunoştinţe ESET.</string>
	<string name="IDS_EPI_FAIL_TROUBLESHOOT">Executați depanatorul</string>
	<string name="IDS_EPI_FAIL_TS_LINK">Contactați asistența tehnică ESET</string>
	<string name="IDS_EPI_FAIL_RESTART">Reporniți computerul</string>

	<string name="IDS_EPI_FAIL_TITLE_OS">Versiune de Microsoft Windows depășită</string>
	<string name="IDS_EPI_FAIL_TEXT_OS_OUTDATED">ESET Security nu acceptă versiunea dvs. depășită de Microsoft Windows. Faceți clic pe Închidere pentru a ieși din instalare.</string>
	<string name="IDS_EPI_FAIL_TEXT_OS_NOT_SUPPORTED">Acest produs nu mai este acceptat pe versiunea dvs. de Microsoft Windows. &lt;a {{IDS_LINK_PRODUCT_OPTIONS}}&gt;Vedeți ce opțiuni aveți&lt;/a&gt;</string>
	<string name="IDS_EPI_FAIL_TEXT_OS_NOT_SUPPORTED_BUSINESS">Acest produs nu mai este acceptat în versiunea dvs. depășită de Microsoft Windows.</string>

	<string name="IDS_EPI_FAIL_TITLE_EULA_REJECTED">Acord de licenţă pentru utilizatorul final</string>
	<string name="IDS_EPI_FAIL_TEXT_EULA_REJECTED">Acordul de licență pentru utilizatorul final nu a fost acceptat.</string>

	<string name="IDS_EPI_FAIL_TITLE_CONNECTION">Eroare la conectare</string>
	<string name="IDS_EPI_FAIL_TEXT_CONNECTION">Aparent, conexiunea dumneavoastră la internet nu funcţionează. Produsul nu poate fi instalat. &lt;a {{IDS_LINK_INTERNET_SETTINGS}}&gt;Verificaţi conexiunea la internet&lt;/a&gt; şi reîncercaţi instalarea.&lt;br/&gt;&lt;br/&gt;Folosiţi un server proxy? Modificaţi setările serverului proxy şi reîncercaţi.</string>
	<string name="IDS_EPI_FAIL_TEXT_CONNECTION_EPI">Aparent conexiunea dvs. la internet nu funcționează. Pachetele nu pot fi instalate. &lt;a {{IDS_LINK_INTERNET_SETTINGS}}&gt;Verificați conexiunea la internet&lt;/a&gt; și reîncercați instalarea.&lt;br/&gt;&lt;br/&gt;Folosiți un server proxy? Modificați setările serverului proxy și reîncercați.</string>

	<string name="IDS_EPI_FAIL_TITLE_DOWNLOAD_ERROR">Eroare la descărcare</string>
	<string name="IDS_EPI_FAIL_TEXT_DOWNLOAD_ERROR">A survenit o eroare la descărcarea datelor de pe server. Verificați-vă conexiunea la rețea și încercați din nou.&lt;br/&gt;&lt;br/&gt;Dacă aveți în continuare probleme, accesați &lt;a {{IDS_LINK_OFFLINE_INSTALLER}}&gt;www.eset.com&lt;/a&gt; pentru a descărca programul de instalare offline.</string>
	<string name="IDS_EPI_FAIL_TEXT_DOWNLOAD_ERROR_EPI">A survenit o eroare la descărcarea datelor de pe server. Verificați-vă conexiunea la rețea și încercați din nou.</string>

	<string name="IDS_EPI_FAIL_TITLE_INVALID_SERVER_RESPONSE">Răspuns nevalid</string>
	<string name="IDS_EPI_FAIL_TEXT_INVALID_SERVER_RESPONSE">A fost primit un răspuns nevalid de la server.</string>

	<string name="IDS_EPI_FAIL_TITLE_INVALID_INSTALLER">Program de instalare nevalid</string>
	<string name="IDS_EPI_FAIL_TEXT_INVALID_INSTALLER">Acest program de instalare nu mai este valid şi trebuie înlocuit. Descărcaţi un nou program de instalare pentru a instala acest produs.</string>
	<string name="IDS_EPI_FAIL_TEXT_INVALID_INSTALLER_EPI">Acest program de instalare nu mai este valid şi trebuie înlocuit. Generaţi un nou program de instalare sau contactaţi administratorul pentru a instala acest produs.</string>

	<string name="IDS_EPI_FAIL_TITLE_VERSIONCHECK_NO_PACKAGES">Pachet compatibil negăsit</string>
	<string name="IDS_EPI_FAIL_TEXT_VERSIONCHECK_NO_PACKAGES">Nu este disponibil pe server niciun pachet de instalare compatibil. Accesați &lt;a {{IDS_LINK_OFFLINE_INSTALLER}}&gt;www.eset.com&lt;/a&gt; pentru a descărca programul de instalare offline.</string>
	<string name="IDS_EPI_FAIL_TEXT_VERSIONCHECK_NO_PACKAGES_EPI">Acest program de instalare nu mai este valid şi trebuie înlocuit. Generaţi un nou program de instalare sau contactaţi administratorul pentru a instala acest produs.</string>

	<string name="IDS_EPI_FAIL_TITLE_INCOMPATIBLE_OS">Sistem de operare incompatibil</string>
	<string name="IDS_EPI_FAIL_TEXT_INCOMPATIBLE_OS">Pachetul ${bts.package.[${bts.var.package.current}].name} nu este destinat sistemelor dvs. de operare. Descărcați și instalați un produs de la &lt;a {{IDS_LINK_OFFLINE_INSTALLER}}&gt;www.eset.com&lt;/a&gt;.</string>
	<string name="IDS_EPI_FAIL_TEXT_INCOMPATIBLE_OS_EPI">Pachetul ${bts.package.[${bts.var.package.current}].name} nu este destinat sistemelor dvs. de operare.</string>

	<string name="IDS_EPI_FAIL_TITLE_INCOMPATIBLE_PACKAGE_X32">Pachet incompatibil</string>
	<string name="IDS_EPI_FAIL_TEXT_INCOMPATIBLE_PACKAGE_X32">Acest pachet de instalare este destinat sistemelor de operare pe 32 de biţi. Utilizaţi un pachet de instalare pentru sisteme de operare pe 64 de biţi.</string>

	<string name="IDS_EPI_FAIL_TITLE_INCOMPATIBLE_PACKAGE_X64">Pachet incompatibil</string>
	<string name="IDS_EPI_FAIL_TEXT_INCOMPATIBLE_PACKAGE_X64">Acest pachet de instalare este destinat sistemelor de operare pe 64 de biţi. Utilizaţi un pachet de instalare pentru sisteme de operare pe 32 de biţi.</string>

	<string name="IDS_EPI_FAIL_TITLE_INCOMPATIBLE_PRODUCT_INSTALLED">Produs incompatibil instalat</string>
	<string name="IDS_EPI_FAIL_TEXT_INCOMPATIBLE_PRODUCT_INSTALLED">Este deja instalat un produs {PRODUCT} incompatibil. Dezinstalaţi-l manual şi porniţi din nou instalarea.</string>

	<string name="IDS_EPI_FAIL_TITLE_NEWER_VERSION_NOT_AVAILABLE">Cea mai recentă versiune este deja instalată</string>
	<string name="IDS_EPI_FAIL_TEXT_NEWER_VERSION_NOT_AVAILABLE">Este deja instalată pe acest computer cea mai recentă versiune de ${bts.package.[${bts.var.package.default}].name}.</string>

	<string name="IDS_EPI_FAIL_TITLE_REFERRAL">Produsul nu poate fi instalat</string>
	<string name="IDS_EPI_FAIL_TEXT_REFERRAL">Produsul nu poate fi instalat deoarece un alt produs ESET este instalat deja pe acest dispozitiv.</string>
	<string name="IDS_EPI_FAIL_TEXT_REFERRAL_UPGRADE">Versiunea ESET existentă este depăşită şi nu vă mai garantează cea mai bună protecţie.&lt;br/&gt;&lt;b&gt;Îmbunătăţiţi protecţia securităţii făcând upgrade GRATUIT la cea mai recentă versiune.&lt;/b&gt;</string>

	<string name="IDS_EPI_FAIL_TITLE_PACKAGE_NOT_FOUND">Pachetul nu a fost găsit.</string>
	<string name="IDS_EPI_FAIL_TEXT_PACKAGE_NOT_FOUND">Pachetul de instalare {PRODUCT} nu a fost găsit.</string>

	<string name="IDS_EPI_FAIL_TITLE_PACKAGE_CORRUPTED">Pachetul este deteriorat</string>
	<string name="IDS_EPI_FAIL_TEXT_PACKAGE_CORRUPTED">Pachetul de instalare {PRODUCT} este deteriorat.</string>

	<string name="IDS_EPI_FAIL_TITLE_INSTALL_OUT_OF_SPACE">Lipsă spaţiu disc</string>
	<string name="IDS_EPI_FAIL_TEXT_INSTALL_OUT_OF_SPACE">Nu există suficient spațiu pentru finalizarea instalării pachetului ${bts.package.[${bts.var.package.default}].name}.&lt;br/&gt;&lt;br/&gt;Asigurați-vă că aveți cel puțin %u MB de spațiu liber și reîncercați.</string>
	<string name="IDS_EPI_FAIL_TEXT_INSTALL_OUT_OF_SPACE_EPI">Nu există suficient spațiu pentru finalizarea instalării tuturor pachetelor.&lt;br/&gt;&lt;br/&gt;Asigurați-vă că aveți cel puțin %u MB de spațiu liber și reîncercați.</string>

	<string name="IDS_EPI_FAIL_TITLE_SETUP">Instalarea nu s-a finalizat cu succes</string>
	<string name="IDS_EPI_FAIL_TEXT_SETUP">Instalarea pachetului ${bts.package.[${bts.var.package.current}].name} nu s-a finalizat cu succes. Este posibil să nu aveți computerul protejat împotriva amenințărilor informatice. Pentru a instala pachetul ${bts.package.[${bts.var.package.current}].name} pe computerul dvs., executați instalarea din nou.</string>
	<string name="IDS_EPI_FAIL_TEXT_SETUP_TROUBLESHOOT">A apărut o problemă de instalare a produsului ESET pe dispozitiv. Vă recomandăm să executați un depanator. Depanatorul va rezolva problema, dacă acest lucru este posibil.</string>
	<string name="IDS_EPI_FAIL_TEXT_SETUP_EPI">Instalarea pachetului ${bts.package.[${bts.var.package.current}].name} nu s-a finalizat cu succes. Este posibil ca sistemul dvs. să nu fie protejat împotriva amenințărilor informatice. Pentru a instala toate pachetele pe computer, executați din nou instalarea.</string>
	<string name="IDS_EPI_FAIL_TEXT_SETUP_ERROR_CODE">Cod eroare: %s</string>

	<string name="IDS_EPI_FAIL_TITLE_ABORT">Instalarea a fost întreruptă de utilizator</string>
	<string name="IDS_EPI_FAIL_TEXT_ABORT">Instalarea pachetului ${bts.package.[${bts.var.package.default}].name} a fost întreruptă de către utilizator. Pentru a instala pachetul ${bts.package.[${bts.var.package.default}].name} pe computerul dvs., executați instalarea din nou.</string>
	<string name="IDS_EPI_FAIL_TEXT_ABORT_EPI">Instalarea a fost întreruptă de utilizator. Pentru a instala toate pachetele pe computer, executați din nou instalarea.</string>

	<string name="IDS_EPI_FAIL_TITLE_INTERNAL_ERROR">Eroare internă</string>
	<string name="IDS_EPI_FAIL_TEXT_INTERNAL_ERROR">A survenit o eroare internă. Încercaţi să porniţi din nou instalarea.</string>

	<string name="IDS_EPI_TROUBLESHOOT_FINISH_TITLE">Depanator terminat</string>
	<string name="IDS_EPI_TROUBLESHOOT_SUCCESS_TITLE">Depanarea a avut succes</string>
	<string name="IDS_EPI_TROUBLESHOOT_FAILED_TITLE">Depanarea nu a reușit</string>
	<string name="IDS_EPI_TROUBLESHOOT_TEXT">&lt;b&gt;Vă recomandăm să închideți această fereastră și să reporniți computerul. După repornire, executați din nou acest program de instalare.&lt;/b&gt;</string>
	<string name="IDS_EPI_TROUBLESHOOT_REBOOT_TEXT">&lt;b&gt;Este necesară repornirea pentru finalizarea depanării. Închideți această fereastră și reporniți computerul. După repornire, executați din nou acest program de instalare.&lt;/b&gt;</string>
	<string name="IDS_EPI_TROUBLESHOOT_CONTACT_TEXT">În cazul unei erori persistente, contactați administratorul de sistem sau &lt;a {{IDS_LINK_SUPPORT}}&gt;Asistența tehnică ESET.&lt;/a&gt;</string>

	<string name="IDS_EPI_CFG_SIMPLE_CAPTION">Setări pentru protecție și instalare</string>
	<string name="IDS_EPI_CFG_RECOMMENDED_CAPTION">Recomandat</string>
	<string name="IDS_EPI_CFG_SIMPLE_PUA_CAPTION">Activaţi detectarea aplicaţiilor potenţial nedorite</string>
	<string name="IDS_EPI_CFG_SIMPLE_CEIP_CAPTION">Participați la Programul de îmbunătățire a experienței clienților&lt;br/&gt; &lt;a type="command" href="gui.ceip.show"&gt; Ce informații colectăm?&lt;/a&gt;</string>
	<string name="IDS_EPI_CFG_SIMPLE_LGF_CAPTION">Activați sistemul de feedback ESET LiveGrid®</string>
	<string name="IDS_EPI_CFG_SIMPLE_CEIP_TEXT">Dorim să colectăm informații anonime despre cum este folosit acest produs. Datele colectate ne vor ajuta să vă îmbunătățim experiența de utilizare și nu vor fi niciodată partajate unor terți.</string>
	<string name="IDS_EPI_CFG_SIMPLE_CONTINUE">Continuare</string>
	<string name="IDS_EPI_CFG_SIMPLE_ALL_CONTINUE">Permiteți toate și continuați</string>

	<string name="IDS_EPI_BANNER_CAPTION1">Se pregăteşte instalarea</string>
	<string name="IDS_EPI_BANNER_DESCRIPTION1">Așteptați descărcarea pachetului de instalare.</string>

	<string name="IDS_EPI_BANNER_CAPTION2">Instalare în curs</string>
	<string name="IDS_EPI_BANNER_DESCRIPTION2">Aproape gata! Așteptați finalizarea instalării.</string>

	<string name="IDS_EPI_BANNER_CAPTION3">Performanță de neegalat</string>
	<string name="IDS_EPI_BANNER_DESCRIPTION3">Tehnologia ESET multistratificată utilizează inteligența a peste 100 de milioane de senzori globali, pentru a asigura un nivel maxim de protecție pentru dvs., cu cerințe minime de sistem.</string>

	<string name="IDS_EPI_BANNER_CAPTION4">Vă mulțumim că ați ales ESET!</string>
	<string name="IDS_EPI_BANNER_DESCRIPTION4">Tehnologia ESET NOD32® deține recordul modial la nivel de premii VB100 obținute în mod consecutiv și cumulativ.</string>

	<string name="IDS_EPI_BANNER_CAPTION5">Control facil și centralizat pentru securitatea dvs. IT</string>
	<string name="IDS_EPI_BANNER_DESCRIPTION5">Indiferent dacă folosiți o consolă de administrare pentru securitate în cloud sau locală, veți primi un controlor tip single-pane care vă oferă posibilitatea să vă gestionați mai bine toate soluțiile de securitate ESET, în orice moment.</string>


</resources>
