﻿<?xml version="1.0" encoding="utf-8" ?>
<resources langname="العربية" lcid="0c01">

	<string name="IDS_EPI_INSTALL_STEP">مرحبًا|اتفاقية الترخيص|AV Remover|التثبيت|إنهاء</string>

	<string name="IDS_EPI_ACTION_INIT">التهيئة...</string>
	<string name="IDS_EPI_ACTION_EULA">جارٍ تنزيل اتفاقية (اتفاقيات) ترخيص المستخدم النهائي...</string>
	<string name="IDS_EPI_ACTION_DUMP">جاري تجهيز حزمة التثبيت...</string>
	<string name="IDS_EPI_ACTION_CALC">جاري حساب المساحة المتوفرة...</string>
	<string name="IDS_EPI_ACTION_DETECTAV">التحقق من احتمالية حدوث تضارب بين التطبيقات...</string>
	<string name="IDS_EPI_ACTION_PACKAGECACHE">إنهاء الحزمة بدون اتصال...</string>
	<string name="IDS_EPI_ACTION_CLEANUP_FOLDERS">جارٍ حذف المجلدات...</string>
	<string name="IDS_EPI_ACTION_TROUBLESHOOTING">جارٍ استكشاف الأخطاء وإصلاحها، قد يستغرق هذا بضع لحظات...</string>

	<string name="IDS_EPI_HOME_TITLE_EAV">تثبيت ${bts.package.[0].name}</string>
	<string name="IDS_EPI_HOME_TEXT_EAV">استمتع بإستخدام جهاز الكمبيوتر أثناء العمل واللعب والإتصال - فهو محمي مع إسيت</string>
	<string name="IDS_EPI_HOME_TITLE_ESS">تثبيت ${bts.package.[0].name}</string>
	<string name="IDS_EPI_HOME_TEXT_ESS">استمتع بإستخدام جهاز الكمبيوتر أثناء العمل واللعب والإتصال - فهو محمي مع إسيت</string>
	<string name="IDS_EPI_HOME_TITLE_EIS">تثبيت ${bts.package.[0].name}</string>
	<string name="IDS_EPI_HOME_TEXT_EIS">استمتع بإستخدام جهاز الكمبيوتر أثناء العمل واللعب والإتصال - فهو محمي مع إسيت</string>
	<string name="IDS_EPI_HOME_TITLE_ESSP">تثبيت ${bts.package.[0].name}</string>
	<string name="IDS_EPI_HOME_TEXT_ESSP">استمتع بإستخدام جهاز الكمبيوتر أثناء العمل واللعب والإتصال - فهو محمي مع إسيت</string>
	<string name="IDS_EPI_HOME_TITLE_EHS">تثبيت ${bts.package.[0].name}</string>
	<string name="IDS_EPI_HOME_TEXT_EHS">استمتع بإستخدام جهاز الكمبيوتر أثناء العمل واللعب والإتصال - فهو محمي مع إسيت</string>
	<string name="IDS_EPI_HOME_TITLE_EEA">تثبيت ${bts.package.[0].name}</string>
	<string name="IDS_EPI_HOME_SUBTITLE_EEA">حماية أساسية متقدمة لأعمالك</string>
	<string name="IDS_EPI_HOME_TEXT_EEA">${bts.package.[0].name}، يتميز بتقنية الاكتشاف ESET NOD32® الحائزة على الجوائز، وتزود أعمالك بحماية أساسية خفيفة ومتقدمة، ويعززها نظامنا الشهير المعتمد على الخدمة السحابية. يمكنك التحكم في جميع وظائفها بسهولة من خلال وحدة التحكم المعتمدة على الويب ESET PROTECT المطورة وسهلة الاستخدام.</string>
	<string name="IDS_EPI_HOME_TITLE_EES">تثبيت ${bts.package.[0].name}</string>
	<string name="IDS_EPI_HOME_SUBTITLE_EES">مجموعة الأمان كاملة الميزات المتقدمة</string>
	<string name="IDS_EPI_HOME_TEXT_EES">${bts.package.[0].name} هي مجموعة الأمان كاملة الميزات المتقدمة، حيث توفر حماية شاملة متعددة الطبقات ضد جميع أنواع البرامج الضارة. استمتع بالمتطلبات المنخفضة للنظام ودعم البيئة الافتراضية والإشراف عبر وحدة التحكم المعتمدة على الويب ESET PROTECT الجديدة تمامًا.</string>

	<string name="IDS_EPI_HOME_TITLE_MULTI">تثبيت المكونات</string>
	<string name="IDS_EPI_INFO_TITLE_ERAA">ستتم إدارة هذا الكمبيوتر بواسطة ESET PROTECT</string>
	<string name="IDS_EPI_BUNDLE_TITLE">المكونات التالية مضمنة في برنامج التثبيت هذا</string>

	<string name="IDS_EPI_HOME_AVREMOVER_CHECK">أريد إزالة تثبيت منتجات الأمان غير المتوافقة</string>
	<string name="IDS_EPI_HOME_NEW_VERSION_TEXT">الإصدار الأحدث لهذا المنتج متوفر عبر الإنترنت ويمكن تنزيله وتثبيته تلقائيًا بدل الإصدار الموجود.</string>
	<string name="IDS_EPI_HOME_NEW_VERSION_CHECKBOX">تثبيت الإصدار الأحدث</string>

<string name="IDS_EPI_HOME_NEED_HELP">هل تحتاج إلى مساعدة في التثبيت؟</string>
	<string name="IDS_EPI_HOME_OPEN_INSTRUCTIONS">افتح إرشادات التثبيت</string>
	<string name="IDS_EPI_HOME_OPEN_GUIDE">افتح دليل المستخدم</string>

	<string name="IDS_EPI_LOCK_PASSWORD_TITLE">إعدادات ESET Security محمية بكلمة مرور</string>
	<string name="IDS_EPI_LOCK_PASSWORD_SUBTITLE">يُرجى إدخال كلمة مرور صالحة للمتابعة.</string>
	<string name="IDS_EPI_LOCK_PASSWORD_TEXT">كلمة المرور</string>
	<string name="IDS_EPI_LOCK_PASSWORD_ERROR">كلمة مرور غير صحيحة. يمكنك استعادة كلمة المرور&lt;br/&gt;في الإعداد المتقدم للمنتج.</string>

	<string name="IDS_EPI_EULA_SINGLE_TITLE">اتفاقية ترخيص المستخدم النهائي</string>
	<string name="IDS_EPI_EULA_SAVEAS_FILTER">النص (*.txt)|*.txt|HTML (*.html,*.htm)|*.html;*.htm||</string>
	<string name="IDS_EPI_EULA_BUTTON_ACCEPT">أوافق</string>
	<string name="IDS_EPI_EULA_BUTTON_DECLINE">لا أوافق</string>
	<string name="IDS_EPI_EULA_DECLINE">سيؤدي رفض اتفاقيه ترخيص المستخدم النهائي إلى إغلاق برنامج التثبيت. هل تريد بالتأكيد القيام بذلك؟</string>

	<string name="IDS_EPI_DETECTAV_TITLE">الفحص</string>
	<string name="IDS_EPI_DETECTAV_TEXT01">تم العثور على منتجات أمان أخرى</string>
	<string name="IDS_EPI_DETECTAV_TEXT02">قد يتسبب تشغيل حلَّين من حلول الأمان في الوقت نفسه في حدوث حالة من التعارض. قم بحل هذه المشكلة عن طريق إزالة تثبيت برنامج الأمان المتعارض الموجود في النظام.</string>
	<string name="IDS_EPI_DETECTAV_UNINSTALL">كيفية إزالة تثبيت برامج مكافحة الفيروسات الأخرى</string>

	<string name="IDS_EPI_PACKAGECACHE_TITLE">التنزيل المسبق للمكونات</string>
	<string name="IDS_EPI_PACKAGECACHE_TEXT">قم بالتنزيل المسبق للمكونات المضمنة في برنامج تثبيت الحزمة هذا (برنامج التثبيت المباشر) لتسريع عملية النشر عندما يكون لديك اتصالاً محدودًا بالإنترنت.</string>
	<string name="IDS_EPI_PACKAGECACHE_HOW01">&lt;b dir="rtl"&gt;انقر فوق زر التنزيل&lt;/b&gt; وسيتم إنشاء %1 وتنزيله وحفظه في الكمبيوتر.</string>
	<string name="IDS_EPI_PACKAGECACHE_HOW02">&lt;b dir="rtl"&gt;انسخ %1 و%2 إلى المجلد ذاته. يمكنك استخدام مساحة الشبكة المشتركة أو محرك أقراص USB.</string>
	<string name="IDS_EPI_PACKAGECACHE_HOW03">&lt;b dir="rtl"&gt;قم بتنفيذ %2 على أي كمبيوتر من المجلد المشترك أو محرك أقراص USB.&lt;/b&gt; سيستخدم %2 المكونات التي تم تنزيلها مسبقًا بالفعل بدون إعادة تنزيلها.</string>

	<string name="IDS_EPI_DOWNLOAD_PACKAGE_SINGLE">جارٍ التنزيل...</string>
	<string name="IDS_EPI_DOWNLOAD_PACKAGE_MULTI">جارٍ تنزيل %1...</string>

	<string name="IDS_EPI_CFG_LGF_CAPTION_CONSUMER">قوة العالم الرقمي. احصل على أقصى مستوى من الحماية.</string>
	<string name="IDS_EPI_CFG_LGF_TEXT_CONSUMER">يسمح نظام الملاحظات في ESET LiveGrid® لنا بجمع المعلومات المتعلقة بالكائنات المشتبه بها، التي نعالجها تلقائيًا لإنشاء آليات الكشف في نظام السحابة لدينا. ثم بعد ذلك نقوم بتطبيقه على الفور لضمان وجود العملاء في اعلى مستوى من الحماية.</string>
	<string name="IDS_EPI_CFG_LGF_CAPTION_BUSINESS">ساعدنا على توفير أفضل أمان على الإطلاق.</string>
	<string name="IDS_EPI_CFG_LGF_TEXT_BUSINESS">يستخدم نظام الملاحظات ESET LiveGrid® أكثر من 100 مليون مستشعر على مستوى العالم مما يسمح لنا بجمع الإحصائيات والمعلومات المتعلقة بالكائنات المشتبه بها، التي نعالجها تلقائيًا لإنشاء آليات الكشف باستخدام نظام السحابة الشهير. ثم بعد ذلك نقوم بتطبيقه على الفور لضمان الاستمتاع بأعلى مستوى من الحماية.</string>
	<string name="IDS_EPI_CFG_LGF_ENABLE">تمكين نظام ملاحظات ESET LiveGrid® (موصى به)</string>
	<string name="IDS_EPI_CFG_LGF_DISABLE">تعطيل نظام ملاحظات ESET LiveGrid®</string>

	<string name="IDS_EPI_CFG_PUA_CAPTION">الكشف عن احتمالية وجود تطبيقات غير مرغوب فيها</string>
	<string name="IDS_EPI_CFG_PUA_TEXT">يستطيع ESET اكتشاف &lt;a {{IDS_HELP_PUA_LINK}}&gt;التطبيقات غير المرغوبة المحتملة&lt;/a&gt; وطلب التأكيد قبل تثبيتها. قد لا تشكّل التطبيقات غير المرغوبة المحتملة خطرًا على الأمان ولكنها قد تؤثر على أداء الكمبيوتر وسرعته وموثوقيته أو تتسبب في تغيير طريقة الأداء. وعادة ما تتطلب موافقة المستخدم قبل التثبيت.</string>
	<string name="IDS_EPI_CFG_PUA_ENABLE">تمكين الكشف عن احتمالية وجود تطبيقات غير مرغوب فيها</string>
	<string name="IDS_EPI_CFG_PUA_DISABLE">تعطيل الكشف عن احتمالية وجود تطبيقات غير مرغوب فيها</string>

	<string name="IDS_EPI_CFG_CEIP_CAPTION">المشاركة في برنامج تحسين تجربة العميل</string>
	<string name="IDS_EPI_CFG_CEIP_TEXT">نود جمع معلومات مجهولة المصدر عن كيفية استخدام هذا المنتج. حيث ستساعدنا البيانات التي يتم جمعها في تحسين التجربة لك ولن تتم مشاركتها أبداً مع الجهات الخارجية.&lt;a type="command" href="gui.ceip.show" dir="rtl"&gt; ما المعلومات التي نقوم بجمعها؟&lt;/a&gt;</string>
	<string name="IDS_EPI_CFG_CEIP_YES">نعم، أود المشاركة في البرنامج (موصى به)</string>
	<string name="IDS_EPI_CFG_CEIP_NO">لا، لا أود المشاركة في البرنامج</string>

	<string name="IDS_EPI_CFG_EULA_CAPTION">اتفاقية ترخيص المستخدم النهائي</string>
	<string name="IDS_EPI_CFG_EULA_DESCRIPTION">بالنقر فوق أي من أزرار "متابعة" أدناه، فإنك توافق على &lt;a {{IDS_LINK_SHOW_EULA}}&gt;اتفاقية ترخيص المستخدم النهائي&lt;/a&gt; وتقر بـ &lt;a {{IDS_LINK_SHOW_PRIVACY_POLICY}}&gt;سياسة الخصوصية.&lt;/a&gt;</string>
	<string name="IDS_EPI_CFG_EULA_MSGBOX_OK">موافق</string>
	<string name="IDS_EPI_CFG_EULA_MSGBOX_NOT_AGREE">لا أوافق</string>
	<string name="IDS_EPI_CFG_EULA_MSGBOX_SAVE">حفظ</string>

	<string name="IDS_EPI_CFG_BUTTON_ADVANCED">تغيير مجلد التثبيت</string>
	<string name="IDS_EPI_CFG_FOLDERS_INSTALL">مجلد المنتج:</string>
	<string name="IDS_EPI_CFG_FOLDERS_DATA">مجلد البيانات:</string>
	<string name="IDS_EPI_CFG_FOLDERS_MODULE">مجلد الوحدة:</string>
	<string name="IDS_EPI_CFG_FOLDERS_VALIDATOR_INVALID">تم تحديد مجلد غير صالح.</string>

	<string name="IDS_EPI_CFG_ALREADY_CONFIGURED">تمت تهيئة إعدادات التثبيت بالفعل.</string>

	<string name="IDS_EPI_NONEMPTY_FOLDER_WARNING_TITLE">يجب أن يكون مجلد التثبيت فارغاً</string>
	<string name="IDS_EPI_NONEMPTY_FOLDER_WARNING_MESSAGE_SINGULAR">لمتابعة التثبيت، سيتم حذف المجلد الحالي:</string>
	<string name="IDS_EPI_NONEMPTY_FOLDER_WARNING_MESSAGE_PLURAL">لمتابعة التثبيت، سيتم حذف المجلدات الحالية:</string>
	<string name="IDS_EPI_NONEMPTY_FOLDER_QUESTION">&lt;b dir="rtl"&gt;هل توافق على حذف المجلدات ومتابعة التثبيت؟&lt;/b&gt;</string>

	<string name="IDS_EPI_DISKSPACE_TITLE">خارج مساحة القرص</string>
	<string name="IDS_EPI_DISKSPACE_TEXT01">نفدت مساحة القرص لديك. لا تحتوي وحدات التخزين المميزة علي مساحة كافيه متوفرة للتثبيت. تحقق من المساحة المتوفرة علي القرص وحاول مره أخرى.</string>
	<string name="IDS_EPI_DISKSPACE_HEADER01">محرك الاقراص</string>
	<string name="IDS_EPI_DISKSPACE_HEADER02">السعة</string>
	<string name="IDS_EPI_DISKSPACE_HEADER03">المساحة الفارغة</string>
	<string name="IDS_EPI_DISKSPACE_HEADER04">المساحة المطلوبة</string>

	<string name="IDS_EPI_INSTALL_PACKAGE_SINGLE">جارٍ التثبيت...</string>
	<string name="IDS_EPI_INSTALL_PACKAGE_MULTI">جارٍ تثبيت %1...</string>

	<string name="IDS_EPI_DONE_TITLE">تم التثبيت بنجاح</string>
	<string name="IDS_EPI_DONE_TEXT01">تم تثبيت ${bts.package.[${bts.var.package.default}].name} بنجاح في جهاز الكمبيوتر. سيتم فحص الكمبيوتر باستمرار للبحث عن الفيروسات والبرامج الضارة. &lt;br/&gt; &lt;br/&gt; شكراً لك على اختيار ESET! &lt;br/&gt; &lt;br/&gt; &lt;br/&gt; انقر فوق &lt;i dir="rtl"&gt;تم&lt;/i&gt; لإكمال تثبيت المنتج.</string>
	<string name="IDS_EPI_DONE_TEXT01_EPI">تم بنجاح تثبيت جميع الحزم على جهاز الكمبيوتر لديك. &lt;br/&gt; &lt;br/&gt; انقر فوق &lt;i dir="rtl"&gt;تم&lt;/i&gt; لإكمال إعداد المنتج.</string>
		<string name="IDS_EPI_DONE_PACKAGECACHE_CAPTION">جب أن يكون %1 و%2 في المجلد ذاته عند تنفذيهما.</string>
	<string name="IDS_EPI_DONE_PACKAGECACHE_DESCRIPTION">تم تنزيل %1 وحفظه في المجلد:&lt;br/&gt;</string>

	<string name="IDS_EPI_FAIL_FAILED_TITLE">فشل التثبيت</string>
	<string name="IDS_EPI_FAIL_FINISH_TITLE">انتهى التثبيت</string>
	<string name="IDS_EPI_FAIL_KNOWLEDGEBASE">ابحث عن حل في قاعدة معارف ESET.</string>
	<string name="IDS_EPI_FAIL_TROUBLESHOOT">تشغيل أداة استكشاف الأخطاء وإصلاحها</string>
	<string name="IDS_EPI_FAIL_TS_LINK">الاتصال بالدعم الفني لـ ESET</string>
	<string name="IDS_EPI_FAIL_RESTART">إعادة تشغيل الكمبيوتر</string>

	<string name="IDS_EPI_FAIL_TITLE_OS">إصدار قديم من Microsoft Windows</string>
	<string name="IDS_EPI_FAIL_TEXT_OS_OUTDATED">لا يدعم ESET security الإصدار القديم من Microsoft Windows. انقر فوق "إغلاق" للخروج من التثبيت.</string>
	<string name="IDS_EPI_FAIL_TEXT_OS_NOT_SUPPORTED">لم يعد هذا المنتج مدعوماً على الإصدار القديم من Microsoft Windows. &lt;a {{IDS_LINK_PRODUCT_OPTIONS}}&gt;راجع خياراتك&lt;/a&gt;</string>
	<string name="IDS_EPI_FAIL_TEXT_OS_NOT_SUPPORTED_BUSINESS">لم يعد هذا المنتج مدعوماً علي الإصدار القديم من Microsoft Windows.</string>

	<string name="IDS_EPI_FAIL_TITLE_EULA_REJECTED">اتفاقية ترخيص المستخدم النهائي</string>
	<string name="IDS_EPI_FAIL_TEXT_EULA_REJECTED">لم يتم قبول اتفاقيه ترخيص المستخدم النهائي.</string>

	<string name="IDS_EPI_FAIL_TITLE_CONNECTION">خطأ اتصال</string>
	<string name="IDS_EPI_FAIL_TEXT_CONNECTION">يبدو أن اتصال الإنترنت لديك لا يعمل. لا يمكن تثبيت المنتج. &lt;a {{IDS_LINK_INTERNET_SETTINGS}}&gt;تحقق من اتصال الإنترنت لديك&lt;/a&gt; وأعد محاولة التثبيت.&lt;br/&gt;&lt;br/&gt;هل تستخدم خادم وكيل؟ قم بتغيير إعدادات خادم الوكيل وأعد المحاولة.</string>
	<string name="IDS_EPI_FAIL_TEXT_CONNECTION_EPI">يبدو أن اتصال الإنترنت لديك لا يعمل. لا يمكن تثبيت الحزم. &lt;a {{IDS_LINK_INTERNET_SETTINGS}}&gt;تحقق من اتصال الإنترنت لديك&lt;/a&gt; وأعد محاولة التثبيت.&lt;br/&gt;&lt;br/&gt;هل تستخدم خادم وكيل؟ قم بتغيير إعدادات خادم الوكيل وأعد المحاولة.</string>

	<string name="IDS_EPI_FAIL_TITLE_DOWNLOAD_ERROR">خطأ تنزيل</string>
	<string name="IDS_EPI_FAIL_TEXT_DOWNLOAD_ERROR">لقد حدث خطأ في أثناء تنزيل البيانات من الخادم. يُرجى التحقق من اتصال الشبكة والمحاولة مرة أخرى.&lt;br/&gt;&lt;br/&gt;إذا كنت لا تزال تواجه مشكلات، يُرجى زيارة &lt;a {{IDS_LINK_OFFLINE_INSTALLER}}&gt;www.eset.com&lt;/a&gt; لتنزيل برنامج التثبيت في وضع عدم الاتصال.</string>
	<string name="IDS_EPI_FAIL_TEXT_DOWNLOAD_ERROR_EPI">لقد حدث خطأ في أثناء تنزيل البيانات من الخادم. يُرجى التحقق من اتصال الشبكة والمحاولة مرة أخرى.</string>

	<string name="IDS_EPI_FAIL_TITLE_INVALID_SERVER_RESPONSE">استجابة غير صالحة</string>
	<string name="IDS_EPI_FAIL_TEXT_INVALID_SERVER_RESPONSE">تم استلام استجابة غير صالحة من الخادم.</string>

	<string name="IDS_EPI_FAIL_TITLE_INVALID_INSTALLER">برنامج تثبيت غير صالح</string>
	<string name="IDS_EPI_FAIL_TEXT_INVALID_INSTALLER">لم يعد برنامج التثبيت هذا صالحًا بعد الآن. قم بتنزيل برنامج تثبيت جديد لتثبيت هذا المنتج.</string>
	<string name="IDS_EPI_FAIL_TEXT_INVALID_INSTALLER_EPI">لم يعد برنامج التثبيت هذا صالحًا بعد الآن وينبغي استبداله. قم بإنشاء برنامج تثبيت جديد أو اتصل بالمسؤول لديك لتثبيت هذا المنتج.</string>

	<string name="IDS_EPI_FAIL_TITLE_VERSIONCHECK_NO_PACKAGES">لم يتم العثور على حزمة ملائمة</string>
	<string name="IDS_EPI_FAIL_TEXT_VERSIONCHECK_NO_PACKAGES">لا يوجد حزمة تثبيت ملائمة متوفرة في الخادم. يُرجى زيارة &lt;a {{IDS_LINK_OFFLINE_INSTALLER}}&gt;www.eset.com&lt;/a&gt; لتنزيل برنامج التثبيت في وضع عدم الاتصال.</string>
	<string name="IDS_EPI_FAIL_TEXT_VERSIONCHECK_NO_PACKAGES_EPI">لم يعد برنامج التثبيت هذا صالحًا بعد الآن وينبغي استبداله. قم بإنشاء برنامج تثبيت جديد أو اتصل بالمسؤول لديك لتثبيت هذا المنتج.</string>

	<string name="IDS_EPI_FAIL_TITLE_INCOMPATIBLE_OS">نظام تشغيل غير ملائم</string>
	<string name="IDS_EPI_FAIL_TEXT_INCOMPATIBLE_OS">يُعد ${bts.package.[${bts.var.package.current}].name} غير مخصص لنظم التشغيل لديك. يُرجى تنزيل برنامج من &lt;a {{IDS_LINK_OFFLINE_INSTALLER}}&gt;www.eset.com&lt;/a&gt; وتثبيته.</string>
	<string name="IDS_EPI_FAIL_TEXT_INCOMPATIBLE_OS_EPI">يُعد ${bts.package.[${bts.var.package.current}].name} غير مخصص لنظم التشغيل لديك.</string>

	<string name="IDS_EPI_FAIL_TITLE_INCOMPATIBLE_PACKAGE_X32">حزمة غير ملائمة</string>
	<string name="IDS_EPI_FAIL_TEXT_INCOMPATIBLE_PACKAGE_X32">حزمة التثبيت هذه مخصصة لأنظمة التشغيل 32 بت. يرجى استخدام حزمة تثبيت لأنظمة التشغيل 64 بت.</string>

	<string name="IDS_EPI_FAIL_TITLE_INCOMPATIBLE_PACKAGE_X64">حزمة غير ملائمة</string>
	<string name="IDS_EPI_FAIL_TEXT_INCOMPATIBLE_PACKAGE_X64">حزمة التثبيت هذه مخصصة لأنظمة التشغيل 64 بت. يُرجى استخدام حزمة تثبيت لأنظمة التشغيل 32 بت.</string>

	<string name="IDS_EPI_FAIL_TITLE_INCOMPATIBLE_PRODUCT_INSTALLED">تم تثبيت منتج غير ملائم</string>
	<string name="IDS_EPI_FAIL_TEXT_INCOMPATIBLE_PRODUCT_INSTALLED">هناك منتج {PRODUCT} غير ملائم مُثبت بالفعل. يُرجى إلغاء التثبيت يدويًا وبدء التثبيت مرة أخرى.</string>

	<string name="IDS_EPI_FAIL_TITLE_NEWER_VERSION_NOT_AVAILABLE">أحدث إصدار مُثبت بالفعل</string>
	<string name="IDS_EPI_FAIL_TEXT_NEWER_VERSION_NOT_AVAILABLE">أحدث إصدار من ${bts.package.[${bts.var.package.default}].name} مُثبت بالفعل في الكمبيوتر.</string>

	<string name="IDS_EPI_FAIL_TITLE_REFERRAL">لا يمكن تثبيت المنتج</string>
	<string name="IDS_EPI_FAIL_TEXT_REFERRAL">لا يمكن تثبيت المنتج حيث يوجد منتج ESET آخر مثبت بالفعل على هذا الجهاز.</string>
	<string name="IDS_EPI_FAIL_TEXT_REFERRAL_UPGRADE">إصدار ESET الحالي قديم ولم يعد يضمن لك الحماية المثلى.&lt;br/&gt;&lt;b dir="rtl"&gt;قم بتحسين حماية الأمان لديك من خلال الترقية إلى أحدث إصدار مجانًا.&lt;/b&gt;</string>

	<string name="IDS_EPI_FAIL_TITLE_PACKAGE_NOT_FOUND">لم يتم العثور على الحزمة.</string>
	<string name="IDS_EPI_FAIL_TEXT_PACKAGE_NOT_FOUND">لم يتم العثور على حزمة التثبيت {PRODUCT}.</string>

	<string name="IDS_EPI_FAIL_TITLE_PACKAGE_CORRUPTED">الحزمة تالفة</string>
	<string name="IDS_EPI_FAIL_TEXT_PACKAGE_CORRUPTED">حزمة التثبيت {PRODUCT} تالفة.</string>

	<string name="IDS_EPI_FAIL_TITLE_INSTALL_OUT_OF_SPACE">نفدت مساحة القرص</string>
	<string name="IDS_EPI_FAIL_TEXT_INSTALL_OUT_OF_SPACE">لا توجد مساحة قرص كافية لاستكمال تثبيت ${bts.package.[${bts.var.package.default}].name}.&lt;br/&gt;&lt;br/&gt;الرجاء التأكد من أن لديك مساحة %u Mبايت على الأقل فارغة وأعد المحاولة.</string>
	<string name="IDS_EPI_FAIL_TEXT_INSTALL_OUT_OF_SPACE_EPI">لا توجد مساحة قرص كافية لاستكمال تثبيت جميع الحزم.&lt;br/&gt;&lt;br/&gt;الرجاء التأكد من أن لديك مساحة %u Mبايت على الأقل فارغة وأعد المحاولة.</string>

	<string name="IDS_EPI_FAIL_TITLE_SETUP">التثبيت لم ينته بنجاح</string>
	<string name="IDS_EPI_FAIL_TEXT_SETUP">لم تكتمل عملية تثبيت ${bts.package.[${bts.var.package.current}].name} بنجاح. قد يكون النظام غير محمي من تهديدات الكمبيوتر. لتثبيت ${bts.package.[${bts.var.package.current}].name} في الكمبيوتر، يُرجى إعادة التثبيت مرة أخرى.</string>
	<string name="IDS_EPI_FAIL_TEXT_SETUP_TROUBLESHOOT">حدثت مشكله في تثبيت منتج ESET علي جهازك. نوصيك بتشغيل أداة استكشاف الأخطاء وإصلاحها. حيث ستقوم هذه الأداة بحل المشكلة، إن أمكن.</string>
	<string name="IDS_EPI_FAIL_TEXT_SETUP_EPI">لم تكتمل عملية تثبيت ${bts.package.[${bts.var.package.current}].name} بنجاح. قد يكون النظام غير محمي من تهديدات الكمبيوتر. لتثبيت جميع الحزم في جهاز الكمبيوتر، يُرجى إعادة التثبيت مرة أخرى.</string>
	<string name="IDS_EPI_FAIL_TEXT_SETUP_ERROR_CODE">رمز الخطأ: %s</string>

	<string name="IDS_EPI_FAIL_TITLE_ABORT">تم إنهاء التثبيت عن طريق المستخدم</string>
	<string name="IDS_EPI_FAIL_TEXT_ABORT">تم إنهاء تثبيت ${bts.package.[${bts.var.package.default}].name} عن طريق المستخدم. لتثبيت ${bts.package.[${bts.var.package.default}].name} في الكمبيوتر، يُرجى إعادة التثبيت مرة أخرى.</string>
	<string name="IDS_EPI_FAIL_TEXT_ABORT_EPI">تمت مقاطعه التثبيت بواسطة المستخدم. لتثبيت جميع الحزم علي جهاز الكمبيوتر الخاص بك، الرجاء تشغيل التثبيت مره أخرى.</string>

	<string name="IDS_EPI_FAIL_TITLE_INTERNAL_ERROR">خطأ داخلي</string>
	<string name="IDS_EPI_FAIL_TEXT_INTERNAL_ERROR">لقد حدث خطأ داخلي، يُرجى المحاولة مرة أخرى لبدء التثبيت ثانية.</string>

	<string name="IDS_EPI_TROUBLESHOOT_FINISH_TITLE">اكتملت أداة استكشاف الأخطاء وإصلاحها</string>
	<string name="IDS_EPI_TROUBLESHOOT_SUCCESS_TITLE">تمت عمليه استكشاف الأخطاء وإصلاحها بنجاح</string>
	<string name="IDS_EPI_TROUBLESHOOT_FAILED_TITLE">لم تنجح عمليه استكشاف الأخطاء وإصلاحها</string>
	<string name="IDS_EPI_TROUBLESHOOT_TEXT">&lt;b dir="rtl"&gt;نوصيك بإغلاق هذه النافذة وإعادة تشغيل جهاز الكمبيوتر. وبعد إعادة التشغيل، قم بتشغيل برنامج التثبيت هذا مرة أخرى.&lt;/b&gt;</string>
	<string name="IDS_EPI_TROUBLESHOOT_REBOOT_TEXT">&lt;b dir="rtl"&gt;تلزم إعادة التشغيل لإنهاء استكشاف الأخطاء وإصلاحها. أغلق هذه النافذة وأعد تشغيل جهاز الكمبيوتر. وبعد إعادة التشغيل، قم بتشغيل برنامج التثبيت هذا مرة أخرى.&lt;/b&gt;</string>
	<string name="IDS_EPI_TROUBLESHOOT_CONTACT_TEXT">في حال وجود خطأ مستمر، اتصل بمسؤول النظام أو &lt;a {{IDS_LINK_SUPPORT}}&gt;الدعم الفني لـ ESET.&lt;/a&gt;</string>

	<string name="IDS_EPI_CFG_SIMPLE_CAPTION">إعدادات الحماية والتثبيت</string>
	<string name="IDS_EPI_CFG_RECOMMENDED_CAPTION">موصى به</string>
	<string name="IDS_EPI_CFG_SIMPLE_PUA_CAPTION">تمكين الكشف عن احتمالية وجود تطبيقات غير مرغوب فيها</string>
	<string name="IDS_EPI_CFG_SIMPLE_CEIP_CAPTION">المشاركة في برنامج تحسين تجربة العميل &lt;br/&gt; &lt;a type="command" href="gui.ceip.show" dir="rtl"&gt; ما المعلومات التي نجمعها؟&lt;/a&gt;</string>
	<string name="IDS_EPI_CFG_SIMPLE_LGF_CAPTION">تمكين نظام ملاحظات ESET LiveGrid®</string>
	<string name="IDS_EPI_CFG_SIMPLE_CEIP_TEXT">نود جمع معلومات مجهولة المصدر عن كيفية استخدام هذا المنتج. حيث ستساعدنا البيانات التي يتم جمعها في تحسين التجربة لك ولن تتم مشاركتها أبداً مع الجهات الخارجية.</string>
	<string name="IDS_EPI_CFG_SIMPLE_CONTINUE">متابعة</string>
	<string name="IDS_EPI_CFG_SIMPLE_ALL_CONTINUE">السماح للجميع والمتابعة</string>

	<string name="IDS_EPI_BANNER_CAPTION1">التجهيز للتثبيت</string>
	<string name="IDS_EPI_BANNER_DESCRIPTION1">يُرجى الانتظار بينما نقوم بتنزيل حزمة التثبيت.</string>

	<string name="IDS_EPI_BANNER_CAPTION2">التثبيت قيد التقدم</string>
	<string name="IDS_EPI_BANNER_DESCRIPTION2">أوشكت على الانتهاء! يُرجى الانتظار حتى ينتهي التثبيت.</string>

	<string name="IDS_EPI_BANNER_CAPTION3">أداء لانظير له</string>
	<string name="IDS_EPI_BANNER_DESCRIPTION3">نظام الحماية  في منتجاتنا ذات التقنية متعددة الطبقات والتي تستخدم 100 مليون جهاز تحسس هجمات ذكي موزع حول العالم لضمان حمايتك للحد الاقصى باستخدام أقل موارد ممكنة من جهازك حتى تتمتع بالسرعة والاداء  مع حمايتنا الذكية.</string>

	<string name="IDS_EPI_BANNER_CAPTION4">شكراً لك على اختيار ESET!</string>
	<string name="IDS_EPI_BANNER_DESCRIPTION4">تقنية منتجاتنا حازت على الرقم القياسي العالمي في تحقيق متوالي ومتكرر لجوائز VB100</string>

	<string name="IDS_EPI_BANNER_CAPTION5">نظام حماية سهل ومركزي التحكم</string>
	<string name="IDS_EPI_BANNER_DESCRIPTION5">بغض النظر عما إذا كنت تستخدم وحدة التحكم في الإدارة للأمان المحلي أو السحابي، ستحصل على وحدة التحكم من جزء واحد تمنحك تحكماً محسناً لجميع أمان ESET في أي وقت ومن أي مكان.</string>


</resources>
