﻿<?xml version="1.0" encoding="utf-8" ?>
<resources langname="Suomi" lcid="040b">

	<string name="IDS_EPI_INSTALL_STEP">Tervetuloa|Käyttöoikeussopimus|AV Remover|Asennus|Lopeta</string>

	<string name="IDS_EPI_ACTION_INIT">Alustetaan...</string>
	<string name="IDS_EPI_ACTION_EULA">Ladataan käyttöoikeussopimuksia...</string>
	<string name="IDS_EPI_ACTION_DUMP">Valmistellaan asennuspakettia...</string>
	<string name="IDS_EPI_ACTION_CALC">Lasketaan käytettävissä olevaa tilaa...</string>
	<string name="IDS_EPI_ACTION_DETECTAV">Tarkistetaan mahdollisesti ristiriidassa olevia sovelluksia...</string>
	<string name="IDS_EPI_ACTION_PACKAGECACHE">Viimeistellään offline-pakettia...</string>
	<string name="IDS_EPI_ACTION_CLEANUP_FOLDERS">Poistetaan kansioita...</string>
	<string name="IDS_EPI_ACTION_TROUBLESHOOTING">Vianmääritys käynnissä, tämä saattaa kestää hetken...</string>

	<string name="IDS_EPI_HOME_TITLE_EAV">Asenna ${bts.package.[0].name}</string>
	<string name="IDS_EPI_HOME_TEXT_EAV">Voit käyttää tietokonettasi töissä, vapaa-ajalla ja yhteyksien ylläpitoon – suojauksesta vastaa ESET.</string>
	<string name="IDS_EPI_HOME_TITLE_ESS">Asenna ${bts.package.[0].name}</string>
	<string name="IDS_EPI_HOME_TEXT_ESS">Voit käyttää tietokonettasi töissä, vapaa-ajalla ja yhteyksien ylläpitoon – suojauksesta vastaa ESET.</string>
	<string name="IDS_EPI_HOME_TITLE_EIS">Asenna ${bts.package.[0].name}</string>
	<string name="IDS_EPI_HOME_TEXT_EIS">Voit käyttää tietokonettasi töissä, vapaa-ajalla ja yhteyksien ylläpitoon – suojauksesta vastaa ESET.</string>
	<string name="IDS_EPI_HOME_TITLE_ESSP">Asenna ${bts.package.[0].name}</string>
	<string name="IDS_EPI_HOME_TEXT_ESSP">Voit käyttää tietokonettasi töissä, vapaa-ajalla ja yhteyksien ylläpitoon – suojauksesta vastaa ESET.</string>
	<string name="IDS_EPI_HOME_TITLE_EHS">Asenna ${bts.package.[0].name}</string>
	<string name="IDS_EPI_HOME_TEXT_EHS">Voit käyttää tietokonettasi töissä, vapaa-ajalla ja yhteyksien ylläpitoon – suojauksesta vastaa ESET.</string>
	<string name="IDS_EPI_HOME_TITLE_EEA">Asenna ${bts.package.[0].name}</string>
	<string name="IDS_EPI_HOME_SUBTITLE_EEA">Kehittynyt perustason suojaus yrityksellesi</string>
	<string name="IDS_EPI_HOME_TEXT_EEA">Palkittua ESET NOD32® -tunnistustekniikkaa käyttävä ${bts.package.[0].name} sisältää pilvipohjaisella maineentarkistusjärjestelmällä tehostetun kevyen perustason suojauksen. Voit hallinnoida kaikkea vaivattomasti täysin uusiksi suunnitellulla käyttäjäystävällisellä ESET PROTECT -verkkokonsolilla.</string>
	<string name="IDS_EPI_HOME_TITLE_EES">Asenna ${bts.package.[0].name}</string>
	<string name="IDS_EPI_HOME_SUBTITLE_EES">Täydet ominaisuudet sisältävä kehittynyt tietoturvaohjelmisto</string>
	<string name="IDS_EPI_HOME_TEXT_EES">${bts.package.[0].name} on täydet ominaisuudet sisältävä kehittynyt tietoturvaohjelmisto, jonka kattava, monikerroksinen suojaus suojaa kaikenlaisilta haittaohjelmilta. Järjestelmälle asetettavat vaatimukset ovat vähäiset, virtualisointi toimii, ja upouusi ESET PROTECT -verkkokonsoli on näppärä väline valvontaan.</string>

	<string name="IDS_EPI_HOME_TITLE_MULTI">Asenna osat</string>
	<string name="IDS_EPI_INFO_TITLE_ERAA">Tämän tietokoneen hallinnasta vastaa ESET PROTECT</string>
	<string name="IDS_EPI_BUNDLE_TITLE">Seuraavat komponentit sisältyvät tähän asennusohjelmaan</string>

	<string name="IDS_EPI_HOME_AVREMOVER_CHECK">Haluan poistaa epäyhteensopivien tietoturvatuotteiden asennuksen</string>
	<string name="IDS_EPI_HOME_NEW_VERSION_TEXT">Uudempi versio tästä tuotteesta on käytettävissä verkossa. Sen voi ladata ja asentaa automaattisesti mukana tulleen version sijaan.</string>
	<string name="IDS_EPI_HOME_NEW_VERSION_CHECKBOX">Asenna uudempi versio</string>

<string name="IDS_EPI_HOME_NEED_HELP">Tarvitsetko apua asennuksessa?</string>
	<string name="IDS_EPI_HOME_OPEN_INSTRUCTIONS">Avaa asennusohjeet</string>
	<string name="IDS_EPI_HOME_OPEN_GUIDE">Avaa käyttöopas</string>

	<string name="IDS_EPI_LOCK_PASSWORD_TITLE">ESET Security -asetukset on suojattu salasanalla</string>
	<string name="IDS_EPI_LOCK_PASSWORD_SUBTITLE">Jatka kirjoittamalla kelvollinen salasana.</string>
	<string name="IDS_EPI_LOCK_PASSWORD_TEXT">Salasana</string>
	<string name="IDS_EPI_LOCK_PASSWORD_ERROR">Väärä salasana. Voit palauttaa salasanan&lt;br/&gt;tuotteen lisäasetuksissa.</string>

	<string name="IDS_EPI_EULA_SINGLE_TITLE">Käyttöoikeussopimus</string>
	<string name="IDS_EPI_EULA_SAVEAS_FILTER">Tekstitiedostot (*.txt)|*.txt|HTML-tiedostot (*.html,*.htm)|*.html;*.htm||</string>
	<string name="IDS_EPI_EULA_BUTTON_ACCEPT">Hyväksyn</string>
	<string name="IDS_EPI_EULA_BUTTON_DECLINE">En hyväksy</string>
	<string name="IDS_EPI_EULA_DECLINE">Käyttöoikeussopimuksen hylkääminen sulkee asennusohjelman. Oletko varma, että haluat tehdä sen?</string>

	<string name="IDS_EPI_DETECTAV_TITLE">Tarkistetaan</string>
	<string name="IDS_EPI_DETECTAV_TEXT01">Löytyi muita tietoturvatuotteita</string>
	<string name="IDS_EPI_DETECTAV_TEXT02">Kahden tietoturvaratkaisun suorittaminen samaan aikaan voi aiheuttaa epävakautta. Ratkaise tämä ongelma poistamalla järjestelmässä olevan ristiriitaisen tietoturvaohjelmiston asennus.</string>
	<string name="IDS_EPI_DETECTAV_UNINSTALL">Muiden virustentorjuntaohjelmien asennuksen poistaminen</string>

	<string name="IDS_EPI_PACKAGECACHE_TITLE">Lataa komponentit valmiiksi</string>
	<string name="IDS_EPI_PACKAGECACHE_TEXT">Lataa tähän asennusohjelmapakettiin (Live Installer) kuuluvat komponentit valmiiksi, niin voit nopeuttaa käyttöönottoprosessia, jos Internet-yhteyttä on rajoitettu.</string>
	<string name="IDS_EPI_PACKAGECACHE_HOW01">&lt;b&gt;Napsauta latauspainiketta&lt;/b&gt;, niin %1 luodaan, ladataan ja tallennetaan tietokoneeseen.</string>
	<string name="IDS_EPI_PACKAGECACHE_HOW02">&lt;b&gt;Kopioi %1 ja %2 samaan kansioon.&lt;/b&gt; Voit käyttää jaettua verkkoresurssia tai USB-levyä.</string>
	<string name="IDS_EPI_PACKAGECACHE_HOW03">&lt;b&gt;Suorita %2 jaetusta kansiosta tai USB-levyltä missä tahansa tietokoneessa.&lt;/b&gt; %2 käyttää valmiiksi ladattuja komponentteja lataamatta niitä uudelleen.</string>

	<string name="IDS_EPI_DOWNLOAD_PACKAGE_SINGLE">Ladataan...</string>
	<string name="IDS_EPI_DOWNLOAD_PACKAGE_MULTI">Ladataan kohdetta %1...</string>

	<string name="IDS_EPI_CFG_LGF_CAPTION_CONSUMER">Määrässä on voimaa. Hanki paras mahdollinen suojaus.</string>
	<string name="IDS_EPI_CFG_LGF_TEXT_CONSUMER">ESET LiveGrid® -palautejärjestelmän avulla saamme kerättyä tietoja epäilyttävistä kohteista, jotka käsittelemme automaattisesti ja luomme näin tunnistusmekanismeja pilvijärjestelmäämme. Otamme ne sitten heti käyttöön, mikä takaa parhaan mahdollisen suojauksen asiakkaillemme.</string>
	<string name="IDS_EPI_CFG_LGF_CAPTION_BUSINESS">Auta meitä parantamaan tietoturvaa entisestään.</string>
	<string name="IDS_EPI_CFG_LGF_TEXT_BUSINESS">ESET LiveGrid® -palautejärjestelmän yli 100 miljoonan eri puolilla maailmaa toimivan sensorin avulla saamme kerättyä tietoja epäilyttävistä kohteista, jotka käsittelemme automaattisesti ja luomme näin tunnistusmekanismeja pilvijärjestelmäämme. Otamme ne sitten heti käyttöön, mikä takaa parhaan mahdollisen suojauksen asiakkaillemme.</string>
	<string name="IDS_EPI_CFG_LGF_ENABLE">Ota ESET LiveGrid® -palautejärjestelmä käyttöön (suositus)</string>
	<string name="IDS_EPI_CFG_LGF_DISABLE">Poista ESET LiveGrid® -palautejärjestelmä käytöstä</string>

	<string name="IDS_EPI_CFG_PUA_CAPTION">Mahdollisesti ei-toivottujen sovellusten tunnistus</string>
	<string name="IDS_EPI_CFG_PUA_TEXT">ESET voi tunnistaa &lt;a {{IDS_HELP_PUA_LINK}}&gt;mahdollisesti ei-toivotut sovellukset&lt;/a&gt; ja pyytää vahvistusta ennen niiden asentamista. Mahdollisesti ei-toivotut sovellukset eivät välttämättä aiheuta tietoturvariskiä, mutta ne saattavat vaikuttaa tietokoneen suorituskykyyn, nopeuteen ja luotettavuuteen tai aiheuttaa muutoksia toimintaan. Niiden asennus edellyttää yleensä käyttäjän lupaa.</string>
	<string name="IDS_EPI_CFG_PUA_ENABLE">Ota mahdollisesti ei-toivottujen sovellusten tunnistus käyttöön</string>
	<string name="IDS_EPI_CFG_PUA_DISABLE">Poista mahdollisesti ei-toivottujen sovellusten tunnistus käytöstä</string>

	<string name="IDS_EPI_CFG_CEIP_CAPTION">Osallistu asiakaskokemuksen parannusohjelmaan</string>
	<string name="IDS_EPI_CFG_CEIP_TEXT">Haluaisimme kerätä anonyymiä tietoa siitä, miten tätä tuotetta käytetään. Kerättyjen tietojen avulla voimme parantaa käyttökokemustasi. Tietoja ei koskaan jaeta kolmansien osapuolten käyttöön.&lt;a type="command" href="gui.ceip.show"&gt; Mitä tietoja keräämme?&lt;/a&gt;</string>
	<string name="IDS_EPI_CFG_CEIP_YES">Kyllä, haluan osallistua ohjelmaan (suositus)</string>
	<string name="IDS_EPI_CFG_CEIP_NO">Ei, en halua osallistua ohjelmaan</string>

	<string name="IDS_EPI_CFG_EULA_CAPTION">Käyttöoikeussopimus</string>
	<string name="IDS_EPI_CFG_EULA_DESCRIPTION">Napsauttamalla mitä tahansa alla olevista Jatka-painikkeista, hyväksyt &lt;a {{IDS_LINK_SHOW_EULA}}&gt;Loppukäyttäjän käyttöoikeussopimuksen&lt;/a&gt; ja ilmoitat tutustuneesi &lt;a {{IDS_LINK_SHOW_PRIVACY_POLICY}}&gt;Tietosuojakäytäntöön&lt;/a&gt;.</string>
	<string name="IDS_EPI_CFG_EULA_MSGBOX_OK">OK</string>
	<string name="IDS_EPI_CFG_EULA_MSGBOX_NOT_AGREE">En hyväksy</string>
	<string name="IDS_EPI_CFG_EULA_MSGBOX_SAVE">Tallenna</string>

	<string name="IDS_EPI_CFG_BUTTON_ADVANCED">Vaihda asennuskansio</string>
	<string name="IDS_EPI_CFG_FOLDERS_INSTALL">Tuotteen kansio:</string>
	<string name="IDS_EPI_CFG_FOLDERS_DATA">Tietojen kansio:</string>
	<string name="IDS_EPI_CFG_FOLDERS_MODULE">Moduulin kansio:</string>
	<string name="IDS_EPI_CFG_FOLDERS_VALIDATOR_INVALID">Virheellinen kansio valittu.</string>

	<string name="IDS_EPI_CFG_ALREADY_CONFIGURED">Asennusasetukset on jo määritetty.</string>

	<string name="IDS_EPI_NONEMPTY_FOLDER_WARNING_TITLE">Asennuskansion on oltava tyhjä</string>
	<string name="IDS_EPI_NONEMPTY_FOLDER_WARNING_MESSAGE_SINGULAR">Asennuksen jatkaminen edellyttää, että aiempi kansio poistetaan:</string>
	<string name="IDS_EPI_NONEMPTY_FOLDER_WARNING_MESSAGE_PLURAL">Asennuksen jatkaminen edellyttää, että aiemmat kansiot poistetaan:</string>
	<string name="IDS_EPI_NONEMPTY_FOLDER_QUESTION">&lt;b&gt;Hyväksytkö kansioiden poistamisen ja asennuksen jatkamisen?&lt;/b&gt;</string>

	<string name="IDS_EPI_DISKSPACE_TITLE">Levytila ei riitä</string>
	<string name="IDS_EPI_DISKSPACE_TEXT01">Levytila ei riitä. Korostetuissa asemissa ei ole tarpeeksi tilaa asennukseen. Tarkista käytettävissä oleva levytila ja yritä uudelleen.</string>
	<string name="IDS_EPI_DISKSPACE_HEADER01">Asema</string>
	<string name="IDS_EPI_DISKSPACE_HEADER02">Kapasiteetti</string>
	<string name="IDS_EPI_DISKSPACE_HEADER03">Vapaa tila</string>
	<string name="IDS_EPI_DISKSPACE_HEADER04">Tarvittava tila</string>

	<string name="IDS_EPI_INSTALL_PACKAGE_SINGLE">Asennetaan...</string>
	<string name="IDS_EPI_INSTALL_PACKAGE_MULTI">Asennetaa kohdetta %1...</string>

	<string name="IDS_EPI_DONE_TITLE">Asennus onnistui</string>
	<string name="IDS_EPI_DONE_TEXT01">${bts.package.[${bts.var.package.default}].name} on asennettu tietokoneeseen. Tietokoneesi tarkistetaan jatkuvasti virusten ja haittaohjelmien varalta. &lt;br/&gt; &lt;br/&gt; Kiitos, että valintasi on ESET! &lt;br/&gt; &lt;br/&gt; &lt;br/&gt; Valitse &lt;i&gt;Valmis&lt;/i&gt;, jos haluat viimeistellä tuotteen asennuksen.</string>
	<string name="IDS_EPI_DONE_TEXT01_EPI">Kaikki paketit on asennettu tietokoneeseen onnistuneesti. &lt;br/&gt; &lt;br/&gt; Viimeistele tuoteasennus valitsemalla &lt;i&gt;Valmis&lt;/i&gt;.</string>
		<string name="IDS_EPI_DONE_PACKAGECACHE_CAPTION">%1 ja %2 on asetettava samaan kansioon suorittamista varten.</string>
	<string name="IDS_EPI_DONE_PACKAGECACHE_DESCRIPTION">%1 ladattiin ja tallennettiin seuraavaan kansioon:&lt;br/&gt;</string>

	<string name="IDS_EPI_FAIL_FAILED_TITLE">Asennus epäonnistui</string>
	<string name="IDS_EPI_FAIL_FINISH_TITLE">Asennus on valmis</string>
	<string name="IDS_EPI_FAIL_KNOWLEDGEBASE">Hae ratkaisua ESETin tietämyskannasta.</string>
	<string name="IDS_EPI_FAIL_TROUBLESHOOT">Suorita vianmääritys</string>
	<string name="IDS_EPI_FAIL_TS_LINK">Ota yhteyttä ESETin tekniseen tukeen</string>
	<string name="IDS_EPI_FAIL_RESTART">Käynnistä tietokone uudelleen</string>

	<string name="IDS_EPI_FAIL_TITLE_OS">Vanhentunut Microsoft Windows -versio</string>
	<string name="IDS_EPI_FAIL_TEXT_OS_OUTDATED">ESET Security ei tue vanhentunutta Microsoft Windows -versiota. Lopeta asennus valitsemalla Sulje.</string>
	<string name="IDS_EPI_FAIL_TEXT_OS_NOT_SUPPORTED">Tätä tuotetta ei enää tueta vanhentuneessa Microsoft Windows -versiossasi. &lt;a {{IDS_LINK_PRODUCT_OPTIONS}}&gt;Katso, mitä voit tehdä&lt;/a&gt;</string>
	<string name="IDS_EPI_FAIL_TEXT_OS_NOT_SUPPORTED_BUSINESS">Tätä tuotetta ei enää tueta Microsoft Windowsin vanhentuneessa versiossasi.</string>

	<string name="IDS_EPI_FAIL_TITLE_EULA_REJECTED">Käyttöoikeussopimus</string>
	<string name="IDS_EPI_FAIL_TEXT_EULA_REJECTED">Loppukäyttäjän käyttöoikeussopimusta ei hyväksytty.</string>

	<string name="IDS_EPI_FAIL_TITLE_CONNECTION">Yhteysvirhe</string>
	<string name="IDS_EPI_FAIL_TEXT_CONNECTION">Internet-yhteytesi ei ilmeisesti toimi. Tuotetta ei voi asentaa. &lt;a {{IDS_LINK_INTERNET_SETTINGS}}&gt;Tarkista Internet-yhteytesi&lt;/a&gt; ja yritä asennusta uudelleen.&lt;br/&gt;&lt;br/&gt;Onko käytössäsi välityspalvelin? Muuta välityspalvelimen asetuksiasi ja yritä uudelleen.</string>
	<string name="IDS_EPI_FAIL_TEXT_CONNECTION_EPI">Internet-yhteytesi ei ilmeisesti toimi. Paketteja ei voi asentaa. &lt;a {{IDS_LINK_INTERNET_SETTINGS}}&gt;Tarkista Internet-yhteytesi&lt;/a&gt; ja yritä asennusta uudelleen.&lt;br/&gt;&lt;br/&gt;Onko käytössäsi välityspalvelin? Muuta välityspalvelimen asetuksiasi ja yritä uudelleen.</string>

	<string name="IDS_EPI_FAIL_TITLE_DOWNLOAD_ERROR">Latausvirhe</string>
	<string name="IDS_EPI_FAIL_TEXT_DOWNLOAD_ERROR">Virhe ladattaessa tietoja palvelimesta. Tarkista verkkoyhteys ja yritä uudelleen.&lt;br/&gt;&lt;br/&gt;Jos ongelmia ilmenee edelleen, käy osoitteessa &lt;a {{IDS_LINK_OFFLINE_INSTALLER}}&gt;www.eset.com&lt;/a&gt; ja lataa offline-asennusohjelma.</string>
	<string name="IDS_EPI_FAIL_TEXT_DOWNLOAD_ERROR_EPI">Virhe ladattaessa tietoja palvelimesta. Tarkista verkkoyhteys ja yritä uudelleen.</string>

	<string name="IDS_EPI_FAIL_TITLE_INVALID_SERVER_RESPONSE">Virheellinen vastaus</string>
	<string name="IDS_EPI_FAIL_TEXT_INVALID_SERVER_RESPONSE">Virheellinen vastaus palvelimesta.</string>

	<string name="IDS_EPI_FAIL_TITLE_INVALID_INSTALLER">Virheellinen asennusohjelma</string>
	<string name="IDS_EPI_FAIL_TEXT_INVALID_INSTALLER">Tämä asennusohjelma ei ole enää voimassa, vaan se vaihdettava. Lataa uusi asennusohjelma ja asenna tämä tuote.</string>
	<string name="IDS_EPI_FAIL_TEXT_INVALID_INSTALLER_EPI">Tämä asennusohjelma ei ole enää voimassa, vaan se vaihdettava. Luo uusi asennusohjelma tai pyydä järjestelmänvalvojaa asentamaan tämä tuote.</string>

	<string name="IDS_EPI_FAIL_TITLE_VERSIONCHECK_NO_PACKAGES">Yhteensopivaa pakettia ei löydy</string>
	<string name="IDS_EPI_FAIL_TEXT_VERSIONCHECK_NO_PACKAGES">Palvelimessa ei ole yhteensopivaa asennuspakettia. Käy osoitteessa &lt;a {{IDS_LINK_OFFLINE_INSTALLER}}&gt;www.eset.com&lt;/a&gt; ja lataa offline-asennusohjelma.</string>
	<string name="IDS_EPI_FAIL_TEXT_VERSIONCHECK_NO_PACKAGES_EPI">Tämä asennusohjelma ei ole enää voimassa, vaan se vaihdettava. Luo uusi asennusohjelma tai pyydä järjestelmänvalvojaa asentamaan tämä tuote.</string>

	<string name="IDS_EPI_FAIL_TITLE_INCOMPATIBLE_OS">Epäyhteensopiva käyttöjärjestelmä</string>
	<string name="IDS_EPI_FAIL_TEXT_INCOMPATIBLE_OS">${bts.package.[${bts.var.package.current}].name} ei toimi käyttöjärjestelmissäsi. Lataa ja asenna tuote osoitteesta &lt;a {{IDS_LINK_OFFLINE_INSTALLER}}&gt;www.eset.com&lt;/a&gt;.</string>
	<string name="IDS_EPI_FAIL_TEXT_INCOMPATIBLE_OS_EPI">${bts.package.[${bts.var.package.current}].name} ei toimi käyttöjärjestelmässäsi.</string>

	<string name="IDS_EPI_FAIL_TITLE_INCOMPATIBLE_PACKAGE_X32">Paketti ei ole yhteensopiva</string>
	<string name="IDS_EPI_FAIL_TEXT_INCOMPATIBLE_PACKAGE_X32">Tämä asennuspaketti on tarkoitettu 32-bittisille käyttöjärjestelmille. Käytä 64-bittisille käyttöjärjestelmille tarkoitettua asennuspakettia.</string>

	<string name="IDS_EPI_FAIL_TITLE_INCOMPATIBLE_PACKAGE_X64">Paketti ei ole yhteensopiva</string>
	<string name="IDS_EPI_FAIL_TEXT_INCOMPATIBLE_PACKAGE_X64">Tämä asennuspaketti on tarkoitettu 64-bittisille käyttöjärjestelmille. Käytä 32-bittisille käyttöjärjestelmille tarkoitettua asennuspakettia.</string>

	<string name="IDS_EPI_FAIL_TITLE_INCOMPATIBLE_PRODUCT_INSTALLED">Epäyhteensopiva tuote asennettu</string>
	<string name="IDS_EPI_FAIL_TEXT_INCOMPATIBLE_PRODUCT_INSTALLED">Epäyhteensopiva {PRODUCT} on jo asennettu. Poista sen asennus manuaalisesti ja aloita asennus uudelleen.</string>

	<string name="IDS_EPI_FAIL_TITLE_NEWER_VERSION_NOT_AVAILABLE">Uusin versio on jo asennettu</string>
	<string name="IDS_EPI_FAIL_TEXT_NEWER_VERSION_NOT_AVAILABLE">Tuotteen ${bts.package.[${bts.var.package.default}].name} uusin versio on jo asennettu tähän tietokoneeseen.</string>

	<string name="IDS_EPI_FAIL_TITLE_REFERRAL">Tuotetta ei voi asentaa</string>
	<string name="IDS_EPI_FAIL_TEXT_REFERRAL">Tätä tuotetta ei voi asentaa, sillä jokin toinen ESET-tuote on jo asennettu tähän laitteeseen.</string>
	<string name="IDS_EPI_FAIL_TEXT_REFERRAL_UPGRADE">Nykyinen ESET-versiosi on vanhentunut, eikä se enää takaa sinulle parasta mahdollista suojausta.&lt;br/&gt;&lt;b&gt;Paranna suojaustasi päivittämällä uusimpaan versioon MAKSUTTA.&lt;/b&gt;</string>

	<string name="IDS_EPI_FAIL_TITLE_PACKAGE_NOT_FOUND">Pakettia ei löydy</string>
	<string name="IDS_EPI_FAIL_TEXT_PACKAGE_NOT_FOUND">Tuotteen {PRODUCT} asennuspakettia ei löytynyt.</string>

	<string name="IDS_EPI_FAIL_TITLE_PACKAGE_CORRUPTED">Paketti on vioittunut</string>
	<string name="IDS_EPI_FAIL_TEXT_PACKAGE_CORRUPTED">Tuotteen {PRODUCT} asennuspaketti on vioittunut.</string>

	<string name="IDS_EPI_FAIL_TITLE_INSTALL_OUT_OF_SPACE">Levytila ei riitä</string>
	<string name="IDS_EPI_FAIL_TEXT_INSTALL_OUT_OF_SPACE">Levytila ei riitä tuotteen ${bts.package.[${bts.var.package.default}].name} asennuksen viimeistelemiseen.&lt;br/&gt;&lt;br/&gt;Varmista, että käytettävissä on vähintään %u Mt ja yritä uudelleen.</string>
	<string name="IDS_EPI_FAIL_TEXT_INSTALL_OUT_OF_SPACE_EPI">Levytila ei riitä kaikkien pakettien asennuksen viimeistelemiseen.&lt;br/&gt;&lt;br/&gt;Varmista, että käytettävissä on vähintään %u Mt ja yritä uudelleen.</string>

	<string name="IDS_EPI_FAIL_TITLE_SETUP">Asennus ei onnistunut</string>
	<string name="IDS_EPI_FAIL_TEXT_SETUP">${bts.package.[${bts.var.package.current}].name} ei asentunut oikein. Järjestelmää ei ole ehkä suojattu tietokoneuhilta. Asenna ${bts.package.[${bts.var.package.current}].name} uudelleen.</string>
	<string name="IDS_EPI_FAIL_TEXT_SETUP_TROUBLESHOOT">Virhe asennettaessa ESET-tuotetta laitteeseesi. Suosittelemme suorittamaan vianmäärityksen. Vianmääritys ratkaisee ongelman, jos se on mahdollista.</string>
	<string name="IDS_EPI_FAIL_TEXT_SETUP_EPI">Tuotteen ${bts.package.[${bts.var.package.current}].name} asennusta ei ole viimeistelty. Järjestelmää ei ole ehkä suojattu tietokoneuhilta. Jos haluat asentaa kaikki paketit tietokoneelle, suorita asennus uudelleen.</string>
	<string name="IDS_EPI_FAIL_TEXT_SETUP_ERROR_CODE">Virhekoodi: %s</string>

	<string name="IDS_EPI_FAIL_TITLE_ABORT">Käyttäjä on keskeyttänyt asennuksen</string>
	<string name="IDS_EPI_FAIL_TEXT_ABORT">Käyttäjä on keskeyttänyt tuotteen ${bts.package.[${bts.var.package.default}].name} asennuksen. Asenna ${bts.package.[${bts.var.package.default}].name} uudelleen.</string>
	<string name="IDS_EPI_FAIL_TEXT_ABORT_EPI">Käyttäjä on keskeyttänyt asennuksen. Jos haluat asentaa kaikki paketit tietokoneeseesi, suorita asennus uudelleen.</string>

	<string name="IDS_EPI_FAIL_TITLE_INTERNAL_ERROR">Sisäinen virhe</string>
	<string name="IDS_EPI_FAIL_TEXT_INTERNAL_ERROR">Sisäinen virhe. Yritä uudelleen ja aloita asennus alusta.</string>

	<string name="IDS_EPI_TROUBLESHOOT_FINISH_TITLE">Vianmääritys on valmis</string>
	<string name="IDS_EPI_TROUBLESHOOT_SUCCESS_TITLE">Vianmääritys onnistui</string>
	<string name="IDS_EPI_TROUBLESHOOT_FAILED_TITLE">Vianmääritys ei onnistunut</string>
	<string name="IDS_EPI_TROUBLESHOOT_TEXT">&lt;b&gt;Suosittelemme, että suljet tämän ikkunan ja käynnistät tietokoneesi uudelleen. Suorita tämän asennusohjelma uudelleen, kun olet käynnistänyt tietokoneen uudelleen.&lt;/b&gt;</string>
	<string name="IDS_EPI_TROUBLESHOOT_REBOOT_TEXT">&lt;b&gt;Vianmäärityksen viimeisteleminen edellyttää uudelleenkäynnistystä. Sulje tämä ikkuna ja käynnistä tietokoneesi uudelleen. Suorita asennusohjelma uudelleen, kun olet käynnistänyt tietokoneen uudelleen.&lt;/b&gt;</string>
	<string name="IDS_EPI_TROUBLESHOOT_CONTACT_TEXT">Jos virhe ei häviä, ota yhteys järjestelmänvalvojaan tai &lt;a {{IDS_LINK_SUPPORT}}&gt;ESETin tekniseen tukeen&lt;/a&gt;.</string>

	<string name="IDS_EPI_CFG_SIMPLE_CAPTION">Suojaus- ja asennusasetukset</string>
	<string name="IDS_EPI_CFG_RECOMMENDED_CAPTION">Suositus</string>
	<string name="IDS_EPI_CFG_SIMPLE_PUA_CAPTION">Ota mahdollisesti ei-toivottujen sovellusten tunnistus käyttöön</string>
	<string name="IDS_EPI_CFG_SIMPLE_CEIP_CAPTION">Osallistu asiakaskokemuksen parannusohjelmaan &lt;br/&gt; &lt;a type="command" href="gui.ceip.show"&gt; Mitä tietoja keräämme?&lt;/a&gt;</string>
	<string name="IDS_EPI_CFG_SIMPLE_LGF_CAPTION">Ota ESET LiveGrid® -palautejärjestelmä käyttöön</string>
	<string name="IDS_EPI_CFG_SIMPLE_CEIP_TEXT">Haluaisimme kerätä anonyymiä tietoa siitä, miten tätä tuotetta käytetään. Kerättyjen tietojen avulla voimme parantaa käyttökokemustasi. Tietoja ei koskaan jaeta kolmansien osapuolten käyttöön.</string>
	<string name="IDS_EPI_CFG_SIMPLE_CONTINUE">Jatka</string>
	<string name="IDS_EPI_CFG_SIMPLE_ALL_CONTINUE">Salli kaikki ja jatka</string>

	<string name="IDS_EPI_BANNER_CAPTION1">Valmistellaan asennusta</string>
	<string name="IDS_EPI_BANNER_DESCRIPTION1">Odota, kun lataamme asennuspakkauksen.</string>

	<string name="IDS_EPI_BANNER_CAPTION2">Asennus käynnissä</string>
	<string name="IDS_EPI_BANNER_DESCRIPTION2">Melkein valmista! Odota, että asennus viimeistellään.</string>

	<string name="IDS_EPI_BANNER_CAPTION3">Suorituskykyä vailla vertaa</string>
	<string name="IDS_EPI_BANNER_DESCRIPTION3">ESET:n monikerrosteknologia käyttää hyväkseen 100 miljoonaa tunnistinta ympäri maailman, jotta sinä voit olla varma että käytössäsi on maksimaalinen suojaustaso pienimmällä mahdollisella käyttökuormalla.</string>

	<string name="IDS_EPI_BANNER_CAPTION4">Kiitos, että valintasi on ESET!</string>
	<string name="IDS_EPI_BANNER_DESCRIPTION4">ESET NOD32® teknologia pitää hallussaan perättäisten ja kumulatiivisten testien maailmanennätystä VB100 palkinnoissa.</string>

	<string name="IDS_EPI_BANNER_CAPTION5">Helppo, keskitetty IT ympäristön hallinta</string>
	<string name="IDS_EPI_BANNER_DESCRIPTION5">Riippumatta siitä, käytätkö pilvipohjaista vai paikallista hallintakonsolia, saat käyttöösi yhden ruudun hallintaliittymän, jolla voit paremmin hallita kaikkia ESET tuotteitasi missä ja milloin tahansa.</string>


</resources>
