﻿<?xml version="1.0" encoding="utf-8" ?>
<resources langname="ไทย (Thai)" lcid="041e">

	<string name="IDS_EPI_INSTALL_STEP">ยินดีต้อนรับ|ข้อตกลงการอนุญาตใช้งาน|AV Remover|การติดตั้ง|สิ้นสุด</string>

	<string name="IDS_EPI_ACTION_INIT">กำลังเริ่มต้น...</string>
	<string name="IDS_EPI_ACTION_EULA">กำลังดาวน์โหลด EULA...</string>
	<string name="IDS_EPI_ACTION_DUMP">กำลังเตรียมการติดตั้งแพ็คเกจ...</string>
	<string name="IDS_EPI_ACTION_CALC">กำลังคำนวนพื้นที่ว่าง...</string>
	<string name="IDS_EPI_ACTION_DETECTAV">กำลังตรวจสอบหาแอพพลิเคชันที่อาจขัดแย้งกันได้...</string>
	<string name="IDS_EPI_ACTION_PACKAGECACHE">กำลังดำเนินการแพ็คเกจออฟไลน์ขั้นสุดท้าย ...</string>
	<string name="IDS_EPI_ACTION_CLEANUP_FOLDERS">กำลังลบโฟลเดอร์ ...</string>
	<string name="IDS_EPI_ACTION_TROUBLESHOOTING">กำลังแก้ไขปัญหา อาจใช้เวลาสักครู่ ...</string>

	<string name="IDS_EPI_HOME_TITLE_EAV">ติดตั้ง ${bts.package.[0].name}</string>
	<string name="IDS_EPI_HOME_TEXT_EAV">เพลิดเพลินไปกับการใช้คอมพิวเตอร์ในการทำงาน เล่นเกม และเชื่อมต่อ - ที่ได้รับการป้องกันโดย ESET</string>
	<string name="IDS_EPI_HOME_TITLE_ESS">ติดตั้ง ${bts.package.[0].name}</string>
	<string name="IDS_EPI_HOME_TEXT_ESS">เพลิดเพลินไปกับการใช้คอมพิวเตอร์ในการทำงาน เล่นเกม และเชื่อมต่อ - ที่ได้รับการป้องกันโดย ESET</string>
	<string name="IDS_EPI_HOME_TITLE_EIS">ติดตั้ง ${bts.package.[0].name}</string>
	<string name="IDS_EPI_HOME_TEXT_EIS">เพลิดเพลินไปกับการใช้คอมพิวเตอร์ในการทำงาน เล่นเกม และเชื่อมต่อ - ที่ได้รับการป้องกันโดย ESET</string>
	<string name="IDS_EPI_HOME_TITLE_ESSP">ติดตั้ง ${bts.package.[0].name}</string>
	<string name="IDS_EPI_HOME_TEXT_ESSP">เพลิดเพลินไปกับการใช้คอมพิวเตอร์ในการทำงาน เล่นเกม และเชื่อมต่อ - ที่ได้รับการป้องกันโดย ESET</string>
	<string name="IDS_EPI_HOME_TITLE_EHS">ติดตั้ง ${bts.package.[0].name}</string>
	<string name="IDS_EPI_HOME_TEXT_EHS">เพลิดเพลินไปกับการใช้คอมพิวเตอร์ในการทำงาน เล่นเกม และเชื่อมต่อ - ที่ได้รับการป้องกันโดย ESET</string>
	<string name="IDS_EPI_HOME_TITLE_EEA">ติดตั้ง ${bts.package.[0].name}</string>
	<string name="IDS_EPI_HOME_SUBTITLE_EEA">การป้องกันเส้นบรรทัดขั้นสูงสำหรับธุรกิจของคุณ</string>
	<string name="IDS_EPI_HOME_TEXT_EEA">${bts.package.[0].name} มาพร้อมกับเทคโนโลยีการตรวจหา ESET NOD32® ที่ชนะรางวัลมาแล้ว และจะมอบการป้องกันเส้นบรรทัดขั้นสูงขนาดเล็กให้แก่ธุรกิจของคุณ ซึ่งเสริมโดยระบบความเชื่อถือที่อ้างอิงคลาวด์ของเรา ควบคุมทุกสิ่งได้อย่างง่ายดายด้วยเว็บคอนโซล ESET PROTECT ที่ใช้งานง่ายและผ่านการออกแบบใหม่หมดของเรา</string>
	<string name="IDS_EPI_HOME_TITLE_EES">ติดตั้ง ${bts.package.[0].name}</string>
	<string name="IDS_EPI_HOME_SUBTITLE_EES">ชุดโปรแกรมรักษาความปลอดภัยขั้นสูงที่ครบครันสำหรับคุณ</string>
	<string name="IDS_EPI_HOME_TEXT_EES">${bts.package.[0].name} เป็นชุดโปรแกรมรักษาความปลอดภัยขั้นสูงที่ครบครันของคุณซึ่งจะมอบการป้องกันหลายชั้นที่ครอบคลุม ให้การป้องกันจากมัลแวร์ทุกชนิด เพลิดเพลินไปกับการสนับสนุนและควบคุมดูแลแบบเสมือนที่ใช้ทรัพยากรระบบเพียงเล็กน้อยผ่านเว็บคอนโซล ESET PROTECT แบบใหม่หมดจด</string>

	<string name="IDS_EPI_HOME_TITLE_MULTI">ติดตั้งคอมโพเนนต์</string>
	<string name="IDS_EPI_INFO_TITLE_ERAA">คอมพิวเตอร์เครื่องนี้จะถูกจัดการโดย ESET PROTECT</string>
	<string name="IDS_EPI_BUNDLE_TITLE">องค์ประกอบต่อไปนี้จะรวมอยู่ในโปรแกรมติดตั้งนี้</string>

	<string name="IDS_EPI_HOME_AVREMOVER_CHECK">ฉันต้องการลบการติดตั้งผลิตภัณฑ์รักษาความปลอดภัยที่ไม่สามารถทำงานร่วมกันได้</string>
	<string name="IDS_EPI_HOME_NEW_VERSION_TEXT">เวอร์ชันที่ใหม่กว่าของผลิตภัณฑ์นี้สามารถใช้งานได้ในออนไลน์และสามารถดาวน์โหลดและติดตั้งแทนเวอร์ชันที่มีให้ได้</string>
	<string name="IDS_EPI_HOME_NEW_VERSION_CHECKBOX">ติดตั้งเวอร์ชันที่ใหม่กว่า</string>

<string name="IDS_EPI_HOME_NEED_HELP">ต้องการความช่วยเหลือเกี่ยวกับการติดตั้งใช่หรือไม่</string>
	<string name="IDS_EPI_HOME_OPEN_INSTRUCTIONS">เปิดคำแนะนำในการติดตั้ง</string>
	<string name="IDS_EPI_HOME_OPEN_GUIDE">เปิดคู่มือผู้ใช้</string>

	<string name="IDS_EPI_LOCK_PASSWORD_TITLE">การตั้งค่า ESET Security มีการป้องกันด้วยรหัสผ่าน</string>
	<string name="IDS_EPI_LOCK_PASSWORD_SUBTITLE">โปรดป้อนรหัสผ่านที่ถูกต้องเพื่อดำเนินการต่อ</string>
	<string name="IDS_EPI_LOCK_PASSWORD_TEXT">รหัสผ่าน</string>
	<string name="IDS_EPI_LOCK_PASSWORD_ERROR">รหัสผ่านไม่ถูกต้อง คุณสามารถกู้คืนรหัสผ่านได้&lt;br/&gt;ในการตั้งค่าผลิตภัณฑ์ขั้นสูง</string>

	<string name="IDS_EPI_EULA_SINGLE_TITLE">ข้อตกลงการอนุญาตสำหรับผู้ใช้ปลายทาง</string>
	<string name="IDS_EPI_EULA_SAVEAS_FILTER">ข้อความ (*.txt)|*.txt|HTML (*.html,*.htm)|*.html;*.htm||</string>
	<string name="IDS_EPI_EULA_BUTTON_ACCEPT">ฉันยอมรับ</string>
	<string name="IDS_EPI_EULA_BUTTON_DECLINE">ฉันไม่ยอมรับ</string>
	<string name="IDS_EPI_EULA_DECLINE">การที่ข้อตกลงการอนุญาตให้ใช้สิทธิลดลงจะปิดโปรแกรมติดตั้ง คุณแน่ใจหรือไม่ว่าคุณต้องการทำสิ่งนี้</string>

	<string name="IDS_EPI_DETECTAV_TITLE">กำลังสแกน</string>
	<string name="IDS_EPI_DETECTAV_TEXT01">พบผลิตภัณฑ์รักษาความปลอดภัยอื่น</string>
	<string name="IDS_EPI_DETECTAV_TEXT02">การเรียกใช้โซลูชั่นด้านความปลอดภัยสองรายการในเวลาเดียวกันอาจทำให้ไม่เสถียร แก้ไขปัญหานี้โดยการถอนการติดตั้งซอฟต์แวร์ความปลอดภัยที่ขัดแย้งกันที่มีอยู่ในระบบของคุณ</string>
	<string name="IDS_EPI_DETECTAV_UNINSTALL">วิธีถอนการติดตั้งซอฟต์แวร์ป้องกันไวรัสชนิดอื่น</string>

	<string name="IDS_EPI_PACKAGECACHE_TITLE">ดาวน์โหลดองค์ประกอบก่อน</string>
	<string name="IDS_EPI_PACKAGECACHE_TEXT">ดาวน์โหลดองค์ประกอบก่อนจะอยู่ในแพ็คเกจโปรแกรมติดตั้ง (โปรแกรมติดตั้งที่ใช้งานออนไลน์) เพื่อเร่งความเร็วขั้นตอนการปรับใช้เมื่อคุณมีการเชื่อมต่ออินเทอร์เน็ตจำกัด</string>
	<string name="IDS_EPI_PACKAGECACHE_HOW01">&lt;b&gt;คลิกปุ่มดาวน์โหลด&lt;/b&gt; และ %1 จะถูกสร้าง ดาวน์โหลด และบันทึกลงในคอมพิวเตอร์ของคุณ</string>
	<string name="IDS_EPI_PACKAGECACHE_HOW02">&lt;b&gt;คัดลอก %1 และ %2 ไว้ในโฟลเดอร์เดียวกัน &lt;/b&gt; คุณสามารถใช้พื้นที่ว่างของเครือข่ายที่ใช้ร่วมกันหรือไดรฟ์ USB ได้</string>
	<string name="IDS_EPI_PACKAGECACHE_HOW03">&lt;b&gt;เรียกใช้ %2 ในคอมพิวเตอร์เครื่องใดก็ได้จากโฟลเดอร์ที่ใช้ร่วมกันหรือไดรฟ์ USB&lt;/b&gt; %2 จะใช้องค์ประกอบที่ดาวน์โหลดก่อนแล้วโดยไม่ต้องดาวน์โหลดใหม่อีกครั้ง</string>

	<string name="IDS_EPI_DOWNLOAD_PACKAGE_SINGLE">กำลังดาวน์โหลด…</string>
	<string name="IDS_EPI_DOWNLOAD_PACKAGE_MULTI">กำลังดาวน์โหลด %1 ...</string>

	<string name="IDS_EPI_CFG_LGF_CAPTION_CONSUMER">ยิ่งมากก็ยิ่งทรงประสิทธิภาพ รับการป้องกันระดับสูงสุด</string>
	<string name="IDS_EPI_CFG_LGF_TEXT_CONSUMER">ระบบตรวจสอบความน่าเชื่อถือไฟล์ ESET LiveGrid® อนุญาตให้เราเก็บรวบรวมสถิติและข้อมูลเกี่ยวกับวัตถุที่น่าสงสัย ซึ่งเราจะดำเนินการโดยอัตโนมัติเพื่อสร้างกลไกการตรวจจับในระบบคลาวด์ของเรา จากนั้นเราจะปรับใช้สิ่งเหล่านี้โดยทันทีเพื่อให้มั่นใจว่าลูกค้าของเราได้รับการปกป้องอย่างเต็มที่</string>
	<string name="IDS_EPI_CFG_LGF_CAPTION_BUSINESS">โปรดช่วยให้เราสามารถมอบการรักษาความปลอดภัยที่ดียิ่งขึ้นให้แก่คุณ</string>
	<string name="IDS_EPI_CFG_LGF_TEXT_BUSINESS">ระบบคำติชม&nbsp;ESET LiveGrid®&nbsp;ใช้เซนเซอร์กว่า&nbsp;100&nbsp;ล้านตัวทั่วโลกซึ่งช่วยให้เราเก็บรวบรวมสถิติและข้อมูลเกี่ยวกับวัตถุที่น่าสงสัย ซึ่งเราดำเนินการโดยอัตโนมัติในการสร้างกลไกการตรวจจับด้วยระบบที่มีความเชื่อถือที่อ้างอิงระบบคลาวด์ของเรา จากนั้นเราจึงปรับใช้กลไกเหล่านี้ทันที เพื่อให้มั่นใจว่าลูกค้าของเราจะได้รับการป้องกันระดับสูงสุด</string>
	<string name="IDS_EPI_CFG_LGF_ENABLE">เปิดใช้งานระบบตรวจสอบความน่าเชื่อถือไฟล์ ESET LiveGrid® (แนะนำ)</string>
	<string name="IDS_EPI_CFG_LGF_DISABLE">ปิดใช้งานระบบตรวจสอบความน่าเชื่อถือไฟล์ ESET LiveGrid®</string>

	<string name="IDS_EPI_CFG_PUA_CAPTION">การตรวจหาแอพพลิเคชันที่อาจไม่พึงประสงค์</string>
	<string name="IDS_EPI_CFG_PUA_TEXT">ESET &lt;a {{IDS_HELP_PUA_LINK}}&gt;สามารถตรวจจับแอพพลิเคชันที่&lt;/a&gt;อาจไม่เป็นที่ต้องการแล้วขอการยืนยันก่อนที่จะติดตั้ง แอพพลิเคชันที่อาจไม่เป็นที่ต้องการอาจไม่มีความเสี่ยงด้านความปลอดภัย แต่สามารถส่งผลต่อประสิทธิภาพ ความเร็ว และความเสถียร หรือทำให้สร้างการเปลี่ยนแปลงลักษณะการทำงานของคอมพิวเตอร์ของคุณได้ แอพพลิเคชันเหล่านี้มักจะขอการยินยอมจากผู้ใช้ก่อนที่จะติดตั้ง</string>
	<string name="IDS_EPI_CFG_PUA_ENABLE">เปิดใช้งานการตรวจหาแอพพลิเคชันที่อาจไม่เป็นที่ต้องการ</string>
	<string name="IDS_EPI_CFG_PUA_DISABLE">ปิดการใช้งานการตรวจหาแอพพลิเคชันที่ไม่เป็นที่ต้องการ</string>

	<string name="IDS_EPI_CFG_CEIP_CAPTION">เข้าร่วมในโปรแกรมการปรับปรุงประสบการณ์ใช้งานของลูกค้า</string>
	<string name="IDS_EPI_CFG_CEIP_TEXT">เราต้องการรวบรวมข้อมูลแบบไม่ระบุตัวตนเกี่ยวกับวิธีใช้ผลิตภัณฑ์นี้ ข้อมูลที่รวบรวมจะช่วยให้เราปรับปรุงประสบการณ์ใช้งานของคุณและจะไม่เปิดเผยให้บุคคลที่สาม&lt;a type="command" href="gui.ceip.show"&gt; เรารวบรวมข้อมูลใดบ้าง&lt;/a&gt;</string>
	<string name="IDS_EPI_CFG_CEIP_YES">ใช่ ฉันต้องการเข้าร่วมโปรแกรม (แนะนำ)</string>
	<string name="IDS_EPI_CFG_CEIP_NO">ไม่ ฉันไม่ต้องการเข้าร่วมโปรแกรม</string>

	<string name="IDS_EPI_CFG_EULA_CAPTION">ข้อตกลงการอนุญาตสำหรับผู้ใช้ปลายทาง</string>
	<string name="IDS_EPI_CFG_EULA_DESCRIPTION">เมื่อคลิกปุ่ม "ดำเนินการต่อ" ใดๆ ทางด้านล่างนี้ จะถือว่าคุณยอมรับ&lt;a {{IDS_LINK_SHOW_EULA}}&gt;ข้อตกลงการอนุญาตสำหรับผู้ใช้ปลายทาง&lt;/a&gt;และรับทราบ&lt;a {{IDS_LINK_SHOW_PRIVACY_POLICY}}&gt;นโยบายความเป็นส่วนตัว&lt;/a&gt;</string>
	<string name="IDS_EPI_CFG_EULA_MSGBOX_OK">ปกติ</string>
	<string name="IDS_EPI_CFG_EULA_MSGBOX_NOT_AGREE">ฉันไม่เห็นด้วย</string>
	<string name="IDS_EPI_CFG_EULA_MSGBOX_SAVE">บันทึก</string>

	<string name="IDS_EPI_CFG_BUTTON_ADVANCED">เปลี่ยนโฟลเดอร์การติดตั้ง</string>
	<string name="IDS_EPI_CFG_FOLDERS_INSTALL">โฟลเดอร์ผลิตภัณฑ์:</string>
	<string name="IDS_EPI_CFG_FOLDERS_DATA">โฟลเดอร์ข้อมูล:</string>
	<string name="IDS_EPI_CFG_FOLDERS_MODULE">โฟลเดอร์โมดูล:</string>
	<string name="IDS_EPI_CFG_FOLDERS_VALIDATOR_INVALID">โฟลเดอร์ที่เลือกไม่ถูกต้อง</string>

	<string name="IDS_EPI_CFG_ALREADY_CONFIGURED">การตั้งค่าการติดตั้งได้รับการกำหนดค่าแล้ว</string>

	<string name="IDS_EPI_NONEMPTY_FOLDER_WARNING_TITLE">โฟลเดอร์การติดตั้งต้องเป็นเป็นโฟลเดอร์ที่ว่างเปล่า</string>
	<string name="IDS_EPI_NONEMPTY_FOLDER_WARNING_MESSAGE_SINGULAR">หากต้องการดำเนินการติดตั้งต่อไป โฟลเดอร์ที่มีอยู่แล้วจะถูกลบ:</string>
	<string name="IDS_EPI_NONEMPTY_FOLDER_WARNING_MESSAGE_PLURAL">หากต้องการดำเนินการติดตั้งต่อไป โฟลเดอร์ที่มีอยู่แล้วจะถูกลบ:</string>
	<string name="IDS_EPI_NONEMPTY_FOLDER_QUESTION">&lt;b&gt;คุณยินยอมให้ลบโฟลเดอร์และดำเนินการติดตั้งต่อไปหรือไม่&lt;/b&gt;</string>

	<string name="IDS_EPI_DISKSPACE_TITLE">เนื้อที่ดิสก์ไม่เพียงพอ</string>
	<string name="IDS_EPI_DISKSPACE_TEXT01">พื้นที่ดิสก์ของคุณไม่เพียงพอ ไดรฟ์ข้อมูลที่เน้นไม่มีเนื้อที่ว่างเพียงพอสำหรับการติดตั้ง ให้ตรวจสอบเนื้อที่ดิสก์ที่พร้อมใช้งานแล้วลองอีกครั้ง</string>
	<string name="IDS_EPI_DISKSPACE_HEADER01">ไดรฟ์</string>
	<string name="IDS_EPI_DISKSPACE_HEADER02">ความจุ</string>
	<string name="IDS_EPI_DISKSPACE_HEADER03">พื้นที่ว่าง</string>
	<string name="IDS_EPI_DISKSPACE_HEADER04">พื้นที่ที่ต้องการ</string>

	<string name="IDS_EPI_INSTALL_PACKAGE_SINGLE">กำลังติดตั้ง ...</string>
	<string name="IDS_EPI_INSTALL_PACKAGE_MULTI">กำลังติดตั้ง %1 ...</string>

	<string name="IDS_EPI_DONE_TITLE">การติดตั้งเสร็จสมบูรณ์</string>
	<string name="IDS_EPI_DONE_TEXT01">ติดตั้ง ${bts.package.[${bts.var.package.default}].name} ในคอมพิวเตอร์ของคุณเสร็จสมบูรณ์แล้ว คอมพิวเตอร์ของคุณจะตรวจสอบหาไวรัสและมัลแวร์อย่างต่อเนื่อง &lt;br/&gt; &lt;br/&gt; ขอบคุณที่เลือก ESET! &lt;br/&gt; &lt;br/&gt; &lt;br/&gt; คลิก &lt;i&gt;เสร็จ&lt;/i&gt; เพื่อเสร็จสิ้นการติดตั้งผลิตภัณฑ์</string>
	<string name="IDS_EPI_DONE_TEXT01_EPI">แพ็คเกจทั้งหมดติดตั้งในคอมพิวเตอร์ของคุณเสร็จสมบูรณ์แล้ว &lt;br/&gt; &lt;br/&gt; ให้คลิก&lt;i&gt;เสร็จสิ้น&lt;/i&gt; เพื่อติดตั้งผลิตภัณฑ์ให้เสร็จสมบูรณ์</string>
		<string name="IDS_EPI_DONE_PACKAGECACHE_CAPTION">%1 และ %2 จะต้องอยู่ในโฟลเดอร์เดียวกันขณะเรียกใช้</string>
	<string name="IDS_EPI_DONE_PACKAGECACHE_DESCRIPTION">ดาวน์โหลด %1 และบันทึกอยู่ในโฟลเดอร์ :&lt;br/&gt; แล้ว</string>

	<string name="IDS_EPI_FAIL_FAILED_TITLE">การติดตั้งล้มเหลว</string>
	<string name="IDS_EPI_FAIL_FINISH_TITLE">การติดตั้งเสร็จสิ้น</string>
	<string name="IDS_EPI_FAIL_KNOWLEDGEBASE">ค้นหาทางแก้ไขในฐานความรู้ของ ESET</string>
	<string name="IDS_EPI_FAIL_TROUBLESHOOT">เรียกใช้ตัวแก้ไขปัญหา</string>
	<string name="IDS_EPI_FAIL_TS_LINK">ติดต่อฝ่ายสนับสนุนด้านเทคนิคของ ESET</string>
	<string name="IDS_EPI_FAIL_RESTART">เริ่มต้นคอมพิวเตอร์ใหม่</string>

	<string name="IDS_EPI_FAIL_TITLE_OS">Microsoft Windows เวอร์ชันที่ล้าสมัย</string>
	<string name="IDS_EPI_FAIL_TEXT_OS_OUTDATED">ESET Security ไม่สนับสนุน Microsoft Windows เวอร์ชันที่ล้าสมัยของคุณ คลิกปิดเพื่อออกจากการติดตั้ง</string>
	<string name="IDS_EPI_FAIL_TEXT_OS_NOT_SUPPORTED">ผลิตภัณฑ์นี้ไม่รองรับ Microsoft Windows เวอร์ชันที่ล้าสมัยของคุณ &lt;a {{IDS_LINK_PRODUCT_OPTIONS}}&gt;ดูตัวเลือกของคุณ&lt;/a&gt;</string>
	<string name="IDS_EPI_FAIL_TEXT_OS_NOT_SUPPORTED_BUSINESS">ผลิตภัณฑ์นี้ไม่ได้รับการสนับสนุนบน Microsoft Windows เวอร์ชันที่ล้าสมัยของคุณอีกต่อไป</string>

	<string name="IDS_EPI_FAIL_TITLE_EULA_REJECTED">ข้อตกลงการอนุญาตสำหรับผู้ใช้ปลายทาง</string>
	<string name="IDS_EPI_FAIL_TEXT_EULA_REJECTED">ไม่ยอมรับข้อตกลงใบอนุญาตสำหรับผู้ใช้ปลายทาง</string>

	<string name="IDS_EPI_FAIL_TITLE_CONNECTION">เกิดข้อผิดพลาดในการเชื่อมต่อ</string>
	<string name="IDS_EPI_FAIL_TEXT_CONNECTION">ดูเหมือนว่าการเชื่อมต่ออินเทอร์เน็ตจะไม่ทำงาน ไม่สามารถติดตั้งผลิตภัณฑ์ได้ &lt;a {{IDS_LINK_INTERNET_SETTINGS}}&gt;ตรวจสอบการเชื่อมต่ออินเทอร์เน็ตของคุณ&lt;/a&gt; และลองดำเนินการติดตั้งอีกครั้ง&lt;br/&gt;&lt;br/&gt;คุณกำลังใช้พร็อกซีเซิร์ฟเวอร์อยู่หรือไม่ เปลี่ยน การตั้งค่าพร็อกซี เซิร์ฟเวอร์ และลองอีกครั้ง</string>
	<string name="IDS_EPI_FAIL_TEXT_CONNECTION_EPI">ดูเหมือนว่าการเชื่อมต่ออินเทอร์เน็ตจะไม่ทำงาน ไม่สามารถติดตั้งแพ็กเกจได้ &lt;a {{IDS_LINK_INTERNET_SETTINGS}}&gt;ตรวจสอบการเชื่อมต่ออินเทอร์เน็ตของคุณ&lt;/a&gt; และลองดำเนินการติดตั้งอีกครั้ง&lt;br/&gt;&lt;br/&gt;คุณกำลังใช้พร็อกซีเซิร์ฟเวอร์อยู่หรือไม่ เปลี่ยนการตั้งค่าพร็อกซีเซิร์ฟเวอร์และลองอีกครั้ง</string>

	<string name="IDS_EPI_FAIL_TITLE_DOWNLOAD_ERROR">การดาวน์โหลดเกิดข้อผิดพลาด</string>
	<string name="IDS_EPI_FAIL_TEXT_DOWNLOAD_ERROR">เกิดข้อผิดพลาดขึ้นขณะที่กำลังดาวน์โหลดข้อมูลจากเซิร์ฟเวอร์ โปรดตรวจสอบการเชื่อมเครือข่ายของคุณแล้วลองอีกครั้ง&lt;br/&gt;&lt;br/&gt;หากคุณยังประสบปัญหา โปรดไปที่ &lt;a {{IDS_LINK_OFFLINE_INSTALLER}}&gt;www.eset.com&lt;/a&gt; เพื่อดาวน์โหลดตัวติดตั้งแบบออฟไลน์</string>
	<string name="IDS_EPI_FAIL_TEXT_DOWNLOAD_ERROR_EPI">เกิดข้อผิดพลาดขึ้นขณะที่กำลังดาวน์โหลดข้อมูลจากเซิร์ฟเวอร์ โปรดตรวจสอบการเชื่อมเครือข่ายของคุณแล้วลองอีกครั้ง</string>

	<string name="IDS_EPI_FAIL_TITLE_INVALID_SERVER_RESPONSE">การตอบสนองไม่ถูกต้อง</string>
	<string name="IDS_EPI_FAIL_TEXT_INVALID_SERVER_RESPONSE">ตัวรับการตอบสนองจากเซิร์ฟเวอร์ไม่ถูกต้อง</string>

	<string name="IDS_EPI_FAIL_TITLE_INVALID_INSTALLER">ตัวติดตั้งไม่ถูกต้อง</string>
	<string name="IDS_EPI_FAIL_TEXT_INVALID_INSTALLER">ตัวติดตั้งนี้ไม่สามารถใช้งานได้แล้วและต้องทำการเปลี่ยน ดาวน์โหลดตัวติดตั้งใหม่เพื่อติดตั้งผลิตภัณฑ์</string>
	<string name="IDS_EPI_FAIL_TEXT_INVALID_INSTALLER_EPI">ตัวติดตั้งนี้ไม่สามารถใช้งานได้แล้วและต้องทำการเปลี่ยน สร้างตัวติดตั้งใหม่หรือติดต่อผู้ดูแลเพื่อติดตั้งผลิตภัณฑ์</string>

	<string name="IDS_EPI_FAIL_TITLE_VERSIONCHECK_NO_PACKAGES">ไม่พบแพ็คเกจที่สามารถทำงานร่วมกันได้</string>
	<string name="IDS_EPI_FAIL_TEXT_VERSIONCHECK_NO_PACKAGES">ไม่มีแพ็คเกจการติดตั้งที่สามารถทำงานร่วมกันได้ที่สามารถใช้งานได้ในเซิร์ฟเวอร์ โปรดไปที่ &lt;a {{IDS_LINK_OFFLINE_INSTALLER}}&gt;www.eset.com&lt;/a&gt; เพื่อดาวน์โหลดตัวติดตั้งแบบออฟไลน์</string>
	<string name="IDS_EPI_FAIL_TEXT_VERSIONCHECK_NO_PACKAGES_EPI">ตัวติดตั้งนี้ไม่สามารถใช้งานได้แล้วและต้องทำการเปลี่ยน สร้างตัวติดตั้งใหม่หรือติดต่อผู้ดูแลเพื่อติดตั้งผลิตภัณฑ์</string>

	<string name="IDS_EPI_FAIL_TITLE_INCOMPATIBLE_OS">ไม่สามารถทำงานร่วมกับระบบปฏิบัติการได้</string>
	<string name="IDS_EPI_FAIL_TEXT_INCOMPATIBLE_OS">${bts.package.[${bts.var.package.current}].name} ไม่สามารถใช้กับระบบปฏิบัติการของคุณได้ โปรดดาวน์โหลดและติดตั้งผลิตภัณฑ์จาก &lt;a {{IDS_LINK_OFFLINE_INSTALLER}}&gt;www.eset.com&lt;/a&gt;</string>
	<string name="IDS_EPI_FAIL_TEXT_INCOMPATIBLE_OS_EPI">${bts.package.[${bts.var.package.current}].name} ไม่สามารถใช้กับระบบปฏิบัติการของคุณได้</string>

	<string name="IDS_EPI_FAIL_TITLE_INCOMPATIBLE_PACKAGE_X32">แพ็คเกจไม่สามารถทำงานร่วมกันได้</string>
	<string name="IDS_EPI_FAIL_TEXT_INCOMPATIBLE_PACKAGE_X32">แพ็คเกจการติดตั้งนี้ใช้สำหรับระบบปฏิบัติการ 32 บิต โปรดใช้แพ็คเกจการติดตั้งสำหรับระบบปฏิบัติการ 64 บิต</string>

	<string name="IDS_EPI_FAIL_TITLE_INCOMPATIBLE_PACKAGE_X64">แพ็คเกจไม่สามารถทำงานร่วมกันได้</string>
	<string name="IDS_EPI_FAIL_TEXT_INCOMPATIBLE_PACKAGE_X64">แพ็คเกจการติดตั้งนี้ใช้สำหรับระบบปฏิบัติการ 64 บิต โปรดใช้แพ็คเกจการติดตั้งสำหรับระบบปฏิบัติการ 32 บิต</string>

	<string name="IDS_EPI_FAIL_TITLE_INCOMPATIBLE_PRODUCT_INSTALLED">ไม่สามารถทำงานร่วมกับผลิตภัณฑ์ที่ติดตั้งได้</string>
	<string name="IDS_EPI_FAIL_TEXT_INCOMPATIBLE_PRODUCT_INSTALLED">ผลิตภัณฑ์ {PRODUCT} ที่ไม่สามารถทำงานร่วมกันได้ได้ติดตั้งไว้แล้ว โปรดถอนการติดตั้งด้วยตัวเองแล้วเริ่มการติดตั้งอีกครั้ง</string>

	<string name="IDS_EPI_FAIL_TITLE_NEWER_VERSION_NOT_AVAILABLE">มีการติดตั้งเวอร์ชันล่าสุดอยู่แล้ว</string>
	<string name="IDS_EPI_FAIL_TEXT_NEWER_VERSION_NOT_AVAILABLE">เวอร์ชันล่าสุดของ ${bts.package.[${bts.var.package.default}].name} ได้ติดตั้งไว้อยู่แล้วในคอมพิวเตอร์นี้</string>

	<string name="IDS_EPI_FAIL_TITLE_REFERRAL">ไม่สามารถติดตั้งผลิตภัณฑ์ได้</string>
	<string name="IDS_EPI_FAIL_TEXT_REFERRAL">ไม่สามารถติดตั้งผลิตภัณฑ์ได้ เมื่อมีผลิตภัณฑ์ ESET อีกตัวหนึ่งถูกติดตั้งในอุปกรณ์เครื่องนี้แล้ว</string>
	<string name="IDS_EPI_FAIL_TEXT_REFERRAL_UPGRADE">ผลิตภัณฑ์ ESET ที่คุณมีอยู่ไม่ได้ถูกอัพเดท และไม่สามารถรับประกันการป้องกันที่ดีที่สุดได้&lt;br/&gt;&lt;b&gt;ปรับปรุงการป้องกันความปลอดภัยโดยการอัพเกรดเป็นเวอร์ชันล่าสุดได้ฟรี&lt;/b&gt;</string>

	<string name="IDS_EPI_FAIL_TITLE_PACKAGE_NOT_FOUND">ไม่พบแพ็คเกจ</string>
	<string name="IDS_EPI_FAIL_TEXT_PACKAGE_NOT_FOUND">ไม่พบแพ็คเกจการติดตั้ง {PRODUCT}</string>

	<string name="IDS_EPI_FAIL_TITLE_PACKAGE_CORRUPTED">แพ็คเกจเสียหาย</string>
	<string name="IDS_EPI_FAIL_TEXT_PACKAGE_CORRUPTED">แพ็คเกจการติดตั้ง {PRODUCT} เสียหาย</string>

	<string name="IDS_EPI_FAIL_TITLE_INSTALL_OUT_OF_SPACE">พื้นที่ดิสก์ไม่เพียงพอ</string>
	<string name="IDS_EPI_FAIL_TEXT_INSTALL_OUT_OF_SPACE">มีพื้นที่ดิสก์ในโวลุ่มไม่เพียงพอสำหรับการทำให้การติดตั้ง ${bts.package.[${bts.var.package.default}].name} เสร็จสมบูรณ์&lt;br/&gt;&lt;br/&gt;โปรดตรวจสอบให้แน่ใจว่าคุณมีพื้นที่ว่างอย่างน้อย %u M B แล้วลองอีกครั้ง</string>
	<string name="IDS_EPI_FAIL_TEXT_INSTALL_OUT_OF_SPACE_EPI">มีพื้นที่ดิสก์ในโวลุ่มไม่เพียงพอสำหรับการทำให้การติดตั้งเสร็จสมบูรณ์&lt;br/&gt;&lt;br/&gt;โปรดตรวจสอบให้แน่ใจว่าคุณมีพื้นที่ว่างอย่างน้อย %u M B แล้วลองอีกครั้ง</string>

	<string name="IDS_EPI_FAIL_TITLE_SETUP">การติดตั้งไม่เสร็จสมบูรณ์</string>
	<string name="IDS_EPI_FAIL_TEXT_SETUP">การติดตั้ง ${bts.package.[${bts.var.package.current}].name} ไม่เสร็จสมบูรณ์ ระบบอาจไม่ได้รับการป้องกันจากภัยคุกคามของคอมพิวเตอร์ ในการติดตั้ง ${bts.package.[${bts.var.package.current}].name} ในคอมพิวเตอร์ของคุณ โปรดทำการติดตั้งใหม่อีกครั้ง</string>
	<string name="IDS_EPI_FAIL_TEXT_SETUP_TROUBLESHOOT">มีปัญหาในการติดตั้งผลิตภัณฑ์ ESET บนอุปกรณ์ของคุณ เราขอแนะนำให้คุณเรียกใช้ตัวแก้ไขปัญหา ซึ่งจะช่วยให้คุณสามารถใช้งานได้หากเป็นไปได้</string>
	<string name="IDS_EPI_FAIL_TEXT_SETUP_EPI">การติดตั้ง ${bts.package.[${bts.var.package.current}].name} ไม่เสร็จสมบูรณ์ ระบบอาจไม่ได้รับการป้องกันจากภัยคุกคามของคอมพิวเตอร์ หากต้องการติดตั้งแพ็คเกจทั้งหมดในคอมพิวเตอร์ของคุณ โปรดทำการติดตั้งใหม่อีกครั้ง</string>
	<string name="IDS_EPI_FAIL_TEXT_SETUP_ERROR_CODE">รหัสข้อผิดพลาด: %s</string>

	<string name="IDS_EPI_FAIL_TITLE_ABORT">การติดตั้งถูกขัดจังหวะโดยผู้ใช้</string>
	<string name="IDS_EPI_FAIL_TEXT_ABORT">การติดตั้ง ${bts.package.[${bts.var.package.default}].name} ถูกขัดจังหวะโดยผู้ใช้ ในการติดตั้ง ${bts.package.[${bts.var.package.default}].name} ในคอมพิวเตอร์ของคุณ โปรดทำการติดตั้งใหม่อีกครั้ง</string>
	<string name="IDS_EPI_FAIL_TEXT_ABORT_EPI">การติดตั้งถูกขัดจังหวะโดยผู้ใช้ หากต้องการติดตั้งแพ็คเกจทั้งหมดบนคอมพิวเตอร์ของคุณ โปรดทำการติดตั้งใหม่อีกครั้ง</string>

	<string name="IDS_EPI_FAIL_TITLE_INTERNAL_ERROR">เกิดข้อผิดพลาดภายใน</string>
	<string name="IDS_EPI_FAIL_TEXT_INTERNAL_ERROR">เกิดข้อผิดพลาดภายใน โปรดลองอีกครั้งเพื่อเริ่มการติดตั้งใหม่อีกครั้ง</string>

	<string name="IDS_EPI_TROUBLESHOOT_FINISH_TITLE">ตัวแก้ไขปัญหาทำงานเสร็จสิ้น</string>
	<string name="IDS_EPI_TROUBLESHOOT_SUCCESS_TITLE">การแก้ไขปัญหาเสร็จเรียบร้อยแล้ว</string>
	<string name="IDS_EPI_TROUBLESHOOT_FAILED_TITLE">การแก้ไขปัญหาไม่สำเร็จ</string>
	<string name="IDS_EPI_TROUBLESHOOT_TEXT">&lt;b&gt;เราขอแนะนำให้คุณปิดหน้าต่างนี้และเริ่มระบบของคอมพิวเตอร์ใหม่ หลังจากเริ่มต้นระบบใหม่แล้วให้เรียกใช้ตัวติดตั้งนี้อีกครั้ง&lt;/b&gt;</string>
	<string name="IDS_EPI_TROUBLESHOOT_REBOOT_TEXT">&lt;b&gt;จำเป็นต้องเริ่มต้นระบบใหม่เพื่อทำการแก้ไขปัญหาให้เสร็จสิ้น ให้ปิดหน้าต่างนี้และเริ่มระบบของคอมพิวเตอร์ใหม่ หลังจากเริ่มต้นระบบใหม่แล้วให้เรียกใช้ตัวติดตั้งนี้อีกครั้ง&lt;/b&gt;</string>
	<string name="IDS_EPI_TROUBLESHOOT_CONTACT_TEXT">กรณีที่ยังมีข้อผิดพลาดอยู่ ให้ติดต่อผู้ดูแลระบบของคุณหรือ &lt;a {{IDS_LINK_SUPPORT}}&gt; ฝ่ายดูแลลูกค้าของ ESET&lt;/a&gt;</string>

	<string name="IDS_EPI_CFG_SIMPLE_CAPTION">การตั้งค่าการป้องกันและการติดตั้ง</string>
	<string name="IDS_EPI_CFG_RECOMMENDED_CAPTION">แนะนำ</string>
	<string name="IDS_EPI_CFG_SIMPLE_PUA_CAPTION">เปิดใช้งานการตรวจหาแอพพลิเคชันที่อาจไม่เป็นที่ต้องการ</string>
	<string name="IDS_EPI_CFG_SIMPLE_CEIP_CAPTION">เข้าร่วมโปรแกรมการปรับปรุงประสบการณ์ใช้งานของลูกค้า &lt;br/&gt; &lt;a type="command" href="gui.ceip.show"&gt; เราเก็บรวบรวมข้อมูลอะไรบ้าง&lt;/a&gt;</string>
	<string name="IDS_EPI_CFG_SIMPLE_LGF_CAPTION">เปิดใช้งานระบบตอบรับ ESET LiveGrid®</string>
	<string name="IDS_EPI_CFG_SIMPLE_CEIP_TEXT">เราต้องการรวบรวมข้อมูลแบบไม่ระบุตัวตนเกี่ยวกับวิธีใช้ผลิตภัณฑ์นี้ ข้อมูลที่รวบรวมจะช่วยให้เราปรับปรุงประสบการณ์ใช้งานของคุณและจะไม่เปิดเผยให้บุคคลที่สาม</string>
	<string name="IDS_EPI_CFG_SIMPLE_CONTINUE">ดำเนินการต่อ</string>
	<string name="IDS_EPI_CFG_SIMPLE_ALL_CONTINUE">อนุญาตทั้งหมดและดำเนินการต่อ</string>

	<string name="IDS_EPI_BANNER_CAPTION1">กำลังเตรียมการติดตั้ง</string>
	<string name="IDS_EPI_BANNER_DESCRIPTION1">กรุณารอสักครู่ในขณะที่เราดาวน์โหลดแพ็คเกจติดตั้ง</string>

	<string name="IDS_EPI_BANNER_CAPTION2">กำลังดำเนินการติดตั้งอยู่</string>
	<string name="IDS_EPI_BANNER_DESCRIPTION2">เกือบเสร็จแล้ว! โปรดรอสักครู่ในขณะที่การติดตั้งเสร็จสิ้น</string>

	<string name="IDS_EPI_BANNER_CAPTION3">เทคโนโลยีที่หาตัวจับได้ยาก</string>
	<string name="IDS_EPI_BANNER_DESCRIPTION3">เทคโนโลยีความปลอดภัยหลายชั้นของ ESET ใช้เซ็นเซอร์นับ 100 ล้านตัวทั่วโลก เพื่อความปลอดภัยขั้นสูงสุด แต่แลกมาด้วยทรัพยากรน้อยที่สุด</string>

	<string name="IDS_EPI_BANNER_CAPTION4">ขอบคุณที่เลือก ESET!</string>
	<string name="IDS_EPI_BANNER_DESCRIPTION4">เทคโนโลยีของ ESET NOD32 ยังคงครอบสถิติของ VB100 อย่างต่อเนื่อง</string>

	<string name="IDS_EPI_BANNER_CAPTION5">รวบรวมการจัดการความปลอดภัยอย่างง่าย ในหน้าจอเดียว</string>
	<string name="IDS_EPI_BANNER_DESCRIPTION5">ไม่ว่าคุณจะใช้คอนโซลการจัดการความปลอดภัยบนคลาวด์หรือในองค์กร คุณจะได้รับผู้ควบคุมข้อมูลแบบบานหน้าต่างเดียว ซึ่งทำให้คุณสามารถใช้คำสั่งที่ปรับปรุงแล้วกับการรักษาความปลอดภัย ESET ทั้งหมดของคุณได้ทุกที่ทุกเวลา</string>


</resources>
