﻿<?xml version="1.0" encoding="utf-8" ?>
<resources langname="Français" lcid="040c">

	<string name="IDS_EPI_INSTALL_STEP">Bienvenue|Contrat de licence|AV Remover|Installation|Terminer</string>

	<string name="IDS_EPI_ACTION_INIT">Initialisation en cours...</string>
	<string name="IDS_EPI_ACTION_EULA">Téléchargement du ou des CLUF...</string>
	<string name="IDS_EPI_ACTION_DUMP">Préparation du package d'installation...</string>
	<string name="IDS_EPI_ACTION_CALC">Calcul de l'espace disponible...</string>
	<string name="IDS_EPI_ACTION_DETECTAV">Recherche d'applications en conflit...</string>
	<string name="IDS_EPI_ACTION_PACKAGECACHE">Finalisation du package hors ligne...</string>
	<string name="IDS_EPI_ACTION_CLEANUP_FOLDERS">Suppression des dossiers en cours...</string>
	<string name="IDS_EPI_ACTION_TROUBLESHOOTING">Résolution des problèmes. Cette opération peut prendre quelques minutes...</string>

	<string name="IDS_EPI_HOME_TITLE_EAV">Installer ${bts.package.[0].name}</string>
	<string name="IDS_EPI_HOME_TEXT_EAV">Naviguez, jouez, travaillez comme vous aimez. Votre ordinateur et vos données sont protégés.</string>
	<string name="IDS_EPI_HOME_TITLE_ESS">Installer ${bts.package.[0].name}</string>
	<string name="IDS_EPI_HOME_TEXT_ESS">Naviguez, jouez, travaillez comme vous aimez. Votre ordinateur et vos données sont protégés.</string>
	<string name="IDS_EPI_HOME_TITLE_EIS">Installer ${bts.package.[0].name}</string>
	<string name="IDS_EPI_HOME_TEXT_EIS">Naviguez, jouez, travaillez comme vous aimez. Votre ordinateur et vos données sont protégés.</string>
	<string name="IDS_EPI_HOME_TITLE_ESSP">Installer ${bts.package.[0].name}</string>
	<string name="IDS_EPI_HOME_TEXT_ESSP">Naviguez, jouez, travaillez comme vous aimez. Votre ordinateur et vos données sont protégés.</string>
	<string name="IDS_EPI_HOME_TITLE_EHS">Installer ${bts.package.[0].name}</string>
	<string name="IDS_EPI_HOME_TEXT_EHS">Naviguez, jouez, travaillez comme vous aimez. Votre ordinateur et vos données sont protégés.</string>
	<string name="IDS_EPI_HOME_TITLE_EEA">Installer ${bts.package.[0].name}</string>
	<string name="IDS_EPI_HOME_SUBTITLE_EEA">Une base de protection avancée pour votre entreprise</string>
	<string name="IDS_EPI_HOME_TEXT_EEA">${bts.package.[0].name}, qui comprend la technologie primée de détection ESET NOD32®, offre à votre entreprise une excellent base de protection avancée, renforcée par notre système d'analyse de réputation dans le cloud. Contrôlez facilement l'application grâce à notre console Web conviviale ESET PROTECT, entièrement repensée.</string>
	<string name="IDS_EPI_HOME_TITLE_EES">Installer ${bts.package.[0].name}</string>
	<string name="IDS_EPI_HOME_SUBTITLE_EES">Votre suite de sécurité complète</string>
	<string name="IDS_EPI_HOME_TEXT_EES">${bts.package.[0].name} est une suite de sécurité complète, qui offre une protection multicouches contre tous les types de logiciels malveillants. Bénéficiez de faibles besoins en ressources système, d'une prise en charge de la virtualisation et de fonctionnalités de contrôle grâce à la toute nouvelle console Web ESET PROTECT.</string>

	<string name="IDS_EPI_HOME_TITLE_MULTI">Installer les composants</string>
	<string name="IDS_EPI_INFO_TITLE_ERAA">Cet ordinateur sera administré par ESET PROTECT</string>
	<string name="IDS_EPI_BUNDLE_TITLE">Les composants ci-dessous sont inclus dans ce programme d'installation.</string>

	<string name="IDS_EPI_HOME_AVREMOVER_CHECK">Je souhaite désinstaller les produits de sécurité incompatibles</string>
	<string name="IDS_EPI_HOME_NEW_VERSION_TEXT">Une version plus récente de ce produit est disponible en ligne et peut être automatiquement téléchargée et installée à la place de la version incluse.</string>
	<string name="IDS_EPI_HOME_NEW_VERSION_CHECKBOX">Installer la version plus récente</string>

<string name="IDS_EPI_HOME_NEED_HELP">Vous avez besoin d'aide pour l'installation ?</string>
	<string name="IDS_EPI_HOME_OPEN_INSTRUCTIONS">Ouvrir les instructions d'installation</string>
	<string name="IDS_EPI_HOME_OPEN_GUIDE">Ouvrir le guide de l'utilisateur</string>

	<string name="IDS_EPI_LOCK_PASSWORD_TITLE">Les configurations d'ESET Security sont protégées par mot de passe.</string>
	<string name="IDS_EPI_LOCK_PASSWORD_SUBTITLE">Veuillez saisir un mot de passe valide pour continuer.</string>
	<string name="IDS_EPI_LOCK_PASSWORD_TEXT">Mot de passe</string>
	<string name="IDS_EPI_LOCK_PASSWORD_ERROR">Mot de passe incorrect. Vous pouvez restaurer le mot de passe&lt;br/&gt;dans les configurations avancées du produit.</string>

	<string name="IDS_EPI_EULA_SINGLE_TITLE">Contrat de Licence de l’Utilisateur Final</string>
	<string name="IDS_EPI_EULA_SAVEAS_FILTER">Texte (*.txt)|*.txt|HTML (*.html,*.htm)|*.html;*.htm||</string>
	<string name="IDS_EPI_EULA_BUTTON_ACCEPT">J’accepte</string>
	<string name="IDS_EPI_EULA_BUTTON_DECLINE">Je n’accepte pas</string>
	<string name="IDS_EPI_EULA_DECLINE">Refuser les termes du Contrat de Licence de l'utilisateur final entraînera la fermeture du programme d'installation. Voulez-vous continuer ?</string>

	<string name="IDS_EPI_DETECTAV_TITLE">Analyse</string>
	<string name="IDS_EPI_DETECTAV_TEXT01">Autres produits de sécurité détectés</string>
	<string name="IDS_EPI_DETECTAV_TEXT02">L’exécution simultanée de deux solutions de sécurité peut entraîner une instabilité. Résolvez ce problème en désinstallant le logiciel de sécurité en conflit présent sur votre système.</string>
	<string name="IDS_EPI_DETECTAV_UNINSTALL">Comment désinstaller un autre logiciel antivirus</string>

	<string name="IDS_EPI_PACKAGECACHE_TITLE">Prétélécharger les composants</string>
	<string name="IDS_EPI_PACKAGECACHE_TEXT">Prétéléchargez les composants inclus dans le programme d'installation (Live Installer) pour accélérer le déploiement en cas de connexion Internet limitée.</string>
	<string name="IDS_EPI_PACKAGECACHE_HOW01">&lt;b&gt;Cliquez sur le bouton de téléchargement&lt;/b&gt; pour créer %1, le télécharger et l'enregistrer sur votre ordinateur.</string>
	<string name="IDS_EPI_PACKAGECACHE_HOW02">&lt;b&gt;Copiez %1 et %2 dans le même dossier.&lt;/b&gt; Vous pouvez utiliser un espace réseau partagé ou un lecteur USB.</string>
	<string name="IDS_EPI_PACKAGECACHE_HOW03">&lt;b&gt;Exécutez %2 sur un ordinateur depuis le dossier partagé ou le lecteur USB.&lt;/b&gt; %2 utilisera les composants déjà prétéléchargés sans les retélécharger.</string>

	<string name="IDS_EPI_DOWNLOAD_PACKAGE_SINGLE">Téléchargement en cours...</string>
	<string name="IDS_EPI_DOWNLOAD_PACKAGE_MULTI">Téléchargement de %1 en cours...</string>

	<string name="IDS_EPI_CFG_LGF_CAPTION_CONSUMER">L'union fait la force. Bénéficiez du niveau maximal de protection.</string>
	<string name="IDS_EPI_CFG_LGF_TEXT_CONSUMER">Le système de réputation ESET LiveGrid® permet de recueillir des informations et des statistiques sur d'éventuelles cybermenaces que nous traitons automatiquement pour créer des mécanismes de détection dans notre système Cloud. Nous appliquons ensuite ces mécanismes pour garantir à nos clients un niveau de protection maximal.</string>
	<string name="IDS_EPI_CFG_LGF_CAPTION_BUSINESS">Aidez-nous à vous offrir une protection maximale.</string>
	<string name="IDS_EPI_CFG_LGF_TEXT_BUSINESS">Le système de commentaires ESET LiveGrid® utilise plus de 100&nbsp;millions de capteurs à travers le monde qui permettent de recueillir des informations sur des objets suspects que nous traitons automatiquement pour créer des mécanismes de détection à l'aide de notre système d'analyse de réputation dans le cloud. Nous appliquons ensuite ces mécanismes pour garantir à nos clients un niveau de protection maximal.</string>
	<string name="IDS_EPI_CFG_LGF_ENABLE">Activer le système de commentaires ESET LiveGrid® (recommandé)</string>
	<string name="IDS_EPI_CFG_LGF_DISABLE">Désactiver le système de commentaires ESET LiveGrid®</string>

	<string name="IDS_EPI_CFG_PUA_CAPTION">Détection des applications potentiellement indésirables</string>
	<string name="IDS_EPI_CFG_PUA_TEXT">ESET peut détecter &lt;a {{IDS_HELP_PUA_LINK}}&gt;des applications potentiellement indésirables&lt;/a&gt; et demander confirmation avant leur installation. Ces applications peuvent ne poser aucun risque de sécurité, mais elles peuvent avoir une incidence sur les performances, la vitesse et la fiabilité de l'ordinateur, ou modifier son comportement. Leur installation nécessite généralement l'accord de l'utilisateur.</string>
	<string name="IDS_EPI_CFG_PUA_ENABLE">Activer la détection d’applications potentiellement indésirables</string>
	<string name="IDS_EPI_CFG_PUA_DISABLE">Désactiver la détection d'applications potentiellement indésirables</string>

	<string name="IDS_EPI_CFG_CEIP_CAPTION">Participer au programme d'amélioration du produit</string>
	<string name="IDS_EPI_CFG_CEIP_TEXT">Nous aimerions collecter des informations anonymes sur l'utilisation de ce produit. Les données collectées nous permettront d'améliorer votre expérience. Elles ne seront jamais partagées avec des tiers.&lt;a type="command" href="gui.ceip.show"&gt; Quelles informations sont collectées ?&lt;/a&gt;</string>
	<string name="IDS_EPI_CFG_CEIP_YES">Oui, je souhaite participer au programme (recommandé)</string>
	<string name="IDS_EPI_CFG_CEIP_NO">Non, je ne souhaite pas participer au programme</string>

	<string name="IDS_EPI_CFG_EULA_CAPTION">Contrat de licence de l'utilisateur final</string>
	<string name="IDS_EPI_CFG_EULA_DESCRIPTION">En cliquant sur l’un des boutons Continuer ci-dessous, vous acceptez les termes du &lt;a {{IDS_LINK_SHOW_EULA}}&gt;Contrat de licence de l'utilisateur final&lt;/a&gt; et reconnaissez avoir pris connaissance de la &lt;a {{IDS_LINK_SHOW_PRIVACY_POLICY}}&gt;Politique de confidentialité.&lt;/a&gt;</string>
	<string name="IDS_EPI_CFG_EULA_MSGBOX_OK">OK</string>
	<string name="IDS_EPI_CFG_EULA_MSGBOX_NOT_AGREE">Je n’accepte pas</string>
	<string name="IDS_EPI_CFG_EULA_MSGBOX_SAVE">Enregistrer</string>

	<string name="IDS_EPI_CFG_BUTTON_ADVANCED">Modifier le dossier d'installation</string>
	<string name="IDS_EPI_CFG_FOLDERS_INSTALL">Dossier produit :</string>
	<string name="IDS_EPI_CFG_FOLDERS_DATA">Dossier de données :</string>
	<string name="IDS_EPI_CFG_FOLDERS_MODULE">Dossier du module :</string>
	<string name="IDS_EPI_CFG_FOLDERS_VALIDATOR_INVALID">Dossier sélectionné non valide.</string>

	<string name="IDS_EPI_CFG_ALREADY_CONFIGURED">Les paramètres d’installation ont déjà été configurés.</string>

	<string name="IDS_EPI_NONEMPTY_FOLDER_WARNING_TITLE">Le dossier d'installation doit être vide.</string>
	<string name="IDS_EPI_NONEMPTY_FOLDER_WARNING_MESSAGE_SINGULAR">Pour continuer l'installation, le dossier existant sera supprimé :</string>
	<string name="IDS_EPI_NONEMPTY_FOLDER_WARNING_MESSAGE_PLURAL">Pour continuer l'installation, les dossiers existants seront supprimés :</string>
	<string name="IDS_EPI_NONEMPTY_FOLDER_QUESTION">&lt;b&gt;Êtes-vous d'accord pour supprimer les dossiers et continuer l'installation ?&lt;/b&gt;</string>

	<string name="IDS_EPI_DISKSPACE_TITLE">Espace disque épuisé</string>
	<string name="IDS_EPI_DISKSPACE_TEXT01">L'espace disque est insuffisant. Les volumes mis en surbrillance ne disposent pas de suffisamment d'espace disponible pour l'installation. Vérifiez l'espace disque disponible et réessayez.</string>
	<string name="IDS_EPI_DISKSPACE_HEADER01">Lecteur</string>
	<string name="IDS_EPI_DISKSPACE_HEADER02">Capacité</string>
	<string name="IDS_EPI_DISKSPACE_HEADER03">Espace disponible</string>
	<string name="IDS_EPI_DISKSPACE_HEADER04">Espace requis</string>

	<string name="IDS_EPI_INSTALL_PACKAGE_SINGLE">Installation en cours...</string>
	<string name="IDS_EPI_INSTALL_PACKAGE_MULTI">Installation de %1 en cours...</string>

	<string name="IDS_EPI_DONE_TITLE">Installation réussie</string>
	<string name="IDS_EPI_DONE_TEXT01">${bts.package.[${bts.var.package.default}].name} a été correctement installé sur votre ordinateur. Votre ordinateur sera continuellement analysé pour rechercher la présence éventuelle de virus et de logiciels malveillants. &lt;br/&gt; &lt;br/&gt; Merci d'avoir choisi ESET ! &lt;br/&gt; &lt;br/&gt; &lt;br/&gt; Cliquez sur &lt;i&gt;Effectué&lt;/i&gt; pour finaliser l'installation du produit.</string>
	<string name="IDS_EPI_DONE_TEXT01_EPI">Tous les packages ont été correctement installés sur votre ordinateur. &lt;br/&gt; &lt;br/&gt; Cliquez sur &lt;i&gt;Terminer&lt;/i&gt; pour finaliser la configuration du produit.</string>
		<string name="IDS_EPI_DONE_PACKAGECACHE_CAPTION">%1 et %2 doivent se trouver dans le même dossier lors de leur exécution.</string>
	<string name="IDS_EPI_DONE_PACKAGECACHE_DESCRIPTION">%1 a été téléchargé et enregistré dans le dossier&nbsp;:&lt;br/&gt;</string>

	<string name="IDS_EPI_FAIL_FAILED_TITLE">Échec de l'installation</string>
	<string name="IDS_EPI_FAIL_FINISH_TITLE">Installation terminée</string>
	<string name="IDS_EPI_FAIL_KNOWLEDGEBASE">Rech. solution dans base de connaissances ESET.</string>
	<string name="IDS_EPI_FAIL_TROUBLESHOOT">Exécuter le dépanneur</string>
	<string name="IDS_EPI_FAIL_TS_LINK">Contacter le support technique ESET</string>
	<string name="IDS_EPI_FAIL_RESTART">Redémarrer l'ordinateur</string>

	<string name="IDS_EPI_FAIL_TITLE_OS">Version obsolète de Microsoft Windows</string>
	<string name="IDS_EPI_FAIL_TEXT_OS_OUTDATED">ESET Security ne prend pas en charge votre version obsolète de Microsoft Windows. Cliquez sur Fermer pour quitter l'installation.</string>
	<string name="IDS_EPI_FAIL_TEXT_OS_NOT_SUPPORTED">Ce produit n'est plus pris en charge sous votre version obsolète de Microsoft Windows. &lt;a {{IDS_LINK_PRODUCT_OPTIONS}}&gt;Voir quelle sont vos possibilités&lt;/a&gt;</string>
	<string name="IDS_EPI_FAIL_TEXT_OS_NOT_SUPPORTED_BUSINESS">Ce produit n'est plus pris en charge sous votre version obsolète de Microsoft Windows.</string>

	<string name="IDS_EPI_FAIL_TITLE_EULA_REJECTED">Contrat de Licence de l’Utilisateur Final</string>
	<string name="IDS_EPI_FAIL_TEXT_EULA_REJECTED">Les termes du Contrat de Licence de l'utilisateur final n'ont pas été acceptés.</string>

	<string name="IDS_EPI_FAIL_TITLE_CONNECTION">Erreur de connexion</string>
	<string name="IDS_EPI_FAIL_TEXT_CONNECTION">Votre connexion Internet semble ne pas fonctionner. Impossible d'installer le produit. &lt;a {{IDS_LINK_INTERNET_SETTINGS}}&gt;Vérifiez votre connexion Internet&lt;/a&gt; et réessayez d'effectuer l'installation.&lt;br/&gt;&lt;br/&gt;Utilisez-vous un serveur proxy&nbsp;? Modifiez les paramètres du serveur proxy et réessayez.</string>
	<string name="IDS_EPI_FAIL_TEXT_CONNECTION_EPI">Votre connexion Internet semble ne pas fonctionner. Impossible d'installer les packages. &lt;a {{IDS_LINK_INTERNET_SETTINGS}}&gt;Vérifiez votre connexion Internet&lt;/a&gt; et réessayez d'effectuer l'installation.&lt;br/&gt;&lt;br/&gt;Utilisez-vous un serveur proxy ? Modifiez les paramètres du serveur proxy et réessayez.</string>

	<string name="IDS_EPI_FAIL_TITLE_DOWNLOAD_ERROR">Erreur de téléchargement</string>
	<string name="IDS_EPI_FAIL_TEXT_DOWNLOAD_ERROR">Une erreur s'est produite lors du téléchargement des données du serveur. Vérifiez votre connexion réseau, puis réessayez.&lt;br/&gt;&lt;br/&gt;Si vous rencontrez toujours des problèmes, visitez le site &lt;a {{IDS_LINK_OFFLINE_INSTALLER}}&gt;www.eset.com&lt;/a&gt; pour télécharger le programme d'installation hors ligne.</string>
	<string name="IDS_EPI_FAIL_TEXT_DOWNLOAD_ERROR_EPI">Une erreur s'est produite lors du téléchargement des données du serveur. Vérifiez votre connexion réseau, puis réessayez.</string>

	<string name="IDS_EPI_FAIL_TITLE_INVALID_SERVER_RESPONSE">Réponse non valide</string>
	<string name="IDS_EPI_FAIL_TEXT_INVALID_SERVER_RESPONSE">Une réponse non valide a été reçue du serveur.</string>

	<string name="IDS_EPI_FAIL_TITLE_INVALID_INSTALLER">Programme d'installation non valide</string>
	<string name="IDS_EPI_FAIL_TEXT_INVALID_INSTALLER">Ce programme d'installation n'est plus valide et doit être remplacé. Téléchargez un nouveau programme d'installation pour installer ce produit.</string>
	<string name="IDS_EPI_FAIL_TEXT_INVALID_INSTALLER_EPI">Ce programme d'installation n'est plus valide et doit être remplacé. Générez un nouveau programme d'installation ou contactez votre administrateur pour installer ce produit.</string>

	<string name="IDS_EPI_FAIL_TITLE_VERSIONCHECK_NO_PACKAGES">Package compatible introuvable</string>
	<string name="IDS_EPI_FAIL_TEXT_VERSIONCHECK_NO_PACKAGES">Aucun package d'installation compatible n'est disponible sur le serveur. Accédez à &lt;a {{IDS_LINK_OFFLINE_INSTALLER}}&gt;www.eset.com&lt;/a&gt; pour télécharger le programme d'installation hors ligne.</string>
	<string name="IDS_EPI_FAIL_TEXT_VERSIONCHECK_NO_PACKAGES_EPI">Ce programme d'installation n'est plus valide et doit être remplacé. Générez un nouveau programme d'installation ou contactez votre administrateur pour installer ce produit.</string>

	<string name="IDS_EPI_FAIL_TITLE_INCOMPATIBLE_OS">Système d'exploitation incompatible</string>
	<string name="IDS_EPI_FAIL_TEXT_INCOMPATIBLE_OS">${bts.package.[${bts.var.package.current}].name} n'est pas destiné à vos systèmes d'exploitation. Téléchargez et installez un produit à partir du site &lt;a {{IDS_LINK_OFFLINE_INSTALLER}}&gt;www.eset.com&lt;/a&gt;.</string>
	<string name="IDS_EPI_FAIL_TEXT_INCOMPATIBLE_OS_EPI">${bts.package.[${bts.var.package.current}].name} n'est pas destiné à vos systèmes d'exploitation.</string>

	<string name="IDS_EPI_FAIL_TITLE_INCOMPATIBLE_PACKAGE_X32">Package incompatible</string>
	<string name="IDS_EPI_FAIL_TEXT_INCOMPATIBLE_PACKAGE_X32">Ce package d’installation est destiné aux systèmes d’exploitation 32&nbsp;bits. Utilisez-en un pour les systèmes d’exploitation 64&nbsp;bits.</string>

	<string name="IDS_EPI_FAIL_TITLE_INCOMPATIBLE_PACKAGE_X64">Package incompatible</string>
	<string name="IDS_EPI_FAIL_TEXT_INCOMPATIBLE_PACKAGE_X64">Ce package d’installation est destiné aux systèmes d’exploitation 64&nbsp;bits. Utilisez-en un pour les systèmes d’exploitation 32&nbsp;bits.</string>

	<string name="IDS_EPI_FAIL_TITLE_INCOMPATIBLE_PRODUCT_INSTALLED">Produit incompatible installé</string>
	<string name="IDS_EPI_FAIL_TEXT_INCOMPATIBLE_PRODUCT_INSTALLED">Un produit {PRODUCT} incompatible est déjà installé. Désinstallez-le manuellement et redémarrez l'installation.</string>

	<string name="IDS_EPI_FAIL_TITLE_NEWER_VERSION_NOT_AVAILABLE">Version la plus récente déjà installée</string>
	<string name="IDS_EPI_FAIL_TEXT_NEWER_VERSION_NOT_AVAILABLE">La version la plus récente de ${bts.package.[${bts.var.package.default}].name} est déjà installée sur cet ordinateur.</string>

	<string name="IDS_EPI_FAIL_TITLE_REFERRAL">Impossible d'installer le produit</string>
	<string name="IDS_EPI_FAIL_TEXT_REFERRAL">Impossible d'installer le produit car un autre produit ESET est déjà installé sur cet appareil.</string>
	<string name="IDS_EPI_FAIL_TEXT_REFERRAL_UPGRADE">Votre version d'ESET est obsolète et ne garantit plus une protection optimale.&lt;br/&gt;&lt;b&gt;Renforcez votre sécurité en effectuant GRATUITEMENT une mise à niveau vers la dernière version.&lt;/b&gt;</string>

	<string name="IDS_EPI_FAIL_TITLE_PACKAGE_NOT_FOUND">Package introuvable</string>
	<string name="IDS_EPI_FAIL_TEXT_PACKAGE_NOT_FOUND">Le package d'installation {PRODUCT} est introuvable.</string>

	<string name="IDS_EPI_FAIL_TITLE_PACKAGE_CORRUPTED">Le package est endommagé</string>
	<string name="IDS_EPI_FAIL_TEXT_PACKAGE_CORRUPTED">Le package d'installation {PRODUCT} est endommagé.</string>

	<string name="IDS_EPI_FAIL_TITLE_INSTALL_OUT_OF_SPACE">Espace disque insuffisant</string>
	<string name="IDS_EPI_FAIL_TEXT_INSTALL_OUT_OF_SPACE">L'espace disque est insuffisant pour terminer l'installation de ${bts.package.[${bts.var.package.default}].name}.&lt;br/&gt;&lt;br/&gt;Vérifiez que vous disposez d'au moins %u Mo d'espace libre, puis réessayez.</string>
	<string name="IDS_EPI_FAIL_TEXT_INSTALL_OUT_OF_SPACE_EPI">L'espace disque est insuffisant pour terminer l'installation de tous les packages.&lt;br/&gt;&lt;br/&gt;Vérifiez que vous disposez d'au moins %u Mo d'espace libre, puis réessayez.</string>

	<string name="IDS_EPI_FAIL_TITLE_SETUP">L'installation n'a pas été correctement effectuée</string>
	<string name="IDS_EPI_FAIL_TEXT_SETUP">L'installation de ${bts.package.[${bts.var.package.current}].name} n'a pas été correctement effectuée. Le système peut ne pas être protégé contre les menaces informatiques. Pour installer ${bts.package.[${bts.var.package.current}].name} sur votre ordinateur, réexécutez l'installation.</string>
	<string name="IDS_EPI_FAIL_TEXT_SETUP_TROUBLESHOOT">Un problème s'est produit lors de l'installation du produit ESET sur votre appareil. Il est recommandé d'exécuter un dépanneur qui pourra résoudre le problème, si possible.</string>
	<string name="IDS_EPI_FAIL_TEXT_SETUP_EPI">L'installation de ${bts.package.[${bts.var.package.current}].name} n'a pas été correctement effectuée. Le système peut ne pas être protégé contre les menaces informatiques. Pour installer tous les packages sur votre ordinateur, réexécutez l'installation.</string>
	<string name="IDS_EPI_FAIL_TEXT_SETUP_ERROR_CODE">Code d'erreur : %s</string>

	<string name="IDS_EPI_FAIL_TITLE_ABORT">L'installation a été interrompue par l'utilisateur</string>
	<string name="IDS_EPI_FAIL_TEXT_ABORT">L'installation de ${bts.package.[${bts.var.package.default}].name} a été interrompue par l'utilisateur. Pour installer ${bts.package.[${bts.var.package.default}].name} sur votre ordinateur, réexécutez l'installation.</string>
	<string name="IDS_EPI_FAIL_TEXT_ABORT_EPI">L'installation a été interrompue par l'utilisateur. Pour installer tous les packages sur votre ordinateur, réexécutez l'installation.</string>

	<string name="IDS_EPI_FAIL_TITLE_INTERNAL_ERROR">Erreur interne</string>
	<string name="IDS_EPI_FAIL_TEXT_INTERNAL_ERROR">Une erreur interne s'est produite. Réessayez de démarrer l'installation.</string>

	<string name="IDS_EPI_TROUBLESHOOT_FINISH_TITLE">Dépanneur terminé</string>
	<string name="IDS_EPI_TROUBLESHOOT_SUCCESS_TITLE">Le dépannage a réussi</string>
	<string name="IDS_EPI_TROUBLESHOOT_FAILED_TITLE">Le dépannage n'a pas réussi</string>
	<string name="IDS_EPI_TROUBLESHOOT_TEXT">&lt;b&gt;Il est recommandé de fermer cette fenêtre et de redémarrer votre ordinateur. Après le redémarrage, réexécutez ce programme d'installation.&lt;/b&gt;</string>
	<string name="IDS_EPI_TROUBLESHOOT_REBOOT_TEXT">&lt;b&gt;Un redémarrage est nécessite pour terminer le dépannage. Fermez cette fenêtre et redémarrez votre ordinateur. Après le redémarrage, réexécutez ce programme d'installation.&lt;/b&gt;</string>
	<string name="IDS_EPI_TROUBLESHOOT_CONTACT_TEXT">En cas d'erreur persistante, contactez l'administrateur système ou le &lt;a {{IDS_LINK_SUPPORT}}&gt;support technique ESET.&lt;/a&gt;</string>

	<string name="IDS_EPI_CFG_SIMPLE_CAPTION">Paramètres de protection et d’installation</string>
	<string name="IDS_EPI_CFG_RECOMMENDED_CAPTION">Recommandé</string>
	<string name="IDS_EPI_CFG_SIMPLE_PUA_CAPTION">Activer la détection d’applications potentiellement indésirables</string>
	<string name="IDS_EPI_CFG_SIMPLE_CEIP_CAPTION">Participer au programme d'amélioration du produit &lt;br/&gt; &lt;a type="command" href="gui.ceip.show"&gt; Quelles informations sont collectées ?&lt;/a&gt;</string>
	<string name="IDS_EPI_CFG_SIMPLE_LGF_CAPTION">Activer les rapport d'ESET LiveGrid®</string>
	<string name="IDS_EPI_CFG_SIMPLE_CEIP_TEXT">Nous aimerions collecter des informations anonymes sur l\'utilisation de ce produit. Les données collectées nous permettront d\'améliorer votre expérience. Elles ne seront jamais partagées avec des tiers.</string>
	<string name="IDS_EPI_CFG_SIMPLE_CONTINUE">Continuer</string>
	<string name="IDS_EPI_CFG_SIMPLE_ALL_CONTINUE">Tout autoriser et continuer</string>

	<string name="IDS_EPI_BANNER_CAPTION1">Préparation de l'installation</string>
	<string name="IDS_EPI_BANNER_DESCRIPTION1">Veuillez patienter pendant que nous téléchargeons le package d'installation.</string>

	<string name="IDS_EPI_BANNER_CAPTION2">Installation en cours</string>
	<string name="IDS_EPI_BANNER_DESCRIPTION2">Vous avez presque terminé ! Veuillez patienter pendant que l’installation se termine.</string>

	<string name="IDS_EPI_BANNER_CAPTION3">Des performances inégalées</string>
	<string name="IDS_EPI_BANNER_DESCRIPTION3">La protection multicouches ESET utilisée par plus de 100 millions d'utilisateurs à travers le monde, vous assure un niveau de protection maximum avec un minimum de ressources utilisées sur votre système.</string>

	<string name="IDS_EPI_BANNER_CAPTION4">Merci d\'avoir choisi ESET !</string>
	<string name="IDS_EPI_BANNER_DESCRIPTION4">La technologie ESET NOD32® détient le record du nombre consécutif de récompenses VB100.</string>

	<string name="IDS_EPI_BANNER_CAPTION5">Administration centralisée de votre parc informatique</string>
	<string name="IDS_EPI_BANNER_DESCRIPTION5">Que vous utilisiez une console de gestion de la sécurité dans le cloud ou sur site, vous avez à votre disposition un contrôleur à volet unique vous permettant de mieux contrôler votre sécurité ESET à tout moment, où que vous soyez.</string>


</resources>
