﻿<?xml version="1.0" encoding="utf-8" ?>
<resources langname="Tiếng Việt" lcid="042A">

	<string name="IDS_EPI_INSTALL_STEP">Chào mừng|Thỏa thuận giấy phép|AV Remover|Cài đặt|Kết thúc</string>

	<string name="IDS_EPI_ACTION_INIT">Đang khởi tạo...</string>
	<string name="IDS_EPI_ACTION_EULA">Đang tải Thỏa thuận cấp phép người dùng cuối xuống...</string>
	<string name="IDS_EPI_ACTION_DUMP">Đang chuẩn bị gói cài đặt...</string>
	<string name="IDS_EPI_ACTION_CALC">Đang tính toán không gian khả dụng...</string>
	<string name="IDS_EPI_ACTION_DETECTAV">Kiểm tra các ứng dụng xung đột có thể...</string>
	<string name="IDS_EPI_ACTION_PACKAGECACHE">Đang hoàn tất gói ngoại tuyến...</string>
	<string name="IDS_EPI_ACTION_CLEANUP_FOLDERS">Đang xoá thư mục...</string>
	<string name="IDS_EPI_ACTION_TROUBLESHOOTING">Đang khắc phục sự cố, việc này có thể mất một lúc...</string>

	<string name="IDS_EPI_HOME_TITLE_EAV">Cài đặt ${bts.package.[0].name}</string>
	<string name="IDS_EPI_HOME_TEXT_EAV">Thoải mái sử dụng máy tính để làm việc, chơi trò chơi và kết nối - được bảo vệ bởi ESET.</string>
	<string name="IDS_EPI_HOME_TITLE_ESS">Cài đặt ${bts.package.[0].name}</string>
	<string name="IDS_EPI_HOME_TEXT_ESS">Thoải mái sử dụng máy tính để làm việc, chơi trò chơi và kết nối - được bảo vệ bởi ESET.</string>
	<string name="IDS_EPI_HOME_TITLE_EIS">Cài đặt ${bts.package.[0].name}</string>
	<string name="IDS_EPI_HOME_TEXT_EIS">Thoải mái sử dụng máy tính để làm việc, chơi trò chơi và kết nối - được bảo vệ bởi ESET.</string>
	<string name="IDS_EPI_HOME_TITLE_ESSP">Cài đặt ${bts.package.[0].name}</string>
	<string name="IDS_EPI_HOME_TEXT_ESSP">Thoải mái sử dụng máy tính để làm việc, chơi trò chơi và kết nối - được bảo vệ bởi ESET.</string>
	<string name="IDS_EPI_HOME_TITLE_EHS">Cài đặt ${bts.package.[0].name}</string>
	<string name="IDS_EPI_HOME_TEXT_EHS">Thoải mái sử dụng máy tính để làm việc, chơi trò chơi và kết nối - được bảo vệ bởi ESET.</string>
	<string name="IDS_EPI_HOME_TITLE_EEA">Cài đặt ${bts.package.[0].name}</string>
	<string name="IDS_EPI_HOME_SUBTITLE_EEA">Bảo vệ đường cơ sở nâng cao cho doanh nghiệp của bạn</string>
	<string name="IDS_EPI_HOME_TEXT_EEA">${bts.package.[0].name}, bao gồm công nghệ phát hiện ESET NOD32® giành giải thưởng, mang đến cho doanh nghiệp của bạn giải pháp bảo vệ đường cơ sở nâng cao, gọn nhẹ, được tăng cường bởi hệ thống danh tiếng dựa trên đám mây của chúng tôi. Dễ dàng kiểm soát chương trình với bảng điều khiển web ESET PROTECT có thiết kế hoàn toàn mới, thân thiện với người dùng.</string>
	<string name="IDS_EPI_HOME_TITLE_EES">Cài đặt ${bts.package.[0].name}</string>
	<string name="IDS_EPI_HOME_SUBTITLE_EES">Bộ giải pháp bảo mật nâng cao, đầy đủ tính năng của bạn</string>
	<string name="IDS_EPI_HOME_TEXT_EES">${bts.package.[0].name} là bộ giải pháp bảo mật nâng cao, đầy đủ tính năng, cung cấp khả năng bảo vệ toàn diện, đa lớp chống lại mọi kiểu phần mềm độc hại. Hãy tận hưởng ứng dụng với yêu cầu hệ thống cực thấp, hỗ trợ ảo hóa và giám sát qua bảng điều khiển web ESET PROTECT hoàn toàn mới.</string>

	<string name="IDS_EPI_HOME_TITLE_MULTI">Cài đặt Cấu phần</string>
	<string name="IDS_EPI_INFO_TITLE_ERAA">Máy tính này sẽ được quản lý bởi ESET PROTECT</string>
	<string name="IDS_EPI_BUNDLE_TITLE">Trình cài đặt này bao gồm các thành phần sau</string>

	<string name="IDS_EPI_HOME_AVREMOVER_CHECK">Tôi muốn gỡ cài đặt các sản phẩm bảo mật không tương thích</string>
	<string name="IDS_EPI_HOME_NEW_VERSION_TEXT">Phiên bản sản phẩm mới hơn đã có sẵn trực tuyến và có thể tải xuống và cài đặt thay vì chương trình đi kèm.</string>
	<string name="IDS_EPI_HOME_NEW_VERSION_CHECKBOX">Cài đặt phiên bản mới hơn</string>

<string name="IDS_EPI_HOME_NEED_HELP">Bạn cần trợ giúp cài đặt?</string>
	<string name="IDS_EPI_HOME_OPEN_INSTRUCTIONS">Mở hướng dẫn cài đặt</string>
	<string name="IDS_EPI_HOME_OPEN_GUIDE">Mở hướng dẫn người dùng</string>

	<string name="IDS_EPI_LOCK_PASSWORD_TITLE">Cài đặt ESET Security được bảo vệ bằng mật khẩu</string>
	<string name="IDS_EPI_LOCK_PASSWORD_SUBTITLE">Vui lòng nhập mật khẩu hợp lệ để tiếp tục.</string>
	<string name="IDS_EPI_LOCK_PASSWORD_TEXT">Mật khẩu</string>
	<string name="IDS_EPI_LOCK_PASSWORD_ERROR">Mật khẩu không chính xác. Bạn có thể khôi phục mật khẩu&lt;br/&gt;trong Thiết lập nâng cao của sản phẩm.</string>

	<string name="IDS_EPI_EULA_SINGLE_TITLE">Thỏa thuận Giấy phép Người dùng Cuối</string>
	<string name="IDS_EPI_EULA_SAVEAS_FILTER">Văn bản (*.txt)|*.txt|HTML (*.html,*.htm)|*.html;*.htm||</string>
	<string name="IDS_EPI_EULA_BUTTON_ACCEPT">Chấp nhận</string>
	<string name="IDS_EPI_EULA_BUTTON_DECLINE">Từ chối</string>
	<string name="IDS_EPI_EULA_DECLINE">Việc từ chối Thỏa thuận giấy phép người dùng cuối sẽ đóng trình cài đặt. Bạn có chắc muốn làm như vậy không?</string>

	<string name="IDS_EPI_DETECTAV_TITLE">Quét tìm ứng dụng diệt vi rút</string>
	<string name="IDS_EPI_DETECTAV_TEXT01">Đã tìm thấy các sản phẩm bảo mật khác</string>
	<string name="IDS_EPI_DETECTAV_TEXT02">Chạy hai giải pháp bảo mật cùng lúc có thể gây bất ổn. Khắc phục sự cố này bằng cách gỡ cài đặt phần mềm bảo mật xung đột có ở hệ thống của bạn.</string>
	<string name="IDS_EPI_DETECTAV_UNINSTALL">Cách gỡ cài đặt các phần mềm diệt vi rút khác</string>

	<string name="IDS_EPI_PACKAGECACHE_TITLE">Tải xuống trước các thành phần</string>
	<string name="IDS_EPI_PACKAGECACHE_TEXT">Tải xuống trước các thành phần có trong Bộ cài đặt gói này (Bộ cài đặt trực tiếp) để tăng tốc quá trình triển khai khi bạn có kết nối internet có giới hạn.</string>
	<string name="IDS_EPI_PACKAGECACHE_HOW01">&lt;b&gt;Nhấp vào nút tải xuống&lt;/b&gt; và %1 sẽ được tạo ra, tải xuống và lưu vào máy tính của bạn.</string>
	<string name="IDS_EPI_PACKAGECACHE_HOW02">&lt;b&gt;Sao chép %1 và %2 vào cùng thư mục.&lt;/b&gt; Bạn có thể sử dụng thư mục mạng chia sẻ hoặc ổ đĩa USB.</string>
	<string name="IDS_EPI_PACKAGECACHE_HOW03">&lt;b&gt;Thực hiện %2 trên máy tính bất kỳ từ thư mục chia sẻ hoặc ổ đĩa USB.&lt;/b&gt; %2 sẽ sử dụng các thành phần đã tải xuống sẵn mà không cần phải tải xuống lại các thành phần này.</string>

	<string name="IDS_EPI_DOWNLOAD_PACKAGE_SINGLE">Đang tải xuống...</string>
	<string name="IDS_EPI_DOWNLOAD_PACKAGE_MULTI">Đang tải xuống %1...</string>

	<string name="IDS_EPI_CFG_LGF_CAPTION_CONSUMER">Các con số cũng có sức mạnh, hãy trải nghiệm mức bảo vệ cao nhất.</string>
	<string name="IDS_EPI_CFG_LGF_TEXT_CONSUMER">Hệ thống phản hồi ESET LiveGrid® cho phép chúng tôi thu thập thông tin về các đối tượng khả nghi mà chúng tôi xử lý tự động để tạo các cơ chế phát hiện trong hệ thống đám mây. Sau đó chúng tôi sẽ ngay lập tức áp dụng để đảm bảo rằng khách hàng có mức bảo vệ cao nhất.</string>
	<string name="IDS_EPI_CFG_LGF_CAPTION_BUSINESS">Hãy giúp chúng tôi cung cấp cho bạn giải pháp bảo mật thậm chí còn tốt hơn.</string>
	<string name="IDS_EPI_CFG_LGF_TEXT_BUSINESS">Hệ thống phản hồi ESET LiveGrid® sử dụng hơn 100 triệu bộ cảm biến trên toàn thế giới cho phép chúng tôi thu thập thông tin về các đối tượng khả nghi mà chúng tôi tự động xử lý để tạo các cơ chế phát hiện bằng hệ thống danh tiếng dựa trên đám mây của chúng tôi. Sau đó chúng tôi sẽ ngay lập tức áp dụng những thông tin này để đảm bảo rằng khách hàng có mức bảo vệ cao nhất.</string>
	<string name="IDS_EPI_CFG_LGF_ENABLE">Bật hệ thống phản hồi ESET LiveGrid® (khuyến nghị)</string>
	<string name="IDS_EPI_CFG_LGF_DISABLE">Tắt hệ thống phản hồi ESET LiveGrid®</string>

	<string name="IDS_EPI_CFG_PUA_CAPTION">Phát hiện Ứng dụng Không mong muốn Tiềm ẩn</string>
	<string name="IDS_EPI_CFG_PUA_TEXT">ESET có thể phát hiện các &lt;a {{IDS_HELP_PUA_LINK}}&gt;ứng dụng không mong muốn tiềm ẩn&lt;/a&gt; và yêu cầu xác nhận trước khi chúng cài đặt. Các ứng dụng không mong muốn tiềm ẩn có thể không gây ra rủi ro bảo mật nhưng có thể ảnh hưởng đến hiệu suất, tốc độ và độ ổn định của máy tính hoặc gây ra các thay đổi trong hành vi. Chúng thường yêu cầu sự đồng ý của người dùng trước khi cài đặt.</string>
	<string name="IDS_EPI_CFG_PUA_ENABLE">Bật phát hiện ứng dụng không mong muốn tiềm ẩn</string>
	<string name="IDS_EPI_CFG_PUA_DISABLE">Tắt phát hiện ứng dụng không mong muốn tiềm ẩn</string>

	<string name="IDS_EPI_CFG_CEIP_CAPTION">Tham gia Chương trình nâng cao trải nghiệm khách hàng</string>
	<string name="IDS_EPI_CFG_CEIP_TEXT">Chúng tôi muốn thu thập thông tin ẩn danh về cách sử dụng sản phẩm này. Dữ liệu được thu thập sẽ giúp chúng tôi cải thiện trải nghiệm cho bạn và sẽ không bao giờ được chia sẻ với bên thứ ba.&lt;a type="command" href="gui.ceip.show"&gt; Chúng tôi thu thập thông tin gì?&lt;/a&gt;</string>
	<string name="IDS_EPI_CFG_CEIP_YES">Có, tôi muốn tham gia chương trình (khuyến nghị)</string>
	<string name="IDS_EPI_CFG_CEIP_NO">Không, tôi không muốn tham gia chương trình</string>

	<string name="IDS_EPI_CFG_EULA_CAPTION">Thỏa thuận giấy phép người dùng cuối</string>
	<string name="IDS_EPI_CFG_EULA_DESCRIPTION">Bằng cách nhấp vào bất kỳ nút "Tiếp tục" nào bên dưới, bạn chấp nhận &lt;a {{IDS_LINK_SHOW_EULA}}&gt;Thỏa thuận giấy phép người dùng cuối&lt;/a&gt; và công nhận &lt;a {{IDS_LINK_SHOW_PRIVACY_POLICY}}&gt;Chính sách quyền riêng tư.&lt;/a&gt;</string>
	<string name="IDS_EPI_CFG_EULA_MSGBOX_OK">OK</string>
	<string name="IDS_EPI_CFG_EULA_MSGBOX_NOT_AGREE">Tôi không đồng ý</string>
	<string name="IDS_EPI_CFG_EULA_MSGBOX_SAVE">Lưu</string>

	<string name="IDS_EPI_CFG_BUTTON_ADVANCED">Thay đổi thư mục cài đặt</string>
	<string name="IDS_EPI_CFG_FOLDERS_INSTALL">Thư mục sản phẩm:</string>
	<string name="IDS_EPI_CFG_FOLDERS_DATA">Thư mục dữ liệu:</string>
	<string name="IDS_EPI_CFG_FOLDERS_MODULE">Thư mục mô-đun:</string>
	<string name="IDS_EPI_CFG_FOLDERS_VALIDATOR_INVALID">Thư mục không hợp lệ đã được chọn.</string>

	<string name="IDS_EPI_CFG_ALREADY_CONFIGURED">Các thiết lập cài đặt đã được cấu hình.</string>

	<string name="IDS_EPI_NONEMPTY_FOLDER_WARNING_TITLE">Thư mục cài đặt phải trống</string>
	<string name="IDS_EPI_NONEMPTY_FOLDER_WARNING_MESSAGE_SINGULAR">Để tiếp tục cài đặt, thư mục hiện có sẽ bị xóa:</string>
	<string name="IDS_EPI_NONEMPTY_FOLDER_WARNING_MESSAGE_PLURAL">Để tiếp tục cài đặt, các thư mục hiện có sẽ bị xóa:</string>
	<string name="IDS_EPI_NONEMPTY_FOLDER_QUESTION">&lt;b&gt;Bạn có đồng ý xóa các thư mục và tiếp tục cài đặt không?&lt;/b&gt;</string>

	<string name="IDS_EPI_DISKSPACE_TITLE">Hết Không gian Đĩa</string>
	<string name="IDS_EPI_DISKSPACE_TEXT01">Không gian lưu trữ trên đĩa của bạn đang hết. Các ổ đĩa được đánh dấu không có đủ không gian lưu trữ để cài đặt. Kiểm tra không gian lưu trữ khả dụng trên đĩa và thử lại.</string>
	<string name="IDS_EPI_DISKSPACE_HEADER01">Ổ đĩa</string>
	<string name="IDS_EPI_DISKSPACE_HEADER02">Dung lượng</string>
	<string name="IDS_EPI_DISKSPACE_HEADER03">Không gian trống</string>
	<string name="IDS_EPI_DISKSPACE_HEADER04">Không gian yêu cầu</string>

	<string name="IDS_EPI_INSTALL_PACKAGE_SINGLE">Đang cài đặt...</string>
	<string name="IDS_EPI_INSTALL_PACKAGE_MULTI">Đang cài đặt %1...</string>

	<string name="IDS_EPI_DONE_TITLE">Cài đặt thành công</string>
	<string name="IDS_EPI_DONE_TEXT01">${bts.package.[${bts.var.package.default}].name} đã được cài đặt thành công trên máy tính của bạn. Máy tính của bạn sẽ liên tục được kiểm tra để phát hiện vi rút và phần mềm độc hại. &lt;br/&gt; &lt;br/&gt; Cảm ơn bạn đã chọn ESET! &lt;br/&gt; &lt;br/&gt; &lt;br/&gt; Nhấp &lt;i&gt;Xong&lt;/i&gt; để hoàn tất cài đặt sản phẩm.</string>
	<string name="IDS_EPI_DONE_TEXT01_EPI">Tất cả các gói đã được cài đặt thành công trên máy tính của bạn. &lt;br/&gt; &lt;br/&gt; Nhấp vào &lt;i&gt;Xong&lt;/i&gt; để hoàn thành việc thiết lập sản phẩm.</string>
		<string name="IDS_EPI_DONE_PACKAGECACHE_CAPTION">%1 và %2 phải nằm trong cùng thư mục khi thực hiện.</string>
	<string name="IDS_EPI_DONE_PACKAGECACHE_DESCRIPTION">%1 đã được tải xuống và lưu vào thư mục:&lt;br/&gt;</string>

	<string name="IDS_EPI_FAIL_FAILED_TITLE">Cài đặt thất bại</string>
	<string name="IDS_EPI_FAIL_FINISH_TITLE">Cài đặt đã kết thúc</string>
	<string name="IDS_EPI_FAIL_KNOWLEDGEBASE">Tìm kiếm giải pháp trong Cơ sở kiến thức ESET.</string>
	<string name="IDS_EPI_FAIL_TROUBLESHOOT">Chạy trình khắc phục sự cố</string>
	<string name="IDS_EPI_FAIL_TS_LINK">Liên hệ với bộ phận Hỗ trợ kỹ thuật ESET</string>
	<string name="IDS_EPI_FAIL_RESTART">Khởi động lại máy tính</string>

	<string name="IDS_EPI_FAIL_TITLE_OS">Phiên bản Microsoft Windows đã lỗi thời</string>
	<string name="IDS_EPI_FAIL_TEXT_OS_OUTDATED">ESET Security không hỗ trợ phiên bản Microsoft Windows đã lỗi thời. Nhấp vào Đóng để thoát khỏi cài đặt.</string>
	<string name="IDS_EPI_FAIL_TEXT_OS_NOT_SUPPORTED">Sản phẩm này không còn được hỗ trợ trên phiên bản Microsoft Windows đã lỗi thời của bạn. &lt;a {{IDS_LINK_PRODUCT_OPTIONS}}&gt;Xem các lựa chọn&lt;/a&gt;</string>
	<string name="IDS_EPI_FAIL_TEXT_OS_NOT_SUPPORTED_BUSINESS">Sản phẩm này không còn được hỗ trợ trên phiên bản Microsoft Windows đã lỗi thời.</string>

	<string name="IDS_EPI_FAIL_TITLE_EULA_REJECTED">Thỏa thuận Giấy phép Người dùng Cuối</string>
	<string name="IDS_EPI_FAIL_TEXT_EULA_REJECTED">Thỏa thuận giấy phép người dùng cuối không được chấp nhận.</string>

	<string name="IDS_EPI_FAIL_TITLE_CONNECTION">Lỗi kết nối</string>
	<string name="IDS_EPI_FAIL_TEXT_CONNECTION">Kết nối Internet của bạn dường như không hoạt động. Không thể cài đặt sản phẩm. &lt;a {{IDS_LINK_INTERNET_SETTINGS}}&gt;Kiểm tra kết nối Internet của bạn&lt;/a&gt; và thử cài đặt lại.&lt;br/&gt;&lt;br/&gt;Bạn có đang sử dụng máy chủ proxy không? Thay đổi cài đặt máy chủ proxy của bạn và thử lại.</string>
	<string name="IDS_EPI_FAIL_TEXT_CONNECTION_EPI">Kết nối internet của bạn dường như không hoạt động. Các gói không thể cài đặt. &lt;a {{IDS_LINK_INTERNET_SETTINGS}}&gt;Kiểm tra kết nối Internet của bạn&lt;/a&gt; và thử cài đặt lại.&lt;br/&gt;&lt;br/&gt;Bạn có đang sử dụng máy chủ proxy không? Thay đổi cài đặt máy chủ proxy của bạn và thử lại.</string>

	<string name="IDS_EPI_FAIL_TITLE_DOWNLOAD_ERROR">Lỗi tải xuống</string>
	<string name="IDS_EPI_FAIL_TEXT_DOWNLOAD_ERROR">Đã xảy ra lỗi khi tải xuống dữ liệu từ máy chủ. Vui lòng kiểm tra kết nối mạng của bạn và thử lại.&lt;br/&gt;&lt;br/&gt;Nếu bạn vẫn gặp vấn đề, vui lòng truy cập &lt;a {{IDS_LINK_OFFLINE_INSTALLER}}&gt;www.eset.com&lt;/a&gt; để tải xuống trình cài đặt ngoại tuyến.</string>
	<string name="IDS_EPI_FAIL_TEXT_DOWNLOAD_ERROR_EPI">Đã xảy ra lỗi khi tải xuống dữ liệu từ máy chủ. Vui lòng kiểm tra kết nối mạng của bạn và thử lại.</string>

	<string name="IDS_EPI_FAIL_TITLE_INVALID_SERVER_RESPONSE">Phản hồi không hợp lệ</string>
	<string name="IDS_EPI_FAIL_TEXT_INVALID_SERVER_RESPONSE">Đã nhận được phản hồi không hợp lệ từ máy chủ.</string>

	<string name="IDS_EPI_FAIL_TITLE_INVALID_INSTALLER">Trình cài đặt không hợp lệ</string>
	<string name="IDS_EPI_FAIL_TEXT_INVALID_INSTALLER">Trình cài đặt này không còn hợp lệ nữa và cần được thay thế. Tải xuống trình cài đặt mới để cài đặt sản phẩm này.</string>
	<string name="IDS_EPI_FAIL_TEXT_INVALID_INSTALLER_EPI">Trình cài đặt không còn hợp lệ nữa và cần được thay thế. Tạo trình cài đặt mới hoặc liên hệ với người quản trị để cài đặt sản phẩm này.</string>

	<string name="IDS_EPI_FAIL_TITLE_VERSIONCHECK_NO_PACKAGES">Không tìm thấy gói tương thích.</string>
	<string name="IDS_EPI_FAIL_TEXT_VERSIONCHECK_NO_PACKAGES">Không có gói cài đặt tương thích nào khả dụng trên máy chủ. Vui lòng truy cập &lt;a {{IDS_LINK_OFFLINE_INSTALLER}}&gt;www.eset.com&lt;/a&gt; để tải xuống trình cài đặt ngoại tuyến.</string>
	<string name="IDS_EPI_FAIL_TEXT_VERSIONCHECK_NO_PACKAGES_EPI">Trình cài đặt không còn hợp lệ nữa và cần được thay thế. Tạo trình cài đặt mới hoặc liên hệ với người quản trị để cài đặt sản phẩm này.</string>

	<string name="IDS_EPI_FAIL_TITLE_INCOMPATIBLE_OS">Hệ điều hành không tương thích</string>
	<string name="IDS_EPI_FAIL_TEXT_INCOMPATIBLE_OS">${bts.package.[0].name} không dành cho hệ điều hành của bạn. Vui lòng tải xuống và cài đặt một sản phẩm từ &lt;a {{IDS_LINK_OFFLINE_INSTALLER}}&gt;www.eset.com&lt;/a&gt;.</string>
	<string name="IDS_EPI_FAIL_TEXT_INCOMPATIBLE_OS_EPI">${bts.package.[${bts.var.package.current}].name} không dành cho hệ điều hành của bạn.</string>

	<string name="IDS_EPI_FAIL_TITLE_INCOMPATIBLE_PACKAGE_X32">Gói không tương thích</string>
	<string name="IDS_EPI_FAIL_TEXT_INCOMPATIBLE_PACKAGE_X32">Gói cài đặt này dành cho hệ điều hành 32-bit. Vui lòng sử dụng gói cài đặt cho hệ điều hành 64-bit.</string>

	<string name="IDS_EPI_FAIL_TITLE_INCOMPATIBLE_PACKAGE_X64">Gói không tương thích</string>
	<string name="IDS_EPI_FAIL_TEXT_INCOMPATIBLE_PACKAGE_X64">Gói cài đặt này dành cho hệ điều hành 64-bit. Vui lòng sử dụng gói cài đặt cho hệ điều hành 32-bit.</string>

	<string name="IDS_EPI_FAIL_TITLE_INCOMPATIBLE_PRODUCT_INSTALLED">Phiên bản không tương thích đã được cài đặt</string>
	<string name="IDS_EPI_FAIL_TEXT_INCOMPATIBLE_PRODUCT_INSTALLED">Một sản phẩm {PRODUCT} không tương thích đã được cài đặt. Vui lòng thủ công gỡ cài đặt sản phẩm này và bắt đầu cài đặt lại.</string>

	<string name="IDS_EPI_FAIL_TITLE_NEWER_VERSION_NOT_AVAILABLE">Phiên bản mới nhất đã được cài đặt</string>
	<string name="IDS_EPI_FAIL_TEXT_NEWER_VERSION_NOT_AVAILABLE">Một phiên bản ${bts.package.[0].name} mới nhất đã được cài đặt trên máy tính này.</string>

	<string name="IDS_EPI_FAIL_TITLE_REFERRAL">Không thể cài đặt sản phẩm</string>
	<string name="IDS_EPI_FAIL_TEXT_REFERRAL">Không thể cài đặt sản phẩm vì một sản phẩm ESET khác đã được cài đặt trên thiết bị này.</string>
	<string name="IDS_EPI_FAIL_TEXT_REFERRAL_UPGRADE">Phiên bản ESET hiện tại của bạn đã lỗi thời và không còn đảm bảo cho bạn sự bảo vệ tốt nhất.&lt;br/&gt;&lt;b&gt;Cải thiện khả năng bảo vệ bảo mật của bạn bằng cách nâng cấp lên phiên bản mới nhất MIỄN PHÍ.&lt;/b&gt;</string>

	<string name="IDS_EPI_FAIL_TITLE_PACKAGE_NOT_FOUND">Không tìm thấy gói</string>
	<string name="IDS_EPI_FAIL_TEXT_PACKAGE_NOT_FOUND">Không tìm thấy gói cài đặt {PRODUCT}.</string>

	<string name="IDS_EPI_FAIL_TITLE_PACKAGE_CORRUPTED">Gói bị hỏng</string>
	<string name="IDS_EPI_FAIL_TEXT_PACKAGE_CORRUPTED">Gói cài đặt {PRODUCT} bị hỏng.</string>

	<string name="IDS_EPI_FAIL_TITLE_INSTALL_OUT_OF_SPACE">Hết không gian đĩa</string>
	<string name="IDS_EPI_FAIL_TEXT_INSTALL_OUT_OF_SPACE">Không có đủ không gian lưu trữ trên đĩa để hoàn thành cài đặt ${bts.package.[${bts.var.package.default}].name}.&lt;br/&gt;&lt;br/&gt;Vui lòng đảm bảo rằng bạn có ít nhất %u MB trống và thử lại.</string>
	<string name="IDS_EPI_FAIL_TEXT_INSTALL_OUT_OF_SPACE_EPI">Không có đủ không gian lưu trữ trên đĩa để hoàn thành cài đặt tất cả các gói.&lt;br/&gt;&lt;br/&gt;Vui lòng đảm bảo rằng bạn có ít nhất %u MB trống và thử lại.</string>

	<string name="IDS_EPI_FAIL_TITLE_SETUP">Cài đặt chưa được hoàn tất thành công</string>
	<string name="IDS_EPI_FAIL_TEXT_SETUP">Quá trình cài đặt ${bts.package.[0].name} chưa hoàn tất thành công. Hệ thống có thể không được bảo vệ chống lại các mối đe dọa máy tính. Để cài đặt ${bts.package.[0].name} trên máy tính của bạn, vui lòng chạy lại cài đặt.</string>
	<string name="IDS_EPI_FAIL_TEXT_SETUP_TROUBLESHOOT">Có vấn đề khi cài đặt sản phẩm ESET trên thiết bị của bạn. Chúng tôi khuyên bạn nên chạy trình khắc phục sự cố. Trình khắc phục sự cố sẽ giải quyết vấn đề, nếu có thể.</string>
	<string name="IDS_EPI_FAIL_TEXT_SETUP_EPI">Quá trình cài đặt ${bts.package.[${bts.var.package.current}].name} chưa hoàn tất thành công. Hệ thống có thể không được bảo vệ chống lại các mối đe dọa máy tính. Để cài đặt tất cả các gói trên máy tính của bạn, vui lòng chạy lại cài đặt.</string>
	<string name="IDS_EPI_FAIL_TEXT_SETUP_ERROR_CODE">Mã lỗi: %s</string>

	<string name="IDS_EPI_FAIL_TITLE_ABORT">Cài đặt đã bị người dùng gián đoạn</string>
	<string name="IDS_EPI_FAIL_TEXT_ABORT">Quá trình cài đặt ${bts.package.[0].name} đã bị người dùng gián đoạn. Để cài đặt ${bts.package.[0].name} trên máy tính của bạn, vui lòng chạy lại cài đặt.</string>
	<string name="IDS_EPI_FAIL_TEXT_ABORT_EPI">Quá trình cài đặt đã bị người dùng gián đoạn. Để cài đặt tất cả các gói trên máy tính của bạn, vui lòng chạy lại cài đặt.</string>

	<string name="IDS_EPI_FAIL_TITLE_INTERNAL_ERROR">Lỗi nội bộ</string>
	<string name="IDS_EPI_FAIL_TEXT_INTERNAL_ERROR">Đã xảy ra lỗi nội bộ. Vui lòng thử lại để bắt đầu cài đặt lại.</string>

	<string name="IDS_EPI_TROUBLESHOOT_FINISH_TITLE">Trình khắc phục sự cố đã kết thúc</string>
	<string name="IDS_EPI_TROUBLESHOOT_SUCCESS_TITLE">Khắc phục sự cố thành công</string>
	<string name="IDS_EPI_TROUBLESHOOT_FAILED_TITLE">Khắc phục sự cố không thành công</string>
	<string name="IDS_EPI_TROUBLESHOOT_TEXT">&lt;b&gt;Chúng tôi khuyên bạn nên đóng cửa sổ này và khởi động lại máy tính của bạn. Sau khi khởi động lại, hãy chạy lại trình cài đặt này.&lt;/b&gt;</string>
	<string name="IDS_EPI_TROUBLESHOOT_REBOOT_TEXT">&lt;b&gt;Bạn phải khởi động lại để kết thúc quá trình khắc phục sự cố. Đóng cửa sổ này và khởi động lại máy tính của bạn. Sau khi khởi động lại, hãy chạy lại trình cài đặt này.&lt;/b&gt;</string>
	<string name="IDS_EPI_TROUBLESHOOT_CONTACT_TEXT">Trong trường hợp lỗi vẫn tồn tại, vui lòng liên hệ với người quản trị hệ thống của bạn hoặc bộ phận &lt;a {{IDS_LINK_SUPPORT}}&gt;Hỗ trợ kỹ thuật ESET.&lt;/a&gt;</string>

	<string name="IDS_EPI_CFG_SIMPLE_CAPTION">Thiết lập bảo vệ và cài đặt</string>
	<string name="IDS_EPI_CFG_RECOMMENDED_CAPTION">Khuyến nghị</string>
	<string name="IDS_EPI_CFG_SIMPLE_PUA_CAPTION">Bật phát hiện ứng dụng không mong muốn tiềm ẩn</string>
	<string name="IDS_EPI_CFG_SIMPLE_CEIP_CAPTION">Tham gia Chương trình trải nghiệm khách hàng &lt;br/&gt; &lt;a type="command" href="gui.ceip.show"&gt; Chúng tôi thu thập thông tin gì?&lt;/a&gt;</string>
	<string name="IDS_EPI_CFG_SIMPLE_LGF_CAPTION">Bật hệ thống phản hồi ESET LiveGrid®</string>
	<string name="IDS_EPI_CFG_SIMPLE_CEIP_TEXT">Chúng tôi muốn thu thập thông tin ẩn danh về cách sử dụng sản phẩm này. Dữ liệu được thu thập sẽ giúp chúng tôi cải thiện trải nghiệm cho bạn và sẽ không bao giờ được chia sẻ với bên thứ ba.</string>
	<string name="IDS_EPI_CFG_SIMPLE_CONTINUE">Tiếp tục</string>
	<string name="IDS_EPI_CFG_SIMPLE_ALL_CONTINUE">Cho phép tất cả và tiếp tục</string>

	<string name="IDS_EPI_BANNER_CAPTION1">Chuẩn bị cài đặt</string>
	<string name="IDS_EPI_BANNER_DESCRIPTION1">Vui lòng chờ trong khi chúng tôi tải xuống gói cài đặt.</string>

	<string name="IDS_EPI_BANNER_CAPTION2">Đang cài đặt</string>
	<string name="IDS_EPI_BANNER_DESCRIPTION2">Bạn sắp xong rồi! Vui lòng chờ trong khi quá trình cài đặt kết thúc.</string>

	<string name="IDS_EPI_BANNER_CAPTION3">Hiệu suất vô đối</string>
	<string name="IDS_EPI_BANNER_DESCRIPTION3">Công nghệ bảo vệ nhiều tần của ESET sử dụng trí tuệ của hơn 100 ngàn cảm biến từ khắp nơi trên thế giới để bảo đảm rằng bạn có được sự bảo vệ tối đa với yêu cầu tài nguyên thấp nhất có thể đối với hệ thống của bạn.</string>

	<string name="IDS_EPI_BANNER_CAPTION4">Cảm ơn bạn đã chọn ESET!</string>
	<string name="IDS_EPI_BANNER_DESCRIPTION4">Công nghệ ESET NOD32 hiện đang giữ kỉ lục trên thế giới về việc liên tục nhiều năm liền đặt được giải thưởng VB100.</string>

	<string name="IDS_EPI_BANNER_CAPTION5">Quản lý một cách đơn giản, tập trung việc bảo mật của công ty bạn</string>
	<string name="IDS_EPI_BANNER_DESCRIPTION5">Bất kể bạn sử dụng hệ thống quản lý trên đám mây hay trong bên trong hạ tầng, bạn sẽ có một bảng điều khiển cho phép bạn quản lý tất cả các giải pháp bảo mật của ESET mọi lúc mọi nơi.</string>


</resources>
