﻿<?xml version="1.0" encoding="utf-8" ?>
<resources langname="Русский (Russian)" lcid="0419">

	<string name="IDS_EPI_INSTALL_STEP">Приветствие|Лицензионное соглашение|AV Remover|Установка|Завершение</string>

	<string name="IDS_EPI_ACTION_INIT">Инициализация…</string>
	<string name="IDS_EPI_ACTION_EULA">Загрузка лицензионных соглашений...</string>
	<string name="IDS_EPI_ACTION_DUMP">Подготавливается пакет установки...</string>
	<string name="IDS_EPI_ACTION_CALC">Расчет доступного места...</string>
	<string name="IDS_EPI_ACTION_DETECTAV">Проверка на наличие потенциально конфликтующих приложений...</string>
	<string name="IDS_EPI_ACTION_PACKAGECACHE">Финализация автономного пакета...</string>
	<string name="IDS_EPI_ACTION_CLEANUP_FOLDERS">Удаление папок...</string>
	<string name="IDS_EPI_ACTION_TROUBLESHOOTING">Выполняется устранение неполадок, это может занять некоторое время...</string>

	<string name="IDS_EPI_HOME_TITLE_EAV">Установить ${bts.package.[0].name}</string>
	<string name="IDS_EPI_HOME_TEXT_EAV">Используйте компьютер для работы, игр и общения, а защиту обеспечит ESET.</string>
	<string name="IDS_EPI_HOME_TITLE_ESS">Установить ${bts.package.[0].name}</string>
	<string name="IDS_EPI_HOME_TEXT_ESS">Используйте компьютер для работы, игр и общения, а защиту обеспечит ESET.</string>
	<string name="IDS_EPI_HOME_TITLE_EIS">Установить ${bts.package.[0].name}</string>
	<string name="IDS_EPI_HOME_TEXT_EIS">Используйте компьютер для работы, игр и общения, а защиту обеспечит ESET.</string>
	<string name="IDS_EPI_HOME_TITLE_ESSP">Установить ${bts.package.[0].name}</string>
	<string name="IDS_EPI_HOME_TEXT_ESSP">Используйте компьютер для работы, игр и общения, а защиту обеспечит ESET.</string>
	<string name="IDS_EPI_HOME_TITLE_EHS">Установить ${bts.package.[0].name}</string>
	<string name="IDS_EPI_HOME_TEXT_EHS">Используйте компьютер для работы, игр и общения, а защиту обеспечит ESET.</string>
	<string name="IDS_EPI_HOME_TITLE_EEA">Установить ${bts.package.[0].name}</string>
	<string name="IDS_EPI_HOME_SUBTITLE_EEA">Передовая защита начального уровня для вашего бизнеса</string>
	<string name="IDS_EPI_HOME_TEXT_EEA">Решение ${bts.package.[0].name}, в котором используется отмеченная наградами технология обнаружения ESET NOD32®, не требовательно к ресурсам и обеспечивает для вашего бизнеса передовую защиту начального уровня, дополненную нашей облачной системой репутации. Управление решением легко осуществляется с помощью удобной веб-консоли ESET PROTECT с полностью обновленным дизайном.</string>
	<string name="IDS_EPI_HOME_TITLE_EES">Установить ${bts.package.[0].name}</string>
	<string name="IDS_EPI_HOME_SUBTITLE_EES">Передовой полнофункциональный набор программ безопасности</string>
	<string name="IDS_EPI_HOME_TEXT_EES">${bts.package.[0].name} — это передовой полнофункциональный набор программ безопасности, который обеспечивает комплексную многоуровневую защиту от всех типов вредоносных программ. Решение характеризуется низкими требованиями к системе, поддержкой виртуализации и возможностями контроля посредством абсолютно новой веб-консоли ESET PROTECT.</string>

	<string name="IDS_EPI_HOME_TITLE_MULTI">Установка компонентов</string>
	<string name="IDS_EPI_INFO_TITLE_ERAA">Этот компьютер будет находиться под управлением ESET PROTECT</string>
	<string name="IDS_EPI_BUNDLE_TITLE">В эту программу установки включены следующие компоненты:</string>

	<string name="IDS_EPI_HOME_AVREMOVER_CHECK">Я хочу удалить несовместимые продукты обеспечения безопасности</string>
	<string name="IDS_EPI_HOME_NEW_VERSION_TEXT">В Интернете доступна новая версия этого продукта, и ее можно автоматически загрузить и установить вместо той, что идет в комплекте.</string>
	<string name="IDS_EPI_HOME_NEW_VERSION_CHECKBOX">Установить новую версию</string>

<string name="IDS_EPI_HOME_NEED_HELP">Нужна помощь с установкой?</string>
	<string name="IDS_EPI_HOME_OPEN_INSTRUCTIONS">Открыть инструкции по установке</string>
	<string name="IDS_EPI_HOME_OPEN_GUIDE">Открыть руководство пользователя</string>

	<string name="IDS_EPI_LOCK_PASSWORD_TITLE">Настройки ESET Security защищены паролем</string>
	<string name="IDS_EPI_LOCK_PASSWORD_SUBTITLE">Чтобы продолжить, введите действительный пароль.</string>
	<string name="IDS_EPI_LOCK_PASSWORD_TEXT">Пароль</string>
	<string name="IDS_EPI_LOCK_PASSWORD_ERROR">Неверный пароль. Восстановить пароль можно&lt;br/&gt;в расширенных параметрах продукта.</string>

	<string name="IDS_EPI_EULA_SINGLE_TITLE">Лицензионное соглашение с конечным пользователем</string>
	<string name="IDS_EPI_EULA_SAVEAS_FILTER">Текстовые файлы (*.txt)|*.txt|HTML (*.html,*.htm)|*.html;*.htm||</string>
	<string name="IDS_EPI_EULA_BUTTON_ACCEPT">Принимаю</string>
	<string name="IDS_EPI_EULA_BUTTON_DECLINE">Не принимаю</string>
	<string name="IDS_EPI_EULA_DECLINE">Если отклонить лицензионное соглашение, установщик будет закрыт. Вы уверены?</string>

	<string name="IDS_EPI_DETECTAV_TITLE">Сканирование</string>
	<string name="IDS_EPI_DETECTAV_TEXT01">Найдены другие продукты по обеспечению безопасности</string>
	<string name="IDS_EPI_DETECTAV_TEXT02">Одновременная работа двух решений по обеспечению безопасности может привести к нестабильности. Эту проблему можно устранить, удалив конфликтующую программу безопасности из системы.</string>
	<string name="IDS_EPI_DETECTAV_UNINSTALL">Удаление других программ защиты от вирусов</string>

	<string name="IDS_EPI_PACKAGECACHE_TITLE">Предварительная загрузка компонентов</string>
	<string name="IDS_EPI_PACKAGECACHE_TEXT">Предварительно загрузите компоненты этого пакета установщика (интерактивный установщик), чтобы ускорить развертывание в средах с ограниченным подключением к Интернету.</string>
	<string name="IDS_EPI_PACKAGECACHE_HOW01">&lt;b&gt;Нажмите кнопку загрузки&lt;/b&gt;, чтобы создать, загрузить и сохранить файл "%1" на своем компьютере.</string>
	<string name="IDS_EPI_PACKAGECACHE_HOW02">&lt;b&gt;Скопируйте файлы "%1" и "%2" в одну папку.&lt;/b&gt; Это может быть общая сетевая папка или USB-накопитель.</string>
	<string name="IDS_EPI_PACKAGECACHE_HOW03">&lt;b&gt;Запустите файл "%2" из общей сетевой папки или USB-накопителя на любом компьютере.&lt;/b&gt; Файл "%2" будет использовать предварительно загруженные компоненты, не загружая их повторно.</string>

	<string name="IDS_EPI_DOWNLOAD_PACKAGE_SINGLE">Загрузка…</string>
	<string name="IDS_EPI_DOWNLOAD_PACKAGE_MULTI">Загрузка %1...</string>

	<string name="IDS_EPI_CFG_LGF_CAPTION_CONSUMER">Цифры имеют значение. Получите максимальный уровень защиты.</string>
	<string name="IDS_EPI_CFG_LGF_TEXT_CONSUMER">Система отзывов ESET LiveGrid® позволяет нам собирать и автоматически обрабатывать информацию о подозрительных объектах. Данная информация используется для создания механизмов обнаружения в нашей облачной системе. Затем мы мгновенно применяем их, чтобы обеспечить максимальную защиту клиентов.</string>
	<string name="IDS_EPI_CFG_LGF_CAPTION_BUSINESS">Помогите нам обеспечить для вас постоянное улучшение защиты.</string>
	<string name="IDS_EPI_CFG_LGF_TEXT_BUSINESS">Система обратной связи ESET LiveGrid® насчитывает свыше 100 млн устройств по всему миру. Она позволяет нам собирать и автоматически обрабатывать статистику и информацию о подозрительных объектах. Из нее мы создаем механизмы обнаружения с помощью облачной системы репутации. Затем мы мгновенно применяем их, чтобы обеспечить вам максимальную защиту.</string>
	<string name="IDS_EPI_CFG_LGF_ENABLE">Включить систему отзывов ESET LiveGrid® (рекомендуется)</string>
	<string name="IDS_EPI_CFG_LGF_DISABLE">Отключить систему отзывов ESET LiveGrid®</string>

	<string name="IDS_EPI_CFG_PUA_CAPTION">Обнаружение потенциально нежелательных приложений</string>
	<string name="IDS_EPI_CFG_PUA_TEXT">Решение ESET может обнаруживать &lt;a {{IDS_HELP_PUA_LINK}}&gt;потенциально нежелательные приложения&lt;/a&gt; и запрашивать подтверждение перед их установкой. Потенциально нежелательные приложения могут не представлять угрозу безопасности, но могут снижать производительность, скорость работы и надежность компьютера или же приводить к изменению поведения. Как правило, для установки таких программ требуется разрешение пользователя.</string>
	<string name="IDS_EPI_CFG_PUA_ENABLE">Включить обнаружение потенциально нежелательных приложений</string>
	<string name="IDS_EPI_CFG_PUA_DISABLE">Отключить обнаружение потенциально нежелательных приложений</string>

	<string name="IDS_EPI_CFG_CEIP_CAPTION">Участвовать в программе улучшения пользовательского опыта</string>
	<string name="IDS_EPI_CFG_CEIP_TEXT">Мы хотели бы собирать анонимные сведения о том, как используется данный продукт. Собранные сведения помогут нам улучшить ваш пользовательский опыт и никогда не будут передаваться третьим лицам.&lt;a type="command" href="gui.ceip.show"&gt; Какие сведения мы собираем?&lt;/a&gt;</string>
	<string name="IDS_EPI_CFG_CEIP_YES">Да, я хочу участвовать в программе (рекомендуется)</string>
	<string name="IDS_EPI_CFG_CEIP_NO">Нет, я не хочу участвовать в программе</string>

	<string name="IDS_EPI_CFG_EULA_CAPTION">Лицензионное соглашение с конечным пользователем</string>
	<string name="IDS_EPI_CFG_EULA_DESCRIPTION">Нажимая любую из кнопок "Продолжить" ниже, вы принимаете &lt;a {{IDS_LINK_SHOW_EULA}}&gt;лицензионное соглашение с конечным пользователем&lt;/a&gt; и соглашаетесь с &lt;a {{IDS_LINK_SHOW_PRIVACY_POLICY}}&gt;политикой конфиденциальности&lt;/a&gt;.</string>
	<string name="IDS_EPI_CFG_EULA_MSGBOX_OK">ОК</string>
	<string name="IDS_EPI_CFG_EULA_MSGBOX_NOT_AGREE">Я не соглашаюсь</string>
	<string name="IDS_EPI_CFG_EULA_MSGBOX_SAVE">Сохранить</string>

	<string name="IDS_EPI_CFG_BUTTON_ADVANCED">Сменить папку установки</string>
	<string name="IDS_EPI_CFG_FOLDERS_INSTALL">Папка с продуктом:</string>
	<string name="IDS_EPI_CFG_FOLDERS_DATA">Папка данных:</string>
	<string name="IDS_EPI_CFG_FOLDERS_MODULE">Папка модуля:</string>
	<string name="IDS_EPI_CFG_FOLDERS_VALIDATOR_INVALID">Выбрана недопустимая папка.</string>

	<string name="IDS_EPI_CFG_ALREADY_CONFIGURED">Параметры установки уже настроены.</string>

	<string name="IDS_EPI_NONEMPTY_FOLDER_WARNING_TITLE">Папка установки должна быть пустой</string>
	<string name="IDS_EPI_NONEMPTY_FOLDER_WARNING_MESSAGE_SINGULAR">Чтобы продолжить установку, существующая папка будет удалена:</string>
	<string name="IDS_EPI_NONEMPTY_FOLDER_WARNING_MESSAGE_PLURAL">Чтобы продолжить установку, существующие папки будут удалены:</string>
	<string name="IDS_EPI_NONEMPTY_FOLDER_QUESTION">&lt;b&gt;Вы согласны на удаление папок и продолжение установки?&lt;/b&gt;</string>

	<string name="IDS_EPI_DISKSPACE_TITLE">Недостаточно места на диске</string>
	<string name="IDS_EPI_DISKSPACE_TEXT01">Недостаточно места на диске. На указанных томах недостаточно места для установки. Проверьте доступное дисковое пространство и повторите попытку.</string>
	<string name="IDS_EPI_DISKSPACE_HEADER01">Диск</string>
	<string name="IDS_EPI_DISKSPACE_HEADER02">Емкость</string>
	<string name="IDS_EPI_DISKSPACE_HEADER03">Свободное пространство</string>
	<string name="IDS_EPI_DISKSPACE_HEADER04">Требуемое пространство</string>

	<string name="IDS_EPI_INSTALL_PACKAGE_SINGLE">Установка…</string>
	<string name="IDS_EPI_INSTALL_PACKAGE_MULTI">Установка %1...</string>

	<string name="IDS_EPI_DONE_TITLE">Установка завершена</string>
	<string name="IDS_EPI_DONE_TEXT01">Программа ${bts.package.[${bts.var.package.default}].name} установлена на компьютере. Она будет постоянно проверять вашу систему на наличие вирусов и вредоносных программ. &lt;br/&gt; &lt;br/&gt; Obrigado por escolher a ESET! &lt;br/&gt; &lt;br/&gt; &lt;br/&gt; Нажмите кнопку &lt;i&gt;Готово&lt;/i&gt;, чтобы завершить установку продукта.</string>
	<string name="IDS_EPI_DONE_TEXT01_EPI">Все пакеты установлены на компьютере. &lt;br/&gt; &lt;br/&gt; Нажмите кнопку &lt;i&gt;Готово&lt;/i&gt;, чтобы завершить установку продукта.</string>
		<string name="IDS_EPI_DONE_PACKAGECACHE_CAPTION">%1 и %2 должны находиться в одной папке во время запуска.</string>
	<string name="IDS_EPI_DONE_PACKAGECACHE_DESCRIPTION">Компонент "%1" был загружен и сохранен в следующей папке:&lt;br/&gt;</string>

	<string name="IDS_EPI_FAIL_FAILED_TITLE">Сбой установки</string>
	<string name="IDS_EPI_FAIL_FINISH_TITLE">Установка завершена</string>
	<string name="IDS_EPI_FAIL_KNOWLEDGEBASE">Поиск решения в базе знаний ESET.</string>
	<string name="IDS_EPI_FAIL_TROUBLESHOOT">Запустить устранение неполадок</string>
	<string name="IDS_EPI_FAIL_TS_LINK">Обратиться в службу технической поддержки ESET</string>
	<string name="IDS_EPI_FAIL_RESTART">Перезагрузите компьютер</string>

	<string name="IDS_EPI_FAIL_TITLE_OS">Устаревшая версия Microsoft Windows</string>
	<string name="IDS_EPI_FAIL_TEXT_OS_OUTDATED">ESET Security не поддерживает вашу устаревшую версию Microsoft Windows. Щелкните "Закрыть", чтобы выйти из программы установки.</string>
	<string name="IDS_EPI_FAIL_TEXT_OS_NOT_SUPPORTED">Этот продукт больше не поддерживается в вашей устаревшей версии Microsoft Windows. &lt;a {{IDS_LINK_PRODUCT_OPTIONS}}&gt;См. варианты действий&lt;/a&gt;</string>
	<string name="IDS_EPI_FAIL_TEXT_OS_NOT_SUPPORTED_BUSINESS">Этот продукт больше не поддерживается в вашей устаревшей версии Microsoft Windows.</string>

	<string name="IDS_EPI_FAIL_TITLE_EULA_REJECTED">Лицензионное соглашение с конечным пользователем</string>
	<string name="IDS_EPI_FAIL_TEXT_EULA_REJECTED">Лицензионное соглашение не принято.</string>

	<string name="IDS_EPI_FAIL_TITLE_CONNECTION">Ошибка при подключении</string>
	<string name="IDS_EPI_FAIL_TEXT_CONNECTION">Вероятно, ваше подключение к Интернету не работает. Невозможно установить продукт. &lt;a {{IDS_LINK_INTERNET_SETTINGS}}&gt;Проверьте подключение к Интернету&lt;/a&gt; и попытайтесь выполнить установку еще раз.&lt;br/&gt;&lt;br/&gt;Вы используете прокси-сервер? Измените параметры прокси-сервера и повторите попытку.</string>
	<string name="IDS_EPI_FAIL_TEXT_CONNECTION_EPI">Вероятно, ваше подключение к Интернету не работает. Невозможно установить пакеты. &lt;a {{IDS_LINK_INTERNET_SETTINGS}}&gt;Проверьте подключение к Интернету&lt;/a&gt; и попытайтесь выполнить установку еще раз.&lt;br/&gt;&lt;br/&gt;Вы используете прокси-сервер? Измените настройки прокси-сервера и повторите попытку.</string>

	<string name="IDS_EPI_FAIL_TITLE_DOWNLOAD_ERROR">Ошибка при загрузке</string>
	<string name="IDS_EPI_FAIL_TEXT_DOWNLOAD_ERROR">При загрузке данных с сервера произошла ошибка. Проверьте сетевое подключение и повторите попытку.&lt;br/&gt;&lt;br/&gt;Если проблемы не исчезают, то, чтобы загрузить средство автономной установки, посетите сайт &lt;a {{IDS_LINK_OFFLINE_INSTALLER}}&gt;www.eset.com&lt;/a&gt;.</string>
	<string name="IDS_EPI_FAIL_TEXT_DOWNLOAD_ERROR_EPI">При загрузке данных с сервера произошла ошибка. Проверьте сетевое подключение и повторите попытку.</string>

	<string name="IDS_EPI_FAIL_TITLE_INVALID_SERVER_RESPONSE">Недопустимый ответ</string>
	<string name="IDS_EPI_FAIL_TEXT_INVALID_SERVER_RESPONSE">От сервера получен недопустимый ответ.</string>

	<string name="IDS_EPI_FAIL_TITLE_INVALID_INSTALLER">Недопустимый установщик</string>
	<string name="IDS_EPI_FAIL_TEXT_INVALID_INSTALLER">Установщик недопустимый, и его необходимо заменить. Чтобы установить этот продукт, загрузите новый.</string>
	<string name="IDS_EPI_FAIL_TEXT_INVALID_INSTALLER_EPI">Установщик недопустимый, и его необходимо заменить. Чтобы установить этот продукт, создайте другой или обратитесь к администратору.</string>

	<string name="IDS_EPI_FAIL_TITLE_VERSIONCHECK_NO_PACKAGES">Совместимый пакет не найден</string>
	<string name="IDS_EPI_FAIL_TEXT_VERSIONCHECK_NO_PACKAGES">На сервере не найдены совместимые пакеты установки. Чтобы загрузить средство автономной установки, посетите сайт &lt;a {{IDS_LINK_OFFLINE_INSTALLER}}&gt;www.eset.com&lt;/a&gt;.</string>
	<string name="IDS_EPI_FAIL_TEXT_VERSIONCHECK_NO_PACKAGES_EPI">Установщик недопустимый, и его необходимо заменить. Чтобы установить этот продукт, создайте другой или обратитесь к администратору.</string>

	<string name="IDS_EPI_FAIL_TITLE_INCOMPATIBLE_OS">Несовместимая операционная система</string>
	<string name="IDS_EPI_FAIL_TEXT_INCOMPATIBLE_OS">Программа ${bts.package.[${bts.var.package.current}].name} не предназначена для ваших операционных систем. Загрузите и установите продукт с сайта &lt;a {{IDS_LINK_OFFLINE_INSTALLER}}&gt;www.eset.com&lt;/a&gt;.</string>
	<string name="IDS_EPI_FAIL_TEXT_INCOMPATIBLE_OS_EPI">Пакет ${bts.package.[${bts.var.package.current}].name} не предназначен для ваших операционных систем.</string>

	<string name="IDS_EPI_FAIL_TITLE_INCOMPATIBLE_PACKAGE_X32">Несовместимый пакет</string>
	<string name="IDS_EPI_FAIL_TEXT_INCOMPATIBLE_PACKAGE_X32">Данный пакет установки предназначен для 32-разрядных операционных систем. Используйте пакет, предназначенный для 64-разрядных систем.</string>

	<string name="IDS_EPI_FAIL_TITLE_INCOMPATIBLE_PACKAGE_X64">Несовместимый пакет</string>
	<string name="IDS_EPI_FAIL_TEXT_INCOMPATIBLE_PACKAGE_X64">Данный пакет установки предназначен для 64-разрядных операционных систем. Используйте пакет, предназначенный для 32-разрядных систем.</string>

	<string name="IDS_EPI_FAIL_TITLE_INCOMPATIBLE_PRODUCT_INSTALLED">Установлен несовместимый продукт</string>
	<string name="IDS_EPI_FAIL_TEXT_INCOMPATIBLE_PRODUCT_INSTALLED">Уже установлен несовместимый продукт {PRODUCT}. Удалите его вручную и запустите установку еще раз.</string>

	<string name="IDS_EPI_FAIL_TITLE_NEWER_VERSION_NOT_AVAILABLE">Уже установлена последняя версия</string>
	<string name="IDS_EPI_FAIL_TEXT_NEWER_VERSION_NOT_AVAILABLE">На этом компьютере уже установлена последняя версия ${bts.package.[${bts.var.package.default}].name}.</string>

	<string name="IDS_EPI_FAIL_TITLE_REFERRAL">Невозможно установить продукт</string>
	<string name="IDS_EPI_FAIL_TEXT_REFERRAL">Невозможно установить данный продукт, поскольку на этом устройстве уже установлен другой продукт ESET.</string>
	<string name="IDS_EPI_FAIL_TEXT_REFERRAL_UPGRADE">Установленная версия продукта ESET устарела и больше не гарантирует максимальную защиту.&lt;br/&gt;&lt;b&gt;Чтобы улучшить защиту, обновите продукт до последней версии БЕСПЛАТНО.&lt;/b&gt;</string>

	<string name="IDS_EPI_FAIL_TITLE_PACKAGE_NOT_FOUND">Пакет не найден</string>
	<string name="IDS_EPI_FAIL_TEXT_PACKAGE_NOT_FOUND">Пакет для установки {PRODUCT} не найден.</string>

	<string name="IDS_EPI_FAIL_TITLE_PACKAGE_CORRUPTED">Пакет поврежден</string>
	<string name="IDS_EPI_FAIL_TEXT_PACKAGE_CORRUPTED">Пакет для установки {PRODUCT} поврежден.</string>

	<string name="IDS_EPI_FAIL_TITLE_INSTALL_OUT_OF_SPACE">Недостаточно места на диске</string>
	<string name="IDS_EPI_FAIL_TEXT_INSTALL_OUT_OF_SPACE">Недостаточно места на диске, чтобы завершить установку ${bts.package.[${bts.var.package.default}].name}.&lt;br/&gt;&lt;br/&gt;Убедитесь, что на диске есть как минимум %u MБ свободного пространства, и повторите попытку.</string>
	<string name="IDS_EPI_FAIL_TEXT_INSTALL_OUT_OF_SPACE_EPI">Недостаточно места на диске, чтобы завершить установку всех пакетов.&lt;br/&gt;&lt;br/&gt;Убедитесь, что на диске есть как минимум %u MБ свободного пространства, и повторите попытку.</string>

	<string name="IDS_EPI_FAIL_TITLE_SETUP">Установка не завершена</string>
	<string name="IDS_EPI_FAIL_TEXT_SETUP">Установка ${bts.package.[${bts.var.package.current}].name} не выполнена. Компьютер может не быть защищен от угроз. Для установки ${bts.package.[${bts.var.package.current}].name} на свой компьютер запустите процесс установки повторно.</string>
	<string name="IDS_EPI_FAIL_TEXT_SETUP_TROUBLESHOOT">При установке продукта ESET на ваше устройство возникла проблема. Рекомендуем запустить средство устранения неполадок. Оно решит проблему, если это возможно.</string>
	<string name="IDS_EPI_FAIL_TEXT_SETUP_EPI">Установка ${bts.package.[${bts.var.package.current}].name} не выполнена. Компьютер может не быть защищен от угроз. Для установки всех пакетов на компьютер запустите процесс установки повторно.</string>
	<string name="IDS_EPI_FAIL_TEXT_SETUP_ERROR_CODE">Код ошибки: %s</string>

	<string name="IDS_EPI_FAIL_TITLE_ABORT">Пользователь прервал установку</string>
	<string name="IDS_EPI_FAIL_TEXT_ABORT">Пользователь прервал установку ${bts.package.[${bts.var.package.default}].name}. Для установки ${bts.package.[${bts.var.package.default}].name} на свой компьютер запустите процесс установки повторно.</string>
	<string name="IDS_EPI_FAIL_TEXT_ABORT_EPI">Пользователь прервал установку. Для установки всех пакетов на компьютер запустите процесс установки повторно.</string>

	<string name="IDS_EPI_FAIL_TITLE_INTERNAL_ERROR">Внутренняя ошибка</string>
	<string name="IDS_EPI_FAIL_TEXT_INTERNAL_ERROR">Произошла внутренняя ошибка. Чтобы запустить установку снова, повторите попытку.</string>

	<string name="IDS_EPI_TROUBLESHOOT_FINISH_TITLE">Работа средства устранения неполадок завершена</string>
	<string name="IDS_EPI_TROUBLESHOOT_SUCCESS_TITLE">Устранение неполадок завершилось успешно</string>
	<string name="IDS_EPI_TROUBLESHOOT_FAILED_TITLE">Устранение неполадок не завершилось успешно</string>
	<string name="IDS_EPI_TROUBLESHOOT_TEXT">&lt;b&gt;Рекомендуем закрыть это окно и перезапустить компьютер. После перезапуска запустите этот установщик снова.&lt;/b&gt;</string>
	<string name="IDS_EPI_TROUBLESHOOT_REBOOT_TEXT">&lt;b&gt;Для завершения устранения неполадок необходимо перезапустить компьютер. Закройте это окно и перезапустите компьютер. После перезапуска запустите этот установщик снова.&lt;/b&gt;</string>
	<string name="IDS_EPI_TROUBLESHOOT_CONTACT_TEXT">Если ошибка не исчезнет, обратитесь к системному администратору или в &lt;a {{IDS_LINK_SUPPORT}}&gt;службу технической поддержки ESET&lt;/a&gt;.</string>

	<string name="IDS_EPI_CFG_SIMPLE_CAPTION">Параметры защиты и установки</string>
	<string name="IDS_EPI_CFG_RECOMMENDED_CAPTION">Рекомендуется</string>
	<string name="IDS_EPI_CFG_SIMPLE_PUA_CAPTION">Включить обнаружение потенциально нежелательных приложений</string>
	<string name="IDS_EPI_CFG_SIMPLE_CEIP_CAPTION">Участие в программе улучшения пользовательского опыта &lt;br/&gt; &lt;a type="command" href="gui.ceip.show"&gt; Какие сведения мы собираем?&lt;/a&gt;</string>
	<string name="IDS_EPI_CFG_SIMPLE_LGF_CAPTION">Включить систему обратной связи ESET LiveGrid®</string>
	<string name="IDS_EPI_CFG_SIMPLE_CEIP_TEXT">Мы хотели бы собирать анонимные сведения о том, как используется данный продукт. Эта информация поможет нам улучшить ваш пользовательский опыт и никогда не будет передана третьим лицам.</string>
	<string name="IDS_EPI_CFG_SIMPLE_CONTINUE">Продолжить</string>
	<string name="IDS_EPI_CFG_SIMPLE_ALL_CONTINUE">Разрешить все и продолжить</string>

	<string name="IDS_EPI_BANNER_CAPTION1">Подготовка к установке</string>
	<string name="IDS_EPI_BANNER_DESCRIPTION1">Подождите, пока загружается пакет для установки.</string>

	<string name="IDS_EPI_BANNER_CAPTION2">Выполняется установка</string>
	<string name="IDS_EPI_BANNER_DESCRIPTION2">Почти готово! Дождитесь завершения установки.</string>

	<string name="IDS_EPI_BANNER_CAPTION3">Качество, проверенное опытом</string>
	<string name="IDS_EPI_BANNER_DESCRIPTION3">Многоуровневые технологии детектирования угроз позволяют продуктам ESET защищать более 100 миллионов пользователей по всему миру с наименьшим влиянием на производительность.</string>

	<string name="IDS_EPI_BANNER_CAPTION4">Благодарим за выбор ESET!</string>
	<string name="IDS_EPI_BANNER_DESCRIPTION4">Технологии ESET NOD32® завоевали рекордное количество наград независимой лаборатории VB100.</string>

	<string name="IDS_EPI_BANNER_CAPTION5">Легкое управление защитой</string>
	<string name="IDS_EPI_BANNER_DESCRIPTION5">И облачная, и локальная консоли управления безопасностью представляют собой удобное средство, обеспечивающее улучшенные возможности контроля над всей вашей инфраструктурой безопасности ESET в любое время и в любом месте.</string>


</resources>
