﻿<?xml version="1.0" encoding="utf-8" ?>
<resources langname="Português Brasileiro" lcid="0416">

	<string name="IDS_EPI_INSTALL_STEP">Boas-vindas|Acordo de licença|AV Remover|Instalação|Conclusão</string>

	<string name="IDS_EPI_ACTION_INIT">Inicializando...</string>
	<string name="IDS_EPI_ACTION_EULA">Fazendo download do(s) EULA(s)...</string>
	<string name="IDS_EPI_ACTION_DUMP">Preparando o pacote de instalação...</string>
	<string name="IDS_EPI_ACTION_CALC">Calculando espaço disponível...</string>
	<string name="IDS_EPI_ACTION_DETECTAV">Verificando possíveis conflitos entre aplicativos...</string>
	<string name="IDS_EPI_ACTION_PACKAGECACHE">Finalizando o pacote off-line...</string>
	<string name="IDS_EPI_ACTION_CLEANUP_FOLDERS">Excluindo pastas...</string>
	<string name="IDS_EPI_ACTION_TROUBLESHOOTING">Solucionando os problemas, isto pode levar alguns minutos...</string>

	<string name="IDS_EPI_HOME_TITLE_EAV">Instalar ${bts.package.[0].name}</string>
	<string name="IDS_EPI_HOME_TEXT_EAV">Aproveite seu computador enquanto trabalha, joga e está conectado - protegido pela ESET.</string>
	<string name="IDS_EPI_HOME_TITLE_ESS">Instalar ${bts.package.[0].name}</string>
	<string name="IDS_EPI_HOME_TEXT_ESS">Aproveite seu computador enquanto trabalha, joga e está conectado - protegido pela ESET.</string>
	<string name="IDS_EPI_HOME_TITLE_EIS">Instalar ${bts.package.[0].name}</string>
	<string name="IDS_EPI_HOME_TEXT_EIS">Aproveite seu computador enquanto trabalha, joga e está conectado - protegido pela ESET.</string>
	<string name="IDS_EPI_HOME_TITLE_ESSP">Instalar ${bts.package.[0].name}</string>
	<string name="IDS_EPI_HOME_TEXT_ESSP">Aproveite seu computador enquanto trabalha, joga e está conectado - protegido pela ESET.</string>
	<string name="IDS_EPI_HOME_TITLE_EHS">Instalar ${bts.package.[0].name}</string>
	<string name="IDS_EPI_HOME_TEXT_EHS">Aproveite seu computador enquanto trabalha, joga e está conectado - protegido pela ESET.</string>
	<string name="IDS_EPI_HOME_TITLE_EEA">Instalar ${bts.package.[0].name}</string>
	<string name="IDS_EPI_HOME_SUBTITLE_EEA">Proteção de linha de base avançada para seus negócios</string>
	<string name="IDS_EPI_HOME_TEXT_EEA">${bts.package.[0].name}, contando com a tecnologia de detecção premiada ESET NOD32®, fornece aos seus negócios uma proteção de linha de base leve e avançada, aprimorada por nosso sistema de reputação baseado em nuvem. Controle tudo sem esforços com nosso console da web do ESET PROTECT fácil de usar e totalmente reprojetado.</string>
	<string name="IDS_EPI_HOME_TITLE_EES">Instalar ${bts.package.[0].name}</string>
	<string name="IDS_EPI_HOME_SUBTITLE_EES">Seu conjunto de segurança avançado com todos os recursos</string>
	<string name="IDS_EPI_HOME_TEXT_EES">${bts.package.[0].name} é o seu conjunto de segurança avançado com todos os recursos, que oferece uma proteção abrangente e multicamadas contra todos os tipos de malware. Aproveite as baixas demandas do sistema, suporte de virtualização e supervisão através do novíssimo console da web do ESET PROTECT.</string>

	<string name="IDS_EPI_HOME_TITLE_MULTI">Instalar Componentes</string>
	<string name="IDS_EPI_INFO_TITLE_ERAA">Este computador será gerenciado pelo ESET PROTECT</string>
	<string name="IDS_EPI_BUNDLE_TITLE">Os componentes a seguir estão incluídos neste instalador</string>

	<string name="IDS_EPI_HOME_AVREMOVER_CHECK">Quero desinstalar produtos de segurança incompatíveis</string>
	<string name="IDS_EPI_HOME_NEW_VERSION_TEXT">Uma versão mais recente deste produto está disponível online e pode ser baixada e instalada automaticamente, em vez da versão incluída.</string>
	<string name="IDS_EPI_HOME_NEW_VERSION_CHECKBOX">Instalar versão mais recente</string>

<string name="IDS_EPI_HOME_NEED_HELP">Precisa de ajuda com a instalação?</string>
	<string name="IDS_EPI_HOME_OPEN_INSTRUCTIONS">Abrir instruções de instalação</string>
	<string name="IDS_EPI_HOME_OPEN_GUIDE">Abrir guia do usuário</string>

	<string name="IDS_EPI_LOCK_PASSWORD_TITLE">As configurações do ESET Security são protegidas por senha</string>
	<string name="IDS_EPI_LOCK_PASSWORD_SUBTITLE">Digite uma senha válida para continuar.</string>
	<string name="IDS_EPI_LOCK_PASSWORD_TEXT">Senha</string>
	<string name="IDS_EPI_LOCK_PASSWORD_ERROR">Senha incorreta. Você pode restaurar a senha&lt;br/&gt;na configurações avançadas do produto.</string>

	<string name="IDS_EPI_EULA_SINGLE_TITLE">Acordo de licença de usuário final</string>
	<string name="IDS_EPI_EULA_SAVEAS_FILTER">Texto (*.txt)|*.txt|HTML (*.html,*.htm)|*.html;*.htm||</string>
	<string name="IDS_EPI_EULA_BUTTON_ACCEPT">Eu aceito</string>
	<string name="IDS_EPI_EULA_BUTTON_DECLINE">Eu não aceito</string>
	<string name="IDS_EPI_EULA_DECLINE">Negar o Acordo de Licença para o Usuário Final vai fechar o instalador. Tem certeza de que deseja fazer isso?</string>

	<string name="IDS_EPI_DETECTAV_TITLE">Rastreando</string>
	<string name="IDS_EPI_DETECTAV_TEXT01">Foram encontrados outros produtos de segurança</string>
	<string name="IDS_EPI_DETECTAV_TEXT02">Executar duas soluções de segurança ao mesmo tempo pode causar instabilidade. Resolva este problema desinstalando o software de segurança em conflito presente no seu sistema.</string>
	<string name="IDS_EPI_DETECTAV_UNINSTALL">Como desinstalar outros softwares antivírus</string>

	<string name="IDS_EPI_PACKAGECACHE_TITLE">Pré-download dos componentes</string>
	<string name="IDS_EPI_PACKAGECACHE_TEXT">Faça o pré-download dos componentes incluídos nesse Pacote de Instalador (Instalador Live) para acelerar o processo de instalação quando você tem uma conexão com a internet limitada.</string>
	<string name="IDS_EPI_PACKAGECACHE_HOW01">&lt;b&gt;Clique no botão de download&lt;/b&gt; e o %1 será criado, o download dele será feito e ele será salvo no seu computador.</string>
	<string name="IDS_EPI_PACKAGECACHE_HOW02">&lt;b&gt;Copia o %1 e o %2 para a mesma pasta.&lt;/b&gt; Você pode usar um espaço de rede compartilhado ou uma unidade USB.</string>
	<string name="IDS_EPI_PACKAGECACHE_HOW03">&lt;b&gt;Executa o %2 em qualquer computador da pasta compartilhada ou da unidade USB.&lt;/b&gt; O %2 vai usar os componentes que já foram baixados, sem fazer o download novamente.</string>

	<string name="IDS_EPI_DOWNLOAD_PACKAGE_SINGLE">Fazendo download...</string>
	<string name="IDS_EPI_DOWNLOAD_PACKAGE_MULTI">Fazendo download %1 ...</string>

	<string name="IDS_EPI_CFG_LGF_CAPTION_CONSUMER">Quanto mais melhor. Obtenha o nível máximo de proteção.</string>
	<string name="IDS_EPI_CFG_LGF_TEXT_CONSUMER">O sistema de feedback do ESET LiveGrid® nos permite coletar estatísticas e informações sobre objetos suspeitos, que processamos automaticamente para criar mecanismos de detecção em nosso sistema de nuvem. Em seguida eles são aplicados imediatamente para garantir que nossos clientes tenham o nível máximo de proteção.</string>
	<string name="IDS_EPI_CFG_LGF_CAPTION_BUSINESS">Ajude-nos a oferecer a você uma segurança melhor do que nunca.</string>
	<string name="IDS_EPI_CFG_LGF_TEXT_BUSINESS">O sistema de feedback do ESET LiveGrid® usa mais de 100 milhões de sensores em todo o mundo que nos permitem coletar estatísticas e informações sobre objetos suspeitos, que processamos automaticamente para criar mecanismos de detecção usando nosso sistema de reputação baseado em nuvem. Em seguida eles são aplicados imediatamente para garantir que você tenha o nível máximo de proteção.</string>
	<string name="IDS_EPI_CFG_LGF_ENABLE">Ativar o sistema de feedback do ESET LiveGrid® (recomendado)</string>
	<string name="IDS_EPI_CFG_LGF_DISABLE">Desativar o sistema de feedback do ESET LiveGrid®</string>

	<string name="IDS_EPI_CFG_PUA_CAPTION">Detecção de aplicativos potencialmente não desejados</string>
	<string name="IDS_EPI_CFG_PUA_TEXT">A ESET pode detectar &lt;a {{IDS_HELP_PUA_LINK}}&gt;aplicativos potencialmente não desejados&lt;/a&gt; e pedir uma confirmação antes que eles sejam instalados. Aplicativos potencialmente indesejados podem não oferecer riscos de segurança, mas podem afetar o desempenho, a velocidade e a confiabilidade do computador, ou causar mudanças no seu comportamento. Normalmente eles pedem o consentimento do usuário antes da instalação.</string>
	<string name="IDS_EPI_CFG_PUA_ENABLE">Ativar detecção de aplicativos potencialmente indesejados</string>
	<string name="IDS_EPI_CFG_PUA_DISABLE">Desativar detecção de aplicativos potencialmente indesejados</string>

	<string name="IDS_EPI_CFG_CEIP_CAPTION">Participar do programa de melhoria da experiência do cliente</string>
	<string name="IDS_EPI_CFG_CEIP_TEXT">Gostaríamos de coletar informações anônimas sobre como este produto é usado. Os dados coletados vão nos ajudar a melhorar sua experiência e nunca serão compartilhados com terceiros.&lt;a type="command" href="gui.ceip.show"&gt; Quais informações coletamos?&lt;/a&gt;</string>
	<string name="IDS_EPI_CFG_CEIP_YES">Sim, quero participar do programa (recomendado)</string>
	<string name="IDS_EPI_CFG_CEIP_NO">Não, não quero participar do programa</string>

	<string name="IDS_EPI_CFG_EULA_CAPTION">Acordo de Licença para o Usuário final</string>
	<string name="IDS_EPI_CFG_EULA_DESCRIPTION">Ao clicar em qualquer um dos botões "Continuar" abaixo, você aceita o &lt;a {{IDS_LINK_SHOW_EULA}}&gt;Acordo de Licença de Usuário Final&lt;/a&gt; e reconhece a &lt;a {{IDS_LINK_SHOW_PRIVACY_POLICY}}&gt;Política de Privacidade.&lt;/a&gt;</string>
	<string name="IDS_EPI_CFG_EULA_MSGBOX_OK">OK</string>
	<string name="IDS_EPI_CFG_EULA_MSGBOX_NOT_AGREE">Não concordo</string>
	<string name="IDS_EPI_CFG_EULA_MSGBOX_SAVE">Salvar</string>

	<string name="IDS_EPI_CFG_BUTTON_ADVANCED">Alterar a pasta de instalação</string>
	<string name="IDS_EPI_CFG_FOLDERS_INSTALL">Pasta do produto:</string>
	<string name="IDS_EPI_CFG_FOLDERS_DATA">Pasta de dados:</string>
	<string name="IDS_EPI_CFG_FOLDERS_MODULE">Pasta do módulo:</string>
	<string name="IDS_EPI_CFG_FOLDERS_VALIDATOR_INVALID">Pasta selecionada inválida.</string>

	<string name="IDS_EPI_CFG_ALREADY_CONFIGURED">As configurações de instalação já foram configuradas.</string>

	<string name="IDS_EPI_NONEMPTY_FOLDER_WARNING_TITLE">A pasta de instalação deve estar vazia</string>
	<string name="IDS_EPI_NONEMPTY_FOLDER_WARNING_MESSAGE_SINGULAR">Para continuar com a instalação, a pasta existente será removida:</string>
	<string name="IDS_EPI_NONEMPTY_FOLDER_WARNING_MESSAGE_PLURAL">Para continuar com a instalação, as pastas existentes serão removidas:</string>
	<string name="IDS_EPI_NONEMPTY_FOLDER_QUESTION">&lt;b&gt;Você concorda em remover as pastas e continuar com a instalação?&lt;/b&gt;</string>

	<string name="IDS_EPI_DISKSPACE_TITLE">Espaço em disco insuficiente</string>
	<string name="IDS_EPI_DISKSPACE_TEXT01">Você está sem espaço no disco. Os volumes em destaque não têm espaço disponível suficiente para a instalação. Verifique o espaço em disco disponível e tente novamente.</string>
	<string name="IDS_EPI_DISKSPACE_HEADER01">Unidade</string>
	<string name="IDS_EPI_DISKSPACE_HEADER02">Capacidade</string>
	<string name="IDS_EPI_DISKSPACE_HEADER03">Espaço livre</string>
	<string name="IDS_EPI_DISKSPACE_HEADER04">Espaço necessário</string>

	<string name="IDS_EPI_INSTALL_PACKAGE_SINGLE">Instalando...</string>
	<string name="IDS_EPI_INSTALL_PACKAGE_MULTI">Instalando %1 ...</string>

	<string name="IDS_EPI_DONE_TITLE">Instalação bem-sucedida</string>
	<string name="IDS_EPI_DONE_TEXT01">O ${bts.package.[${bts.var.package.default}].name} foi instalado com sucesso em seu computador. Seu computador será verificado continuamente em busca de vírus e malware. &lt;br/&gt; &lt;br/&gt; Obrigado por escolher a ESET! &lt;br/&gt; &lt;br/&gt; &lt;br/&gt; Clique em &lt;i&gt;Completo&lt;/i&gt; para concluir a instalação do produto.</string>
	<string name="IDS_EPI_DONE_TEXT01_EPI">Todos os pacotes foram instalados com sucesso no seu computador. &lt;br/&gt; &lt;br/&gt; Clique em &lt;i&gt;Concluído&lt;/i&gt; para completar a configuração do produto.</string>
		<string name="IDS_EPI_DONE_PACKAGECACHE_CAPTION">O %1 e %2 devem estar localizados na mesma pasta quando forem executados.</string>
	<string name="IDS_EPI_DONE_PACKAGECACHE_DESCRIPTION">Foi feito o download do %1 e ele foi salvo na pasta:&lt;br/&gt;</string>

	<string name="IDS_EPI_FAIL_FAILED_TITLE">Installation failed</string>
	<string name="IDS_EPI_FAIL_FINISH_TITLE">Instalação concluída</string>
	<string name="IDS_EPI_FAIL_KNOWLEDGEBASE">Pesquisar solução na base de conhecimento da ESET.</string>
	<string name="IDS_EPI_FAIL_TROUBLESHOOT">Executar a solução de problemas</string>
	<string name="IDS_EPI_FAIL_TS_LINK">Entre em contato com o Suporte técnico ESET</string>
	<string name="IDS_EPI_FAIL_RESTART">Reiniciar computador</string>

	<string name="IDS_EPI_FAIL_TITLE_OS">Versão desatualizada do Microsoft Windows</string>
	<string name="IDS_EPI_FAIL_TEXT_OS_OUTDATED">O ESET Security não é compatível com sua versão desatualizada do Microsoft Windows. Clique em fechar para sair da instalação.</string>
	<string name="IDS_EPI_FAIL_TEXT_OS_NOT_SUPPORTED">Este produto não é mais compatível com sua versão desatualizada do Microsoft Windows. &lt;a {{IDS_LINK_PRODUCT_OPTIONS}}&gt;Veja suas opções&lt;/a&gt;</string>
	<string name="IDS_EPI_FAIL_TEXT_OS_NOT_SUPPORTED_BUSINESS">Este produto não é mais compatível em sua versão desatualizada do Microsoft Windows.</string>

	<string name="IDS_EPI_FAIL_TITLE_EULA_REJECTED">Acordo de licença de usuário final</string>
	<string name="IDS_EPI_FAIL_TEXT_EULA_REJECTED">O Acordo de Licença para o Usuário Final não foi aceito.</string>

	<string name="IDS_EPI_FAIL_TITLE_CONNECTION">Erro de conexão</string>
	<string name="IDS_EPI_FAIL_TEXT_CONNECTION">Parece que sua conexão com a internet não está funcionando. Não foi possível instalar o produto. &lt;a {{IDS_LINK_INTERNET_SETTINGS}}&gt;Verifique sua conexão com a internet&lt;/a&gt; e tente fazer a instalação novamente.&lt;br/&gt;&lt;br/&gt;Você está usando um servidor proxy? Altere as configurações do servidor proxy e tente novamente.</string>
	<string name="IDS_EPI_FAIL_TEXT_CONNECTION_EPI">Parece que sua conexão com a internet não está funcionando. Não foi possível instalar os pacotes. &lt;a {{IDS_LINK_INTERNET_SETTINGS}}&gt;Verifique sua conexão com a internet&lt;/a&gt; e tente fazer a instalação novamente.&lt;br/&gt;&lt;br/&gt;Você está usando um servidor proxy? Altere as configurações do servidor proxy e tente novamente.</string>

	<string name="IDS_EPI_FAIL_TITLE_DOWNLOAD_ERROR">Erro ao fazer download</string>
	<string name="IDS_EPI_FAIL_TEXT_DOWNLOAD_ERROR">Ocorreu um erro ao fazer download dos dados do servidor. Verifique sua conexão de rede e tente novamente.&lt;br/&gt;&lt;br/&gt;Se ainda estiver com problemas, visite &lt;a {{IDS_LINK_OFFLINE_INSTALLER}}&gt;www.eset.com&lt;/a&gt; para fazer download do instalador off-line.</string>
	<string name="IDS_EPI_FAIL_TEXT_DOWNLOAD_ERROR_EPI">Ocorreu um erro ao fazer download dos dados do servidor. Verifique sua conexão de  rede e tente novamente.</string>

	<string name="IDS_EPI_FAIL_TITLE_INVALID_SERVER_RESPONSE">Resposta inválida</string>
	<string name="IDS_EPI_FAIL_TEXT_INVALID_SERVER_RESPONSE">Uma resposta inválida foi recebida do servidor.</string>

	<string name="IDS_EPI_FAIL_TITLE_INVALID_INSTALLER">Instalador inválido</string>
	<string name="IDS_EPI_FAIL_TEXT_INVALID_INSTALLER">Esse instalador não é mais válido e deve ser substituído. Faça o download de um novo instalador para instalar o produto.</string>
	<string name="IDS_EPI_FAIL_TEXT_INVALID_INSTALLER_EPI">Esse instalador não é mais válido e deve ser substituído. Crie um novo instalador ou entre em contato com seu administrador para instalar o produto.</string>

	<string name="IDS_EPI_FAIL_TITLE_VERSIONCHECK_NO_PACKAGES">Pacote compatível não encontrado</string>
	<string name="IDS_EPI_FAIL_TEXT_VERSIONCHECK_NO_PACKAGES">Não há pacote de instalação compatível disponível no servidor. Visite &lt;a {{IDS_LINK_OFFLINE_INSTALLER}}&gt;www.eset.com&lt;/a&gt; para fazer download do instalador off-line.</string>
	<string name="IDS_EPI_FAIL_TEXT_VERSIONCHECK_NO_PACKAGES_EPI">Esse instalador não é mais válido e deve ser substituído. Crie um novo instalador ou entre em contato com seu administrador para instalar o produto.</string>

	<string name="IDS_EPI_FAIL_TITLE_INCOMPATIBLE_OS">Sistema operacional incompatível</string>
	<string name="IDS_EPI_FAIL_TEXT_INCOMPATIBLE_OS">O ${bts.package.[${bts.var.package.current}].name} não é destinado ao seu sistema operacional servidor. Faça download e instale o produto de &lt;a {{IDS_OFFLINE_INSTALLER_LINK}} &gt;www.eset.com&lt;/a&gt;.</string>
	<string name="IDS_EPI_FAIL_TEXT_INCOMPATIBLE_OS_EPI">O ${bts.package.[${bts.var.package.current}].name} não é destinado ao seu sistema operacional.</string>

	<string name="IDS_EPI_FAIL_TITLE_INCOMPATIBLE_PACKAGE_X32">Pacote incompatível</string>
	<string name="IDS_EPI_FAIL_TEXT_INCOMPATIBLE_PACKAGE_X32">Este pacote de instalação destina-se a sistemas operacionais de 32 bits. Use um pacote de instalação para sistemas operacionais de 64 bits.</string>

	<string name="IDS_EPI_FAIL_TITLE_INCOMPATIBLE_PACKAGE_X64">Pacote incompatível</string>
	<string name="IDS_EPI_FAIL_TEXT_INCOMPATIBLE_PACKAGE_X64">Este pacote de instalação destina-se a sistemas operacionais de 64 bits. Use um pacote de instalação para sistemas operacionais de 32 bits.</string>

	<string name="IDS_EPI_FAIL_TITLE_INCOMPATIBLE_PRODUCT_INSTALLED">Produto incompatível instalado</string>
	<string name="IDS_EPI_FAIL_TEXT_INCOMPATIBLE_PRODUCT_INSTALLED">Um produto incompatível {PRODUCT} já está instalado. Desinstale manualmente e comece a instalação novamente.</string>

	<string name="IDS_EPI_FAIL_TITLE_NEWER_VERSION_NOT_AVAILABLE">Versão mais recente já instalada</string>
	<string name="IDS_EPI_FAIL_TEXT_NEWER_VERSION_NOT_AVAILABLE">Uma versão mais recente do ${bts.package.[${bts.var.package.default}].name} já está instalada neste computador.</string>

	<string name="IDS_EPI_FAIL_TITLE_REFERRAL">Não foi possível instalar o produto</string>
	<string name="IDS_EPI_FAIL_TEXT_REFERRAL">Não foi possível instalar o produto, já existe outro produto ESET instalado neste dispositivo.</string>
	<string name="IDS_EPI_FAIL_TEXT_REFERRAL_UPGRADE">Sua versão existente da ESET está desatualizada e não garante mais a melhor proteção possível.&lt;br/&gt;&lt;b&gt;Melhore sua proteção de segurança fazendo a atualização para a versão mais recente GRATUITAMENTE.&lt;/b&gt;</string>

	<string name="IDS_EPI_FAIL_TITLE_PACKAGE_NOT_FOUND">Pacote não encontrado</string>
	<string name="IDS_EPI_FAIL_TEXT_PACKAGE_NOT_FOUND">O pacote de instalação {PRODUCT} não foi encontrado.</string>

	<string name="IDS_EPI_FAIL_TITLE_PACKAGE_CORRUPTED">O pacote está corrompido</string>
	<string name="IDS_EPI_FAIL_TEXT_PACKAGE_CORRUPTED">O pacote de instalação {PRODUCT} está corrompido.</string>

	<string name="IDS_EPI_FAIL_TITLE_INSTALL_OUT_OF_SPACE">Espaço em disco insuficiente</string>
	<string name="IDS_EPI_FAIL_TEXT_INSTALL_OUT_OF_SPACE">Não há espaço em disco suficiente para concluir a instalação do ${bts.package.[${bts.var.package.default}].name}.&lt;br/&gt;&lt;br/&gt;Certifique-se de ter no mínimo %u MB livres e tente novamente.</string>
	<string name="IDS_EPI_FAIL_TEXT_INSTALL_OUT_OF_SPACE_EPI">Não há espaço em disco suficiente para concluir a instalação de todos os pacotes.&lt;br/&gt;&lt;br/&gt;Certifique-se de ter no mínimo %u MB livres e tente novamente.</string>

	<string name="IDS_EPI_FAIL_TITLE_SETUP">A instalação não foi concluída com sucesso</string>
	<string name="IDS_EPI_FAIL_TEXT_SETUP">A instalação do ${bts.package.[${bts.var.package.current}].name} não foi concluída com sucesso. O sistema pode não estar protegido contra ameaças de computador. Para instalar o ${bts.package.[${bts.var.package.current}].name} em seu computador, execute a instalação novamente.</string>
	<string name="IDS_EPI_FAIL_TEXT_SETUP_TROUBLESHOOT">Houve um problema ao instalar o produto ESET no seu dispositivo. Recomendamos que você execute a solução de problemas. A solução de problemas vai resolver o problema, se possível.</string>
	<string name="IDS_EPI_FAIL_TEXT_SETUP_EPI">A instalação do ${bts.package.[${bts.var.package.current}].name} não foi concluída com sucesso. O sistema pode não estar protegido contra ameaças de computador. Para instalar todos os pacotes em seu computador, execute a instalação novamente.</string>
	<string name="IDS_EPI_FAIL_TEXT_SETUP_ERROR_CODE">Código de erro: %s</string>

	<string name="IDS_EPI_FAIL_TITLE_ABORT">A instalação foi interrompida pelo usuário</string>
	<string name="IDS_EPI_FAIL_TEXT_ABORT">A instalação do ${bts.package.[${bts.var.package.default}].name} foi interrompida pelo usuário. Para instalar o ${bts.package.[${bts.var.package.default}].name} em seu computador, execute a instalação novamente.</string>
	<string name="IDS_EPI_FAIL_TEXT_ABORT_EPI">A instalação foi interrompida pelo usuário. Para instalar todos os pacotes em seu computador, execute a instalação novamente.</string>

	<string name="IDS_EPI_FAIL_TITLE_INTERNAL_ERROR">Erro interno</string>
	<string name="IDS_EPI_FAIL_TEXT_INTERNAL_ERROR">Aconteceu um erro interno. Tente novamente iniciar a instalação.</string>

	<string name="IDS_EPI_TROUBLESHOOT_FINISH_TITLE">Solução de problemas concluída</string>
	<string name="IDS_EPI_TROUBLESHOOT_SUCCESS_TITLE">A solução de problemas foi concluída com sucesso</string>
	<string name="IDS_EPI_TROUBLESHOOT_FAILED_TITLE">A solução de problemas não foi concluída com sucesso</string>
	<string name="IDS_EPI_TROUBLESHOOT_TEXT">&lt;b&gt;Recomendamos que você feche esta janela e reinicie seu computador. Depois de reiniciar, execute o instalador novamente.&lt;/b&gt;</string>
	<string name="IDS_EPI_TROUBLESHOOT_REBOOT_TEXT">&lt;b&gt;É preciso reiniciar para concluir a solução de problemas. Feche essa janela e reinicie seu computador. Depois de reiniciar, execute o instalador novamente.&lt;/b&gt;</string>
	<string name="IDS_EPI_TROUBLESHOOT_CONTACT_TEXT">No caso de um erro persistente entre em contato com seu administrador do sistema ou &lt;a {{IDS_LINK_SUPPORT}}&gt;Atendimento ao Cliente ESET.&lt;/a&gt;</string>

	<string name="IDS_EPI_CFG_SIMPLE_CAPTION">Configurações de proteção e instalação</string>
	<string name="IDS_EPI_CFG_RECOMMENDED_CAPTION">Recomendado</string>
	<string name="IDS_EPI_CFG_SIMPLE_PUA_CAPTION">Ativar detecção de aplicativos potencialmente indesejados</string>
	<string name="IDS_EPI_CFG_SIMPLE_CEIP_CAPTION">Participe do Programa de melhoria da experiência do cliente &lt;br/&gt; &lt;a type="command" href="gui.ceip.show"&gt; Quais informações coletamos?&lt;/a&gt;</string>
	<string name="IDS_EPI_CFG_SIMPLE_LGF_CAPTION">Ativar o sistema de feedback ESET LiveGrid®</string>
	<string name="IDS_EPI_CFG_SIMPLE_CEIP_TEXT">Gostaríamos de coletar informações anônimas sobre como este produto é usado. Os dados coletados vão nos ajudar a melhorar sua experiência e nunca serão compartilhados com terceiros.</string>
	<string name="IDS_EPI_CFG_SIMPLE_CONTINUE">Continuar</string>
	<string name="IDS_EPI_CFG_SIMPLE_ALL_CONTINUE">Permitir tudo e continuar</string>

	<string name="IDS_EPI_BANNER_CAPTION1">Preparando instalação</string>
	<string name="IDS_EPI_BANNER_DESCRIPTION1">Aguarde enquanto fazemos download do pacote de instalação.</string>

	<string name="IDS_EPI_BANNER_CAPTION2">Instalação em andamento</string>
	<string name="IDS_EPI_BANNER_DESCRIPTION2">Você está quase acabando! Aguarde enquanto a instalação é concluída.</string>

	<string name="IDS_EPI_BANNER_CAPTION3">Desempenho incomparável</string>
	<string name="IDS_EPI_BANNER_DESCRIPTION3">A tecnologia multi-camadas da ESET usa a inteligência de 100 milhões de sensores em todo o mundo para garantir que você obtenha o nível máximo de proteção com as menores demandas possíveis em seu sistema.</string>

	<string name="IDS_EPI_BANNER_CAPTION4">Obrigado por escolher a ESET!</string>
	<string name="IDS_EPI_BANNER_DESCRIPTION4">A tecnologia ESET NOD32® detém o recorde mundial de prêmios cumulativos e consecutivos da VB100.</string>

	<string name="IDS_EPI_BANNER_CAPTION5">Controle fácil e centralizado de sua segurança de TI</string>
	<string name="IDS_EPI_BANNER_DESCRIPTION5">Independentemente de você usar um console de gerenciamento de segurança na nuvem ou local, você terá um controlador em um único painel para ter melhor comando de toda a sua segurança ESET, em qualquer lugar e a qualquer hora.</string>


</resources>
