﻿<?xml version="1.0" encoding="utf-8" ?>
<resources langname="Srpski (latinica)" lcid="081a">

	<string name="IDS_EPI_INSTALL_STEP">Dobro došli|Ugovor o licenciranju|AV Remover|Instalacija|Završavanje</string>

	<string name="IDS_EPI_ACTION_INIT">Pokretanje...</string>
	<string name="IDS_EPI_ACTION_EULA">Preuzimanje EULA...</string>
	<string name="IDS_EPI_ACTION_DUMP">Priprema instalacionog paketa...</string>
	<string name="IDS_EPI_ACTION_CALC">Izračunavanje dostupnog prostora...</string>
	<string name="IDS_EPI_ACTION_DETECTAV">Provera mogućih neusaglašenih aplikacija...</string>
	<string name="IDS_EPI_ACTION_PACKAGECACHE">Završavanje paketa van mreže...</string>
	<string name="IDS_EPI_ACTION_CLEANUP_FOLDERS">Brisanje fascikli...</string>
	<string name="IDS_EPI_ACTION_TROUBLESHOOTING">Rešavanje problema, možda ćete morati malo da sačekate...</string>

	<string name="IDS_EPI_HOME_TITLE_EAV">Instaliraj ${bts.package.[0].name}</string>
	<string name="IDS_EPI_HOME_TEXT_EAV">Uživajte u korišćenju računara za rad, igru i povezivanje uz zaštitu koju pruža ESET.</string>
	<string name="IDS_EPI_HOME_TITLE_ESS">Instaliraj ${bts.package.[0].name}</string>
	<string name="IDS_EPI_HOME_TEXT_ESS">Uživajte u korišćenju računara za rad, igru i povezivanje uz zaštitu koju pruža ESET.</string>
	<string name="IDS_EPI_HOME_TITLE_EIS">Instaliraj ${bts.package.[0].name}</string>
	<string name="IDS_EPI_HOME_TEXT_EIS">Uživajte u korišćenju računara za rad, igru i povezivanje uz zaštitu koju pruža ESET.</string>
	<string name="IDS_EPI_HOME_TITLE_ESSP">Instaliraj ${bts.package.[0].name}</string>
	<string name="IDS_EPI_HOME_TEXT_ESSP">Uživajte u korišćenju računara za rad, igru i povezivanje uz zaštitu koju pruža ESET.</string>
	<string name="IDS_EPI_HOME_TITLE_EHS">Instaliraj ${bts.package.[0].name}</string>
	<string name="IDS_EPI_HOME_TEXT_EHS">Uživajte u korišćenju računara za rad, igru i povezivanje uz zaštitu koju pruža ESET.</string>
	<string name="IDS_EPI_HOME_TITLE_EEA">Instaliraj ${bts.package.[0].name}</string>
	<string name="IDS_EPI_HOME_SUBTITLE_EEA">Napredna osnovna zaštita za preduzeće</string>
	<string name="IDS_EPI_HOME_TEXT_EEA">${bts.package.[0].name}, koji sadrži nagrađivanu tehnologiju za otkrivanje ESET NOD32®, pruža vašem preduzeću laganu, ali naprednu osnovnu zaštitu, poboljšanu našim sistemom reputacije u cloudu. Sve to možete da kontrolišete bez muke pomoću naše potpuno redizajnirane veb-konzole ESET PROTECT, koja je prilagođena korisnicima.</string>
	<string name="IDS_EPI_HOME_TITLE_EES">Instaliraj ${bts.package.[0].name}</string>
	<string name="IDS_EPI_HOME_SUBTITLE_EES">Vaš napredni bezbednosni paket sa svim funkcijama</string>
	<string name="IDS_EPI_HOME_TEXT_EES">${bts.package.[0].name} predstavlja vaš napredni bezbednosni paket sa svim funkcijama i pruža sveobuhvatnu zaštitu na više nivoa od svih tipova malvera. Uživajte u malim sistemskim zahtevima, podršci za virtuelizaciju i nadgledanju putem potpuno nove veb-konzole za ESET PROTECT.</string>

	<string name="IDS_EPI_HOME_TITLE_MULTI">Komponente za instaliranje</string>
	<string name="IDS_EPI_INFO_TITLE_ERAA">Ovim računarom će upravljati ESET PROTECT</string>
	<string name="IDS_EPI_BUNDLE_TITLE">Ovaj program za instaliranje sadrži sledeće komponente</string>

	<string name="IDS_EPI_HOME_AVREMOVER_CHECK">Želim da deinstaliram nekompatibilne bezbednosne proizvode</string>
	<string name="IDS_EPI_HOME_NEW_VERSION_TEXT">Novija verzija ovog proizvoda je dostupna na mreži i može automatski da se preuzme i instalira umesto isporučene.</string>
	<string name="IDS_EPI_HOME_NEW_VERSION_CHECKBOX">Instaliraj noviju verziju</string>

<string name="IDS_EPI_HOME_NEED_HELP">Da li vam je potrebna pomoć sa instalacijom?</string>
	<string name="IDS_EPI_HOME_OPEN_INSTRUCTIONS">Otvori uputstva za instalaciju</string>
	<string name="IDS_EPI_HOME_OPEN_GUIDE">Otvori korisničko uputstvo</string>

	<string name="IDS_EPI_LOCK_PASSWORD_TITLE">Podešavanja za ESET Security su zaštićena lozinkom</string>
	<string name="IDS_EPI_LOCK_PASSWORD_SUBTITLE">Unesite važeću lozinku da biste nastavili.</string>
	<string name="IDS_EPI_LOCK_PASSWORD_TEXT">Lozinka</string>
	<string name="IDS_EPI_LOCK_PASSWORD_ERROR">Lozinka nije tačna. Možete da obnovite lozinku&lt;br/&gt;u Naprednom podešavanju proizvoda.</string>

	<string name="IDS_EPI_EULA_SINGLE_TITLE">Ugovor o licenciranju sa krajnjim korisnikom</string>
	<string name="IDS_EPI_EULA_SAVEAS_FILTER">Tekst (*.txt)|*.txt|HTML (*.html,*.htm)|*.html;*.htm||</string>
	<string name="IDS_EPI_EULA_BUTTON_ACCEPT">Prihvatam</string>
	<string name="IDS_EPI_EULA_BUTTON_DECLINE">Ne prihvatam</string>
	<string name="IDS_EPI_EULA_DECLINE">Ako odbijete ugovor o licenciranju sa krajnjim korisnikom, program za instaliranje će se zatvoriti. Želite li zaista to da uradite?</string>

	<string name="IDS_EPI_DETECTAV_TITLE">Skeniranje</string>
	<string name="IDS_EPI_DETECTAV_TEXT01">Pronađeni su drugi bezbednosni proizvodi</string>
	<string name="IDS_EPI_DETECTAV_TEXT02">Pokretanje dva bezbednosna rešenja u isto vreme može da izazove nestabilnost. Rešite ovaj problem tako što ćete deinstalirati neusaglašeni bezbednosni softver u sistemu.</string>
	<string name="IDS_EPI_DETECTAV_UNINSTALL">Kako da deinstalirate drugi antivirusni softver</string>

	<string name="IDS_EPI_PACKAGECACHE_TITLE">Preuzmi komponente unapred</string>
	<string name="IDS_EPI_PACKAGECACHE_TEXT">Preuzmite unapred komponente uključene u ovaj instalator paketa (Live Installer) da biste ubrzali proces primene kada imate ograničenu internet vezu.</string>
	<string name="IDS_EPI_PACKAGECACHE_HOW01">&lt;b&gt;Kliknite na dugme za preuzimanje&lt;/b&gt; i %1 će se kreirati, preuzeti i sačuvati na računar.</string>
	<string name="IDS_EPI_PACKAGECACHE_HOW02">&lt;b&gt;Kopirajte %1 i %2 u istu fasciklu.&lt;/b&gt; Možete da koristite deljeni mrežni prostor ili USB disk.</string>
	<string name="IDS_EPI_PACKAGECACHE_HOW03">&lt;b&gt;Pokrenite %2 na bilo kom računaru iz deljene fascikle ili sa USB diska.&lt;/b&gt; %2 će iskoristiti unapred preuzete komponente bez potrebe ponovnog preuzimanja.</string>

	<string name="IDS_EPI_DOWNLOAD_PACKAGE_SINGLE">Preuzimanje...</string>
	<string name="IDS_EPI_DOWNLOAD_PACKAGE_MULTI">Preuzimanje %1...</string>

	<string name="IDS_EPI_CFG_LGF_CAPTION_CONSUMER">U brojevima je moć. Ostvarite najviši nivo zaštite.</string>
	<string name="IDS_EPI_CFG_LGF_TEXT_CONSUMER">Sistem za povratne informacije ESET LiveGrid® nam omogućava da prikupljamo statističke podatke i informacije o sumnjivim objektima, koje automatski obrađujemo da bismo napravili mehanizme za otkrivanje u cloud sistemu. Zatim te mehanizme odmah primenjujemo da bismo klijentima obezbedili najviši nivo zaštite.</string>
	<string name="IDS_EPI_CFG_LGF_CAPTION_BUSINESS">Pomozite nam da vas još bolje zaštitimo.</string>
	<string name="IDS_EPI_CFG_LGF_TEXT_BUSINESS">Sistem za povratne informacije ESET LiveGrid® koristi više od 100 miliona senzora širom sveta koji nam omogućavaju da prikupljamo statističke podatke i informacije o sumnjivim objektima, koje automatski obrađujemo da bismo napravili mehanizme za otkrivanje pomoću sistema reputacija u cloudu. Zatim te mehanizme odmah primenjujemo da bismo vam obezbedili najviši nivo zaštite.</string>
	<string name="IDS_EPI_CFG_LGF_ENABLE">Aktiviraj ESET LiveGrid® sistem za povratne informacije (preporučeno)</string>
	<string name="IDS_EPI_CFG_LGF_DISABLE">Deaktiviraj sistem za povratne informacije ESET LiveGrid®</string>

	<string name="IDS_EPI_CFG_PUA_CAPTION">Otkrivanje potencijalno neželjenih aplikacija</string>
	<string name="IDS_EPI_CFG_PUA_TEXT">ESET može da otkrije &lt;a {{IDS_HELP_PUA_LINK}}&gt;potencijalno neželjene aplikacije&lt;/a&gt; i da traži potvrdu pre njihovog instaliranja. Potencijalno neželjene aplikacije možda ne predstavljaju bezbednosni rizik, ali mogu da utiču na performanse računara, brzinu i pouzdanost ili da izazovu promene u ponašanju. Obično je potrebno da korisnik dozvoli instaliranje.</string>
	<string name="IDS_EPI_CFG_PUA_ENABLE">Aktiviraj otkrivanje potencijalno neželjenih aplikacija</string>
	<string name="IDS_EPI_CFG_PUA_DISABLE">Deaktiviraj otkrivanje potencijalno neželjenih aplikacija</string>

	<string name="IDS_EPI_CFG_CEIP_CAPTION">Učestvovanje u programu za poboljšavanje korisničkog iskustva</string>
	<string name="IDS_EPI_CFG_CEIP_TEXT">Želimo da prikupimo anonimne informacije o tome kako se ovaj proizvod koristi. Ti podaci koje prikupimo će nam pomoći da poboljšamo iskustvo za vas i nikada ih nećemo deliti sa trećim stranama.&lt;a type="command" href="gui.ceip.show"&gt; Koje informacije prikupljamo?&lt;/a&gt;</string>
	<string name="IDS_EPI_CFG_CEIP_YES">Da, želim da učestvujem u programu (preporučeno)</string>
	<string name="IDS_EPI_CFG_CEIP_NO">Ne, ne želim da učestvujem u programu</string>

	<string name="IDS_EPI_CFG_EULA_CAPTION">Ugovor o licenciranju sa krajnjim korisnikom</string>
	<string name="IDS_EPI_CFG_EULA_DESCRIPTION">Klikom na bilo koje dugme „Nastavi“ ispod prihvatate &lt;a {{IDS_LINK_SHOW_EULA}}&gt;Ugovor o licenciranju sa krajnjim korisnikom&lt;/a&gt; i &lt;a {{IDS_LINK_SHOW_PRIVACY_POLICY}}&gt;Politiku privatnosti.&lt;/a&gt;</string>
	<string name="IDS_EPI_CFG_EULA_MSGBOX_OK">U redu</string>
	<string name="IDS_EPI_CFG_EULA_MSGBOX_NOT_AGREE">Ne prihvatam</string>
	<string name="IDS_EPI_CFG_EULA_MSGBOX_SAVE">Sačuvaj</string>

	<string name="IDS_EPI_CFG_BUTTON_ADVANCED">Promenite fasciklu za instalaciju</string>
	<string name="IDS_EPI_CFG_FOLDERS_INSTALL">Fascikla proizvoda:</string>
	<string name="IDS_EPI_CFG_FOLDERS_DATA">Fascikla sa podacima:</string>
	<string name="IDS_EPI_CFG_FOLDERS_MODULE">Fascikla modula:</string>
	<string name="IDS_EPI_CFG_FOLDERS_VALIDATOR_INVALID">Izabrana je nevažeća fascikla.</string>

	<string name="IDS_EPI_CFG_ALREADY_CONFIGURED">Postavke instalacije su već konfigurisane.</string>

	<string name="IDS_EPI_NONEMPTY_FOLDER_WARNING_TITLE">Fascikla za instalaciju mora da bude prazna</string>
	<string name="IDS_EPI_NONEMPTY_FOLDER_WARNING_MESSAGE_SINGULAR">Da biste nastavili instalaciju, postojeća fascikla će biti uklonjena:</string>
	<string name="IDS_EPI_NONEMPTY_FOLDER_WARNING_MESSAGE_PLURAL">Da biste nastavili instalaciju, postojeće fascikle će biti uklonjene:</string>
	<string name="IDS_EPI_NONEMPTY_FOLDER_QUESTION">&lt;b&gt;Da li se slažete sa uklanjanjem ovih fascikli i nastavkom instalacije?&lt;/b&gt;</string>

	<string name="IDS_EPI_DISKSPACE_TITLE">Nema dovoljno prostora na disku</string>
	<string name="IDS_EPI_DISKSPACE_TEXT01">Nemate dovoljno prostora na disku. Istaknuti logički diskovi nemaju dovoljno prostora za instalaciju. Proverite raspoloživi prostor na disku i pokušajte ponovo.</string>
	<string name="IDS_EPI_DISKSPACE_HEADER01">Disk jedinica</string>
	<string name="IDS_EPI_DISKSPACE_HEADER02">Kapacitet</string>
	<string name="IDS_EPI_DISKSPACE_HEADER03">Slobodan prostor</string>
	<string name="IDS_EPI_DISKSPACE_HEADER04">Neophodan prostor</string>

	<string name="IDS_EPI_INSTALL_PACKAGE_SINGLE">Instaliranje...</string>
	<string name="IDS_EPI_INSTALL_PACKAGE_MULTI">Instaliranje %1...</string>

	<string name="IDS_EPI_DONE_TITLE">Instalacija uspešna</string>
	<string name="IDS_EPI_DONE_TEXT01">${bts.package.[${bts.var.package.default}].name} je uspešno instaliran na vaš računar. Neprekidno će se proveravati da li na vašem računaru ima virusa i malvera. &lt;br/&gt; &lt;br/&gt; Hvala vam što ste izabrali ESET! &lt;br/&gt; &lt;br/&gt; &lt;br/&gt; Kliknite na &lt;i&gt;Gotovo&lt;/i&gt; da biste dovršili instalaciju proizvoda.</string>
	<string name="IDS_EPI_DONE_TEXT01_EPI">Svi paketi su uspešno instalirani na vaš računar. &lt;br/&gt; &lt;br/&gt; Kliknite na &lt;i&gt;Gotovo&lt;/i&gt; da biste dovršili podešavanje proizvoda.</string>
		<string name="IDS_EPI_DONE_PACKAGECACHE_CAPTION">%1 i %2 moraju da se nalaze u istoj fascikli prilikom izvršavanja.</string>
	<string name="IDS_EPI_DONE_PACKAGECACHE_DESCRIPTION">Program %1 je preuzet i sačuvan u fasciklu:&lt;br/&gt;</string>

	<string name="IDS_EPI_FAIL_FAILED_TITLE">Instalacija nije uspela</string>
	<string name="IDS_EPI_FAIL_FINISH_TITLE">Instalacija je završena</string>
	<string name="IDS_EPI_FAIL_KNOWLEDGEBASE">Pretraga rešenja u ESET bazi znanja.</string>
	<string name="IDS_EPI_FAIL_TROUBLESHOOT">Pokreni program za rešavanje problema</string>
	<string name="IDS_EPI_FAIL_TS_LINK">Obratite se ESET tehničkoj podršci</string>
	<string name="IDS_EPI_FAIL_RESTART">Ponovo pokreni računar</string>

	<string name="IDS_EPI_FAIL_TITLE_OS">Zastarela verzija operativnog sistema Microsoft Windows</string>
	<string name="IDS_EPI_FAIL_TEXT_OS_OUTDATED">ESET Security ne podržava vašu zastarelu verziju operativnog sistema Microsoft Windows. Kliknite na dugme za zatvaranje da biste izašli iz instalacije.</string>
	<string name="IDS_EPI_FAIL_TEXT_OS_NOT_SUPPORTED">Ovaj proizvod više nije podržan na vašoj zastareloj verziji operativnog sistema Microsoft Windows. &lt;a {{IDS_LINK_PRODUCT_OPTIONS}}&gt;Pogledajte svoje opcije&lt;/a&gt;</string>
	<string name="IDS_EPI_FAIL_TEXT_OS_NOT_SUPPORTED_BUSINESS">Ovaj proizvod više nije podržan na vašoj zastareloj verziji operativnog sistema Microsoft Windows.</string>

	<string name="IDS_EPI_FAIL_TITLE_EULA_REJECTED">Ugovor o licenciranju sa krajnjim korisnikom</string>
	<string name="IDS_EPI_FAIL_TEXT_EULA_REJECTED">Ugovor o licenciranju sa krajnjim korisnikom nije prihvaćen.</string>

	<string name="IDS_EPI_FAIL_TITLE_CONNECTION">Greška u povezivanju</string>
	<string name="IDS_EPI_FAIL_TEXT_CONNECTION">Izgleda da veza sa internetom ne funkcioniše. Nije moguće instalirati proizvod. &lt;a {{IDS_LINK_INTERNET_SETTINGS}}&gt;Proverite vezu sa internetom,&lt;/a&gt; pa ponovo pokušajte da ga instalirate.&lt;br/&gt;&lt;br/&gt;Da li koristite proxy server? Promenite podešavanja proxy servera, pa pokušajte ponovo.</string>
	<string name="IDS_EPI_FAIL_TEXT_CONNECTION_EPI">Izgleda da veza sa internetom ne funkcioniše. Nije moguće instalirati pakete. &lt;a {{IDS_LINK_INTERNET_SETTINGS}}&gt;Proverite vezu sa internetom,&lt;/a&gt; pa ponovo pokušajte da ih instalirate.&lt;br/&gt;&lt;br/&gt;Da li koristite proxy server? Promenite podešavanja proxy servera, pa pokušajte ponovo.</string>

	<string name="IDS_EPI_FAIL_TITLE_DOWNLOAD_ERROR">Greška u preuzimanju</string>
	<string name="IDS_EPI_FAIL_TEXT_DOWNLOAD_ERROR">Došlo je do greške prilikom preuzimanja podataka sa servera. Proverite mrežnu vezu i pokušajte ponovo.&lt;br/&gt;&lt;br/&gt;Ako ne rešite probleme, posetite lokaciju &lt;a {{IDS_LINK_OFFLINE_INSTALLER}}&gt;www.eset.com&lt;/a&gt; da biste preuzeli program za instaliranje van mreže.</string>
	<string name="IDS_EPI_FAIL_TEXT_DOWNLOAD_ERROR_EPI">Došlo je do greške prilikom preuzimanja podataka sa servera. Proverite mrežnu vezu i pokušajte ponovo.</string>

	<string name="IDS_EPI_FAIL_TITLE_INVALID_SERVER_RESPONSE">Nevažeći odgovor</string>
	<string name="IDS_EPI_FAIL_TEXT_INVALID_SERVER_RESPONSE">Od servera je primljen nevažeći odgovor.</string>

	<string name="IDS_EPI_FAIL_TITLE_INVALID_INSTALLER">Program za instaliranje nije važeći</string>
	<string name="IDS_EPI_FAIL_TEXT_INVALID_INSTALLER">Ovaj program za instaliranje više nije važeći i mora da se zameni. Preuzmite novi program za instaliranje da biste instalirali ovaj proizvod.</string>
	<string name="IDS_EPI_FAIL_TEXT_INVALID_INSTALLER_EPI">Ovaj program za instaliranje više nije važeći i mora da se zameni. Generišite novi program za instaliranje ili zamolite administratora da instalira ovaj proizvod.</string>

	<string name="IDS_EPI_FAIL_TITLE_VERSIONCHECK_NO_PACKAGES">Kompatibilni paket nije pronađen</string>
	<string name="IDS_EPI_FAIL_TEXT_VERSIONCHECK_NO_PACKAGES">Na serveru nema dostupnog kompatibilnog paketa za instalaciju. Posetite lokaciju &lt;a {{IDS_LINK_OFFLINE_INSTALLER}}&gt;www.eset.com&lt;/a&gt; da biste preuzeli program za instaliranje van mreže.</string>
	<string name="IDS_EPI_FAIL_TEXT_VERSIONCHECK_NO_PACKAGES_EPI">Ovaj program za instaliranje više nije važeći i mora da se zameni. Generišite novi program za instaliranje ili zamolite administratora da instalira ovaj proizvod.</string>

	<string name="IDS_EPI_FAIL_TITLE_INCOMPATIBLE_OS">Nekompatibilan operativni sistem</string>
	<string name="IDS_EPI_FAIL_TEXT_INCOMPATIBLE_OS">Proizvod ${bts.package.[${bts.var.package.current}].name} nije namenjen za vaše operativne sisteme. Preuzmite i instalirajte proizvod sa lokacije &lt;a {{IDS_LINK_OFFLINE_INSTALLER}}&gt;www.eset.com&lt;/a&gt;.</string>
	<string name="IDS_EPI_FAIL_TEXT_INCOMPATIBLE_OS_EPI">Proizvod ${bts.package.[${bts.var.package.current}].name} nije namenjen za vaše operativne sisteme.</string>

	<string name="IDS_EPI_FAIL_TITLE_INCOMPATIBLE_PACKAGE_X32">Nekompatibilan paket</string>
	<string name="IDS_EPI_FAIL_TEXT_INCOMPATIBLE_PACKAGE_X32">Ovaj instalacioni paket je namenjen za 32-bitne operativne sisteme. Upotrebite instalacioni paket za 64-bitne operativne sisteme.</string>

	<string name="IDS_EPI_FAIL_TITLE_INCOMPATIBLE_PACKAGE_X64">Nekompatibilan paket</string>
	<string name="IDS_EPI_FAIL_TEXT_INCOMPATIBLE_PACKAGE_X64">Ovaj instalacioni paket je namenjen za 64-bitne operativne sisteme. Upotrebite instalacioni paket za 32-bitne operativne sisteme.</string>

	<string name="IDS_EPI_FAIL_TITLE_INCOMPATIBLE_PRODUCT_INSTALLED">Instaliran je nekompatibilan proizvod</string>
	<string name="IDS_EPI_FAIL_TEXT_INCOMPATIBLE_PRODUCT_INSTALLED">Nekompatibilan proizvod {PRODUCT} je već instaliran. Deinstalirajte ga ručno i pokrenite instalaciju ponovo.</string>

	<string name="IDS_EPI_FAIL_TITLE_NEWER_VERSION_NOT_AVAILABLE">Najnovija verzija je već instalirana</string>
	<string name="IDS_EPI_FAIL_TEXT_NEWER_VERSION_NOT_AVAILABLE">Najnovija verzija proizvoda ${bts.package.[${bts.var.package.default}].name} je već instalirana na ovom računaru.</string>

	<string name="IDS_EPI_FAIL_TITLE_REFERRAL">Nije moguće instalirati proizvod</string>
	<string name="IDS_EPI_FAIL_TEXT_REFERRAL">Nije moguće instalirati ovaj proizvod jer je drugi ESET proizvod već instaliran na ovom uređaju.</string>
	<string name="IDS_EPI_FAIL_TEXT_REFERRAL_UPGRADE">Postojeća verzija vašeg ESET proizvoda je zastarela i više vam ne garantuje najbolju zaštitu.&lt;br/&gt;&lt;b&gt;Poboljšajte zaštitu bezbednosti tako što ćete nadograditi proizvod na najnoviju verziju BESPLATNO.&lt;/b&gt;</string>

	<string name="IDS_EPI_FAIL_TITLE_PACKAGE_NOT_FOUND">Paket nije pronađen</string>
	<string name="IDS_EPI_FAIL_TEXT_PACKAGE_NOT_FOUND">Instalacioni paket {PRODUCT} nije pronađen.</string>

	<string name="IDS_EPI_FAIL_TITLE_PACKAGE_CORRUPTED">Paket je oštećen</string>
	<string name="IDS_EPI_FAIL_TEXT_PACKAGE_CORRUPTED">Instalacioni paket {PRODUCT} je oštećen.</string>

	<string name="IDS_EPI_FAIL_TITLE_INSTALL_OUT_OF_SPACE">Nema dovoljno prostora na disku</string>
	<string name="IDS_EPI_FAIL_TEXT_INSTALL_OUT_OF_SPACE">Nema dovoljno prostora na disku za dovršetak instalacije proizvoda ${bts.package.[${bts.var.package.default}].name}.&lt;br/&gt;&lt;br/&gt;Uverite se da imate najmanje %u MB slobodnog prostora i pokušajte ponovo.</string>
	<string name="IDS_EPI_FAIL_TEXT_INSTALL_OUT_OF_SPACE_EPI">Nema dovoljno prostora na disku za dovršetak instalacije svih paketa.&lt;br/&gt;&lt;br/&gt;Uverite se da imate najmanje %u MB slobodnog prostora i pokušajte ponovo.</string>

	<string name="IDS_EPI_FAIL_TITLE_SETUP">Instalacija nije uspešno dovršena</string>
	<string name="IDS_EPI_FAIL_TEXT_SETUP">Instalacija proizvoda ${bts.package.[${bts.var.package.current}].name} nije uspešno dovršena. Sistem možda neće biti zaštićen od pretnji za računar. Da biste instalirali ${bts.package.[${bts.var.package.current}].name} na računar, pokrenite instalaciju ponovo.</string>
	<string name="IDS_EPI_FAIL_TEXT_SETUP_TROUBLESHOOT">Došlo je do problema prilikom instaliranja ESET proizvoda na vašem uređaju. Preporučujemo da pokrenete program za rešavanje problema. Program za rešavanje problema će rešiti problem, ako je to moguće.</string>
	<string name="IDS_EPI_FAIL_TEXT_SETUP_EPI">Instalacija proizvoda ${bts.package.[${bts.var.package.current}].name} nije uspešno dovršena. Sistem možda neće biti zaštićen od pretnji za računar. Da biste instalirali sve pakete na računar, pokrenite instalaciju ponovo.</string>
	<string name="IDS_EPI_FAIL_TEXT_SETUP_ERROR_CODE">Šifra greške: %s</string>

	<string name="IDS_EPI_FAIL_TITLE_ABORT">Korisnik je prekinuo instalaciju</string>
	<string name="IDS_EPI_FAIL_TEXT_ABORT">Korisnik je prekinuo instalaciju proizvoda ${bts.package.[${bts.var.package.default}].name}. Da biste instalirali ${bts.package.[${bts.var.package.default}].name} na računar, pokrenite instalaciju ponovo.</string>
	<string name="IDS_EPI_FAIL_TEXT_ABORT_EPI">Korisnik je prekinuo instalaciju. Da biste instalirali sve pakete na računar, pokrenite instalaciju ponovo.</string>

	<string name="IDS_EPI_FAIL_TITLE_INTERNAL_ERROR">Interna greška</string>
	<string name="IDS_EPI_FAIL_TEXT_INTERNAL_ERROR">Došlo je do interne greške. Pokušajte ponovo da biste ponovo pokrenuli instalaciju.</string>

	<string name="IDS_EPI_TROUBLESHOOT_FINISH_TITLE">Program za rešavanje problema je završen</string>
	<string name="IDS_EPI_TROUBLESHOOT_SUCCESS_TITLE">Rešavanje problema je uspelo</string>
	<string name="IDS_EPI_TROUBLESHOOT_FAILED_TITLE">Rešavanje problema nije uspelo</string>
	<string name="IDS_EPI_TROUBLESHOOT_TEXT">&lt;b&gt;Preporučujemo vam da zatvorite ovaj prozor i ponovo pokrenete računar. Nakon ponovnog pokretanja, pokrenite ovaj program za instaliranje ponovo.&lt;/b&gt;</string>
	<string name="IDS_EPI_TROUBLESHOOT_REBOOT_TEXT">&lt;b&gt;Neophodno je ponovno pokretanje računara da bi se dovršilo rešavanje problema. Zatvorite ovaj prozor i ponovo pokrenite računar. Nakon ponovnog pokretanja, pokrenite ovaj program za instalaciju ponovo.&lt;/b&gt;</string>
	<string name="IDS_EPI_TROUBLESHOOT_CONTACT_TEXT">U slučaju da se problem nastavi, obratite se administratoru sistema ili &lt;a {{IDS_LINK_SUPPORT}}&gt;ESET tehničkoj podršci.&lt;/a&gt;</string>

	<string name="IDS_EPI_CFG_SIMPLE_CAPTION">Podešavanja zaštite i instalacije</string>
	<string name="IDS_EPI_CFG_RECOMMENDED_CAPTION">Preporučeno</string>
	<string name="IDS_EPI_CFG_SIMPLE_PUA_CAPTION">Aktiviraj otkrivanje potencijalno neželjenih aplikacija</string>
	<string name="IDS_EPI_CFG_SIMPLE_CEIP_CAPTION">Učestvovanje u programu za unapređenje na osnovu zadovoljstva korisnika &lt;br/&gt; &lt;a type="command" href="gui.ceip.show"&gt; Koje informacije prikupljamo?&lt;/a&gt;</string>
	<string name="IDS_EPI_CFG_SIMPLE_LGF_CAPTION">Aktiviraj sistem za povratne informacije ESET LiveGrid®</string>
	<string name="IDS_EPI_CFG_SIMPLE_CEIP_TEXT">Želimo da prikupimo anonimne informacije o tome kako se ovaj proizvod koristi. Ti podaci koje prikupimo će nam pomoći da poboljšamo iskustvo za vas i nikada ih nećemo deliti sa trećim stranama.</string>
	<string name="IDS_EPI_CFG_SIMPLE_CONTINUE">Nastavi</string>
	<string name="IDS_EPI_CFG_SIMPLE_ALL_CONTINUE">Dozvoli sve i nastavi</string>

	<string name="IDS_EPI_BANNER_CAPTION1">Priprema instalacije</string>
	<string name="IDS_EPI_BANNER_DESCRIPTION1">Sačekajte da preuzmemo instalacioni paket.</string>

	<string name="IDS_EPI_BANNER_CAPTION2">Instalacija je u toku</string>
	<string name="IDS_EPI_BANNER_DESCRIPTION2">Skoro ste gotovi! Sačekajte da se instalacija završi.</string>

	<string name="IDS_EPI_BANNER_CAPTION3">Neprevaziđene performanse</string>
	<string name="IDS_EPI_BANNER_DESCRIPTION3">Višeslojna tehnologija kompanije ESET koristi informacije sa 100 miliona servera širom sveta kako bi vam obezbedila najviši nivo zaštite uz najmanje moguće opterećivanje vašeg sistema.</string>

	<string name="IDS_EPI_BANNER_CAPTION4">Hvala vam što ste izabrali ESET!</string>
	<string name="IDS_EPI_BANNER_DESCRIPTION4">ESET NOD32® tehnologija je svetski rekorder po broju uzastupno i ukupno dobijenih nagrada VB100.</string>

	<string name="IDS_EPI_BANNER_CAPTION5">Jednostavna i centralizovana kontrola IT bezbednosti</string>
	<string name="IDS_EPI_BANNER_DESCRIPTION5">Bez obzira da li koristite konzolu u oblaku ili lokalnu konzolu za upravljanje bezbednošću, dobićete kontrolor sa jednim oknom koji vam pruža poboljšanu komandu nad celokupnom ESET zaštitom na bilo kom mestu, u bilo kom trenutku.</string>


</resources>
