﻿<?xml version="1.0" encoding="utf-8" ?>
<resources langname="Español" lcid="0c0a">

	<string name="IDS_EPI_INSTALL_STEP">Bienvenida|Acuerdo de licencia|AV Remover|Instalación|Finalizar</string>

	<string name="IDS_EPI_ACTION_INIT">Inicializando...</string>
	<string name="IDS_EPI_ACTION_EULA">Descargando acuerdos de licencia para el usuario final...</string>
	<string name="IDS_EPI_ACTION_DUMP">Preparando la carpeta de instalación...</string>
	<string name="IDS_EPI_ACTION_CALC">Calculando espacio disponible...</string>
	<string name="IDS_EPI_ACTION_DETECTAV">Buscando posibles aplicaciones en conflicto...</string>
	<string name="IDS_EPI_ACTION_PACKAGECACHE">Finalizando paquete sin conexión...</string>
	<string name="IDS_EPI_ACTION_CLEANUP_FOLDERS">Eliminando carpetas...</string>
	<string name="IDS_EPI_ACTION_TROUBLESHOOTING">Resolviendo problemas; este proceso puede tardar un rato en completarse...</string>

	<string name="IDS_EPI_HOME_TITLE_EAV">Instalar ${bts.package.[0].name}</string>
	<string name="IDS_EPI_HOME_TEXT_EAV">Trabaja, juega o simplemente navega con total tranquilidad. ESET te protege.</string>
	<string name="IDS_EPI_HOME_TITLE_ESS">Instalar ${bts.package.[0].name}</string>
	<string name="IDS_EPI_HOME_TEXT_ESS">Trabaja, juega o simplemente navega con total tranquilidad. ESET te protege.</string>
	<string name="IDS_EPI_HOME_TITLE_EIS">Instalar ${bts.package.[0].name}</string>
	<string name="IDS_EPI_HOME_TEXT_EIS">Trabaja, juega o simplemente navega con total tranquilidad. ESET te protege.</string>
	<string name="IDS_EPI_HOME_TITLE_ESSP">Instalar ${bts.package.[0].name}</string>
	<string name="IDS_EPI_HOME_TEXT_ESSP">Trabaja, juega o simplemente navega con total tranquilidad. ESET te protege.</string>
	<string name="IDS_EPI_HOME_TITLE_EHS">Instalar ${bts.package.[0].name}</string>
	<string name="IDS_EPI_HOME_TEXT_EHS">Trabaja, juega o simplemente navega con total tranquilidad. ESET te protege.</string>
	<string name="IDS_EPI_HOME_TITLE_EEA">Instalar ${bts.package.[0].name}</string>
	<string name="IDS_EPI_HOME_SUBTITLE_EEA">Protección de línea de base avanzada para su empresa</string>
	<string name="IDS_EPI_HOME_TEXT_EEA">${bts.package.[0].name}, equipado con la galardonada tecnología de detección de ESET NOD32®, ofrece a su empresa protección ligera de línea de base avanzada, optimizada gracias a nuestro sistema de reputación en la nube. Contrólelo sin esfuerzos gracias a consola web de ESET PROTECT, totalmente rediseñada y muy fácil de usar.</string>
	<string name="IDS_EPI_HOME_TITLE_EES">Instalar ${bts.package.[0].name}</string>
	<string name="IDS_EPI_HOME_SUBTITLE_EES">Su completo conjunto de programas de seguridad avanzada</string>
	<string name="IDS_EPI_HOME_TEXT_EES">${bts.package.[0].name} es su completo conjunto de programas de seguridad avanzada, y ofrece completa protección multicapa contra todo tipo de código malicioso. Consume pocos recursos, es compatible con las tecnologías de virtualización y permite su supervisión desde la renovada consola web de ESET PROTECT.</string>

	<string name="IDS_EPI_HOME_TITLE_MULTI">Instalar componentes</string>
	<string name="IDS_EPI_INFO_TITLE_ERAA">ESET PROTECT administrará este ordenador</string>
	<string name="IDS_EPI_BUNDLE_TITLE">Este instalador incluye los siguientes componentes</string>

	<string name="IDS_EPI_HOME_AVREMOVER_CHECK">Quiero desinstalar los productos de seguridad no compatibles</string>
	<string name="IDS_EPI_HOME_NEW_VERSION_TEXT">Hay disponible en línea una versión más reciente de este producto, y puede descargarse e instalarse automáticamente en lugar de la versión incluida.</string>
	<string name="IDS_EPI_HOME_NEW_VERSION_CHECKBOX">Instalar la versión más reciente</string>

<string name="IDS_EPI_HOME_NEED_HELP">¿Necesita ayuda con la instalación?</string>
	<string name="IDS_EPI_HOME_OPEN_INSTRUCTIONS">Abrir instrucciones de instalación</string>
	<string name="IDS_EPI_HOME_OPEN_GUIDE">Abrir la guía del usuario</string>

	<string name="IDS_EPI_LOCK_PASSWORD_TITLE">La configuración de ESET Security no está protegida mediante contraseña.</string>
	<string name="IDS_EPI_LOCK_PASSWORD_SUBTITLE">Introduzca una contraseña válida para continuar.</string>
	<string name="IDS_EPI_LOCK_PASSWORD_TEXT">Contraseña</string>
	<string name="IDS_EPI_LOCK_PASSWORD_ERROR">Contraseña incorrecta. Puede restaurar la contraseña&lt;br/&gt;en la Configuración avanzada del producto.</string>

	<string name="IDS_EPI_EULA_SINGLE_TITLE">Acuerdo de licencia de usuario final</string>
	<string name="IDS_EPI_EULA_SAVEAS_FILTER">Texto (*.txt)|*.txt|HTML (*.html,*.htm)|*.html;*.htm||</string>
	<string name="IDS_EPI_EULA_BUTTON_ACCEPT">Acepto</string>
	<string name="IDS_EPI_EULA_BUTTON_DECLINE">No acepto</string>
	<string name="IDS_EPI_EULA_DECLINE">Si se rechaza el Acuerdo de licencia para el usuario final, el instalador se cerrará. ¿Está seguro de que desea realizar esta acción?</string>

	<string name="IDS_EPI_DETECTAV_TITLE">Analizando</string>
	<string name="IDS_EPI_DETECTAV_TEXT01">Se han encontrado otros productos de seguridad</string>
	<string name="IDS_EPI_DETECTAV_TEXT02">La ejecución de dos soluciones de seguridad al mismo tiempo puede provocar inestabilidad. Para resolver este problema, desinstale el software de seguridad que entra en conflicto en el sistema.</string>
	<string name="IDS_EPI_DETECTAV_UNINSTALL">Cómo desinstalar otro software antivirus</string>

	<string name="IDS_EPI_PACKAGECACHE_TITLE">Realizar descarga previa de componentes</string>
	<string name="IDS_EPI_PACKAGECACHE_TEXT">Realice la descarga previa de los componentes incluidos en este Paquete de instalación (Live Installer) para acelerar el proceso de implementación cuando tenga una conexión a Internet limitada.</string>
	<string name="IDS_EPI_PACKAGECACHE_HOW01">&lt;b&gt;Haga clic en el botón de descarga&lt;/b&gt; y el %1 se creará, descargará y guardará en su ordenador.</string>
	<string name="IDS_EPI_PACKAGECACHE_HOW02">&lt;b&gt;Copie el %1 y el %2 en la misma carpeta.&lt;/b&gt; Puede usar el espacio compartido en una red o una unidad USB.</string>
	<string name="IDS_EPI_PACKAGECACHE_HOW03">&lt;b&gt;Ejecute el %2 en cualquier ordenador desde la carpeta compartida o la unidad USB.&lt;/b&gt; El %2 utilizará los componentes previamente descargados sin volver a descargarlos.</string>

	<string name="IDS_EPI_DOWNLOAD_PACKAGE_SINGLE">Descargando...</string>
	<string name="IDS_EPI_DOWNLOAD_PACKAGE_MULTI">Descargando %1...</string>

	<string name="IDS_EPI_CFG_LGF_CAPTION_CONSUMER">El poder está en los números, obtenga el nivel máximo de protección.</string>
	<string name="IDS_EPI_CFG_LGF_TEXT_CONSUMER">El sistema de respuesta ESET LiveGrid® nos permite recopilar estadísticas e información sobre objetos sospechosos que procesamos automáticamente para crear mecanismos de detección en nuestro sistema en la nube. A continuación, los aplicamos inmediatamente para asegurarnos de que nuestros clientes disponen del máximo nivel de protección.</string>
	<string name="IDS_EPI_CFG_LGF_CAPTION_BUSINESS">Ayúdenos a proporcionarle una seguridad todavía mejor.</string>
	<string name="IDS_EPI_CFG_LGF_TEXT_BUSINESS">El sistema de respuesta ESET LiveGrid® utiliza más de cien millones de sensores de todo el mundo que nos permiten recopilar información sobre objetos sospechosos, información que procesamos automáticamente para crear mecanismos de detección en nuestro sistema en la nube. A continuación, los aplicamos inmediatamente para asegurarnos de que nuestros clientes disponen del máximo nivel de protección.</string>
	<string name="IDS_EPI_CFG_LGF_ENABLE">Activar el sistema de respuesta ESET LiveGrid® (recomendado)</string>
	<string name="IDS_EPI_CFG_LGF_DISABLE">Desactivar el sistema de respuesta ESET LiveGrid®</string>

	<string name="IDS_EPI_CFG_PUA_CAPTION">Detección de aplicaciones potencialmente indeseables</string>
	<string name="IDS_EPI_CFG_PUA_TEXT">ESET puede detectar &lt;a {{IDS_HELP_PUA_LINK}}&gt;aplicaciones potencialmente indeseables&lt;/a&gt; y solicitar confirmación antes de su instalación. Es posible que las aplicaciones potencialmente indeseables no constituyan un riesgo de seguridad, pero pueden afectar al rendimiento, la velocidad y la fiabilidad del ordenador, o provocar cambios de comportamiento. Normalmente requieren el consentimiento del usuario antes de la instalación.</string>
	<string name="IDS_EPI_CFG_PUA_ENABLE">Activar la detección de aplicaciones potencialmente indeseables</string>
	<string name="IDS_EPI_CFG_PUA_DISABLE">Desactivar la detección de aplicaciones potencialmente indeseables</string>

	<string name="IDS_EPI_CFG_CEIP_CAPTION">Participar en el Programa de mejora de la experiencia del cliente</string>
	<string name="IDS_EPI_CFG_CEIP_TEXT">Nos gustaría recopilar información anónima sobre cómo se usa este producto. Los datos recopilados nos ayudarán a mejorar su experiencia y nunca los compartiremos con terceros.&lt;a type="command" href="gui.ceip.show"&gt; ¿Qué información recopilamos?&lt;/a&gt;</string>
	<string name="IDS_EPI_CFG_CEIP_YES">Sí, deseo participar en el programa (recomendado).</string>
	<string name="IDS_EPI_CFG_CEIP_NO">No, no deseo participar en el programa.</string>

	<string name="IDS_EPI_CFG_EULA_CAPTION">Acuerdo de licencia para el usuario final</string>
	<string name="IDS_EPI_CFG_EULA_DESCRIPTION">Al hacer clic en cualquiera de los botones "Continuar" que aparecen a continuación, acepta el &lt;a {{IDS_LINK_SHOW_EULA}}&gt;Acuerdo de licencia para el usuario final&lt;/a&gt; y confirma la &lt;a {{IDS_LINK_SHOW_PRIVACY_POLICY}}&gt;Política de privacidad.&lt;/a&gt;</string>
	<string name="IDS_EPI_CFG_EULA_MSGBOX_OK">Aceptar</string>
	<string name="IDS_EPI_CFG_EULA_MSGBOX_NOT_AGREE">No acepto</string>
	<string name="IDS_EPI_CFG_EULA_MSGBOX_SAVE">Guardar</string>

	<string name="IDS_EPI_CFG_BUTTON_ADVANCED">Cambiar la carpeta de instalación</string>
	<string name="IDS_EPI_CFG_FOLDERS_INSTALL">Carpeta del producto:</string>
	<string name="IDS_EPI_CFG_FOLDERS_DATA">Carpeta de datos:</string>
	<string name="IDS_EPI_CFG_FOLDERS_MODULE">Carpeta de módulo:</string>
	<string name="IDS_EPI_CFG_FOLDERS_VALIDATOR_INVALID">Se ha seleccionado una carpeta no válida</string>

	<string name="IDS_EPI_CFG_ALREADY_CONFIGURED">Los ajustes de instalación ya se han configurado.</string>

	<string name="IDS_EPI_NONEMPTY_FOLDER_WARNING_TITLE">La carpeta de instalación debe estar vacía</string>
	<string name="IDS_EPI_NONEMPTY_FOLDER_WARNING_MESSAGE_SINGULAR">Para continuar con la instalación, se eliminará la carpeta existente:</string>
	<string name="IDS_EPI_NONEMPTY_FOLDER_WARNING_MESSAGE_PLURAL">Para continuar con la instalación, se eliminarán las carpetas existentes:</string>
	<string name="IDS_EPI_NONEMPTY_FOLDER_QUESTION">&lt;b&gt;¿Está de acuerdo con eliminar las carpetas y continuar con la instalación?&lt;/b&gt;</string>

	<string name="IDS_EPI_DISKSPACE_TITLE">No hay más espacio disponible en disco</string>
	<string name="IDS_EPI_DISKSPACE_TEXT01">No hay espacio en el disco. Los volúmenes resaltados no tienen espacio suficiente para la instalación. Compruebe el espacio en disco disponible e inténtelo de nuevo.</string>
	<string name="IDS_EPI_DISKSPACE_HEADER01">Unidad</string>
	<string name="IDS_EPI_DISKSPACE_HEADER02">Capacidad</string>
	<string name="IDS_EPI_DISKSPACE_HEADER03">Espacio libre</string>
	<string name="IDS_EPI_DISKSPACE_HEADER04">Espacio necesario</string>

	<string name="IDS_EPI_INSTALL_PACKAGE_SINGLE">Instalando...</string>
	<string name="IDS_EPI_INSTALL_PACKAGE_MULTI">Instalando %1...</string>

	<string name="IDS_EPI_DONE_TITLE">Instalación correcta</string>
	<string name="IDS_EPI_DONE_TEXT01">${bts.package.[${bts.var.package.default}].name} se ha instalado correctamente en su ordenador. A partir de ahora, se comprobará la presencia de virus y malware en su ordenador de forma continua. &lt;br/&gt; &lt;br/&gt; ¡Gracias por elegir ESET! &lt;br/&gt; &lt;br/&gt; &lt;br/&gt; Haga clic en &lt;i&gt;Hecho&lt;/i&gt; para completar la instalación del producto.</string>
	<string name="IDS_EPI_DONE_TEXT01_EPI">Se han instalado correctamente todos los paquetes en su ordenador. &lt;br/&gt; &lt;br/&gt; Haga clic en &lt;i&gt;Hecho&lt;/i&gt; para completar la instalación del producto.</string>
		<string name="IDS_EPI_DONE_PACKAGECACHE_CAPTION">El %1 y el %2 deben estar en la misma carpeta cuando se ejecuten.</string>
	<string name="IDS_EPI_DONE_PACKAGECACHE_DESCRIPTION">El %1 se ha descargado y guardado en la carpeta:&lt;br/&gt;</string>

	<string name="IDS_EPI_FAIL_FAILED_TITLE">Error en la instalación</string>
	<string name="IDS_EPI_FAIL_FINISH_TITLE">Instalación finalizada</string>
	<string name="IDS_EPI_FAIL_KNOWLEDGEBASE">Busque la solución en la base de conocimiento de ESET.</string>
	<string name="IDS_EPI_FAIL_TROUBLESHOOT">Ejecutar el solucionador de problemas</string>
	<string name="IDS_EPI_FAIL_TS_LINK">Ponerse en contacto con el servicio de soporte técnico de ESET</string>
	<string name="IDS_EPI_FAIL_RESTART">Reiniciar el ordenador</string>

	<string name="IDS_EPI_FAIL_TITLE_OS">Versión obsoleta de Microsoft Windows</string>
	<string name="IDS_EPI_FAIL_TEXT_OS_OUTDATED">ESET Security no es compatible con su versión obsoleta de Microsoft Windows. Haga clic en Cerrar para salir de la instalación.</string>
	<string name="IDS_EPI_FAIL_TEXT_OS_NOT_SUPPORTED">Este producto ya no es compatible con su versión obsoleta de Microsoft Windows. &lt;a {{IDS_LINK_PRODUCT_OPTIONS}}&gt;Consulte las opciones que tiene a su alcance&lt;/a&gt;</string>
	<string name="IDS_EPI_FAIL_TEXT_OS_NOT_SUPPORTED_BUSINESS">Este producto ya no es compatible con su versión obsoleta de Microsoft Windows.</string>

	<string name="IDS_EPI_FAIL_TITLE_EULA_REJECTED">Acuerdo de licencia de usuario final</string>
	<string name="IDS_EPI_FAIL_TEXT_EULA_REJECTED">No se ha aceptado el Acuerdo de licencia para el usuario final.</string>

	<string name="IDS_EPI_FAIL_TITLE_CONNECTION">Error de conexión</string>
	<string name="IDS_EPI_FAIL_TEXT_CONNECTION">Parece que su conexión a Internet no funciona. El producto no puede instalarse. &lt;a {{IDS_LINK_INTERNET_SETTINGS}}&gt;Compruebe su conexión a Internet&lt;/a&gt; e intente la instalación de nuevo.&lt;br/&gt;&lt;br/&gt;¿Está usando un servidor proxy? Cambie la configuración de su servidor proxy e inténtelo de nuevo.</string>
	<string name="IDS_EPI_FAIL_TEXT_CONNECTION_EPI">Parece que su conexión a Internet no funciona. Los paquetes no pueden instalarse. &lt;a {{IDS_LINK_INTERNET_SETTINGS}}&gt;Compruebe su conexión a Internet&lt;/a&gt; e intente la instalación de nuevo.&lt;br/&gt;&lt;br/&gt;¿Está usando un servidor proxy? Cambie la configuración de su servidor proxy e inténtelo de nuevo.</string>

	<string name="IDS_EPI_FAIL_TITLE_DOWNLOAD_ERROR">Error de descarga</string>
	<string name="IDS_EPI_FAIL_TEXT_DOWNLOAD_ERROR">Se produjo un error durante la descarga de los datos del servidor. Compruebe la conexión de red e inténtelo de nuevo.&lt;br/&gt;&lt;br/&gt;Si sigue teniendo problemas, visite &lt;a {{IDS_LINK_OFFLINE_INSTALLER}}&gt;www.eset.com&lt;/a&gt; para descargar el instalador sin conexión.</string>
	<string name="IDS_EPI_FAIL_TEXT_DOWNLOAD_ERROR_EPI">Se produjo un error durante la descarga de los datos del servidor. Compruebe la conexión de red e inténtelo de nuevo.</string>

	<string name="IDS_EPI_FAIL_TITLE_INVALID_SERVER_RESPONSE">Respuesta no válida</string>
	<string name="IDS_EPI_FAIL_TEXT_INVALID_SERVER_RESPONSE">Se recibió una respuesta no válida del servidor.</string>

	<string name="IDS_EPI_FAIL_TITLE_INVALID_INSTALLER">Instalador no válido</string>
	<string name="IDS_EPI_FAIL_TEXT_INVALID_INSTALLER">Este instalador ya no es válido y se debe sustituir. Para instalar este producto, descargue un instalador nuevo.</string>
	<string name="IDS_EPI_FAIL_TEXT_INVALID_INSTALLER_EPI">Este instalador ya no es válido y se debe sustituir. Para instalar este producto, genere un instalador nuevo o póngase en contacto con su administrador.</string>

	<string name="IDS_EPI_FAIL_TITLE_VERSIONCHECK_NO_PACKAGES">No se encontró un paquete compatible</string>
	<string name="IDS_EPI_FAIL_TEXT_VERSIONCHECK_NO_PACKAGES">No hay ningún paquete de instalación compatible en el servidor. Visite &lt;a {{IDS_LINK_OFFLINE_INSTALLER}}&gt;www.eset.com&lt;/a&gt; para descargar el instalador sin conexión.</string>
	<string name="IDS_EPI_FAIL_TEXT_VERSIONCHECK_NO_PACKAGES_EPI">Este instalador ya no es válido y se debe sustituir. Para instalar este producto, genere un instalador nuevo o póngase en contacto con su administrador.</string>

	<string name="IDS_EPI_FAIL_TITLE_INCOMPATIBLE_OS">Sistema operativo incompatible</string>
	<string name="IDS_EPI_FAIL_TEXT_INCOMPATIBLE_OS">${bts.package.[${bts.var.package.current}].name} no está diseñado para su sistema operativo. Descargue e instale un producto de &lt;a {{IDS_LINK_OFFLINE_INSTALLER}}&gt;www.eset.com&lt;/a&gt;.</string>
	<string name="IDS_EPI_FAIL_TEXT_INCOMPATIBLE_OS_EPI">${bts.package.[${bts.var.package.current}].name} no está diseñado para su sistema operativo.</string>

	<string name="IDS_EPI_FAIL_TITLE_INCOMPATIBLE_PACKAGE_X32">Paquete incompatible</string>
	<string name="IDS_EPI_FAIL_TEXT_INCOMPATIBLE_PACKAGE_X32">Este paquete de instalación está previsto para sistemas operativos de 32 bits. Utilice el paquete de instalación para sistema operativos de 64 bits.</string>

	<string name="IDS_EPI_FAIL_TITLE_INCOMPATIBLE_PACKAGE_X64">Paquete incompatible</string>
	<string name="IDS_EPI_FAIL_TEXT_INCOMPATIBLE_PACKAGE_X64">Este paquete de instalación está previsto para sistemas operativos de 64 bits. Utilice el paquete de instalación para sistemas operativos de 32 bits.</string>

	<string name="IDS_EPI_FAIL_TITLE_INCOMPATIBLE_PRODUCT_INSTALLED">Producto incompatible instalado</string>
	<string name="IDS_EPI_FAIL_TEXT_INCOMPATIBLE_PRODUCT_INSTALLED">El producto incompatible {PRODUCT} ya está instalado. Desinstálelo manualmente e inicie la instalación de nuevo.</string>

	<string name="IDS_EPI_FAIL_TITLE_NEWER_VERSION_NOT_AVAILABLE">Ya está instalada la versión más reciente</string>
	<string name="IDS_EPI_FAIL_TEXT_NEWER_VERSION_NOT_AVAILABLE">Ya hay una versión más reciente de ${bts.package.[${bts.var.package.default}].name} instalada en este ordenador.</string>

	<string name="IDS_EPI_FAIL_TITLE_REFERRAL">El producto no se puede instalar</string>
	<string name="IDS_EPI_FAIL_TEXT_REFERRAL">El producto no se puede instalar; hay otro producto ESET instalado en este dispositivo.</string>
	<string name="IDS_EPI_FAIL_TEXT_REFERRAL_UPGRADE">Su versión del producto ESET está obsoleta y ya no garantiza la máxima protección.&lt;br/&gt;&lt;b&gt;Actualice a la versión más reciente GRATIS para mejorar su protección.&lt;/b&gt;</string>

	<string name="IDS_EPI_FAIL_TITLE_PACKAGE_NOT_FOUND">Paquete no encontrado</string>
	<string name="IDS_EPI_FAIL_TEXT_PACKAGE_NOT_FOUND">No se encontró el paquete de instalación de {PRODUCT}.</string>

	<string name="IDS_EPI_FAIL_TITLE_PACKAGE_CORRUPTED">El paquete está dañado</string>
	<string name="IDS_EPI_FAIL_TEXT_PACKAGE_CORRUPTED">El paquete de instalación de {PRODUCT} está dañado.</string>

	<string name="IDS_EPI_FAIL_TITLE_INSTALL_OUT_OF_SPACE">No hay más espacio disponible en disco</string>
	<string name="IDS_EPI_FAIL_TEXT_INSTALL_OUT_OF_SPACE">No hay espacio en disco suficiente para completar la instalación de ${bts.package.[${bts.var.package.default}].name}.&lt;br/&gt;&lt;br/&gt;Asegúrese de que dispone como mínimo de %u MB libres e inténtelo de nuevo.</string>
	<string name="IDS_EPI_FAIL_TEXT_INSTALL_OUT_OF_SPACE_EPI">No hay espacio en disco suficiente para completar la instalación de todos los paquetes.&lt;br/&gt;&lt;br/&gt;Asegúrese de que dispone como mínimo de %u MB libres e inténtelo de nuevo.</string>

	<string name="IDS_EPI_FAIL_TITLE_SETUP">La instalación no finalizó correctamente</string>
	<string name="IDS_EPI_FAIL_TEXT_SETUP">La instalación de ${bts.package.[${bts.var.package.current}].name} no ha finalizado correctamente. El sistema podría no estar protegido contra amenazas informáticas. Para instalar ${bts.package.[${bts.var.package.current}].name} en su ordenador, ejecute la instalación de nuevo.</string>
	<string name="IDS_EPI_FAIL_TEXT_SETUP_TROUBLESHOOT">Se produjo un problema al instalar el producto ESET en el dispositivo. Es recomendable que ejecute un solucionador de problemas. Este resolverá el problema si es posible.</string>
	<string name="IDS_EPI_FAIL_TEXT_SETUP_EPI">La instalación de ${bts.package.[${bts.var.package.current}].name} no ha finalizado correctamente. El sistema podría no estar protegido contra amenazas informáticas. Para instalar todos los paquetes en su ordenador, ejecute la instalación de nuevo.</string>
	<string name="IDS_EPI_FAIL_TEXT_SETUP_ERROR_CODE">Código de error: %s</string>

	<string name="IDS_EPI_FAIL_TITLE_ABORT">El usuario ha interrumpido la instalación</string>
	<string name="IDS_EPI_FAIL_TEXT_ABORT">El usuario ha interrumpido la instalación de ${bts.package.[${bts.var.package.default}].name}. Para instalar ${bts.package.[${bts.var.package.default}].name} en su ordenador, ejecute la instalación de nuevo.</string>
	<string name="IDS_EPI_FAIL_TEXT_ABORT_EPI">El usuario ha interrumpido la instalación. Para instalar todos los paquetes en su ordenador, ejecute la instalación de nuevo.</string>

	<string name="IDS_EPI_FAIL_TITLE_INTERNAL_ERROR">Error interno</string>
	<string name="IDS_EPI_FAIL_TEXT_INTERNAL_ERROR">Se produjo un error interno. Inténtelo de nuevo para iniciar la instalación otra vez.</string>

	<string name="IDS_EPI_TROUBLESHOOT_FINISH_TITLE">Solucionador de problemas finalizado</string>
	<string name="IDS_EPI_TROUBLESHOOT_SUCCESS_TITLE">La resolución de problemas se ha realizado correctamente.</string>
	<string name="IDS_EPI_TROUBLESHOOT_FAILED_TITLE">La resolución de problemas no se ha realizado correctamente.</string>
	<string name="IDS_EPI_TROUBLESHOOT_TEXT">&lt;b&gt;Es recomendable que cierre esta ventana y reinicie su ordenador. Tras el reinicio, ejecute de nuevo este instalador.&lt;/b&gt;</string>
	<string name="IDS_EPI_TROUBLESHOOT_REBOOT_TEXT">&lt;b&gt;Es necesario reiniciar el sistema para finalizar la resolución de problemas. Cierre esta ventana y reinicie su ordenador. Tras el reinicio, ejecute de nuevo este instalador.&lt;/b&gt;</string>
	<string name="IDS_EPI_TROUBLESHOOT_CONTACT_TEXT">Si el error sigue apareciendo, póngase en contacto con el administrador del sistema o con el &lt;a {{IDS_LINK_SUPPORT}}&gt;servicio de atención al cliente de ESET&lt;/a&gt;.</string>

	<string name="IDS_EPI_CFG_SIMPLE_CAPTION">Configuración de protección e instalación</string>
	<string name="IDS_EPI_CFG_RECOMMENDED_CAPTION">Recomendado</string>
	<string name="IDS_EPI_CFG_SIMPLE_PUA_CAPTION">Activar la detección de aplicaciones potencialmente indeseables</string>
	<string name="IDS_EPI_CFG_SIMPLE_CEIP_CAPTION">Participe en el Programa de mejora de la experiencia del cliente &lt;br/&gt; &lt;a type="command" href="gui.ceip.show"&gt; ¿Qué información recopilamos?&lt;/a&gt;</string>
	<string name="IDS_EPI_CFG_SIMPLE_LGF_CAPTION">Activar el sistema de respuesta ESET LiveGrid®</string>
	<string name="IDS_EPI_CFG_SIMPLE_CEIP_TEXT">Nos gustaría recopilar información anónima sobre cómo se usa este producto. Los datos recopilados nos ayudarán a mejorar su experiencia y nunca los compartiremos con terceros.</string>
	<string name="IDS_EPI_CFG_SIMPLE_CONTINUE">Continuar</string>
	<string name="IDS_EPI_CFG_SIMPLE_ALL_CONTINUE">Permitir todo y continuar</string>

	<string name="IDS_EPI_BANNER_CAPTION1">Preparando instalación</string>
	<string name="IDS_EPI_BANNER_DESCRIPTION1">Espere mientras descargamos el paquete de instalación.</string>

	<string name="IDS_EPI_BANNER_CAPTION2">Instalación en curso</string>
	<string name="IDS_EPI_BANNER_DESCRIPTION2">Ya casi ha terminado. Espere mientras finaliza la instalación.</string>

	<string name="IDS_EPI_BANNER_CAPTION3">Rendimiento incomparable</string>
	<string name="IDS_EPI_BANNER_DESCRIPTION3">La protección multicapa de ESET recoge la información de más de 100 millones de sistemas de detección en el mundo para asegurarte el máximo nivel de protección con el mínimo consumo de los recursos de tu sistema.</string>

	<string name="IDS_EPI_BANNER_CAPTION4">¡Gracias por elegir ESET!</string>
	<string name="IDS_EPI_BANNER_DESCRIPTION4">La tecnología ESET NOD32® está avalada mundialmente y reconocida por multitud de premios. De hecho, VB100 le ha otorgado su máxima distinción durante 13 años consecutivos.</string>

	<string name="IDS_EPI_BANNER_CAPTION5">Maneja tu seguridad de forma súper sencilla y desde un único punto</string>
	<string name="IDS_EPI_BANNER_DESCRIPTION5">No importa si usa una consola de administración en la nube o local: tendrá a su disposición un centro de mando con el que podrá gestionar mejor todos sus sistemas de seguridad ESET desde cualquier parte y cuando quiera.</string>


</resources>
