﻿<?xml version="1.0" encoding="utf-8" ?>
<resources langname="Norsk" lcid="0414">

	<string name="IDS_EPI_INSTALL_STEP">Velkommen|Lisensavtale|AV Remover|Installasjon|Fullfør</string>

	<string name="IDS_EPI_ACTION_INIT">Initialisering ...</string>
	<string name="IDS_EPI_ACTION_EULA">Laster ned EULA(-er) ...</string>
	<string name="IDS_EPI_ACTION_DUMP">Forbereder installasjonspakken ...</string>
	<string name="IDS_EPI_ACTION_CALC">Beregner ledig plass ...</string>
	<string name="IDS_EPI_ACTION_DETECTAV">Ser etter mulige motstridende programmer ...</string>
	<string name="IDS_EPI_ACTION_PACKAGECACHE">Sluttbehandler offlinepakke ...</string>
	<string name="IDS_EPI_ACTION_CLEANUP_FOLDERS">Sletter mapper …</string>
	<string name="IDS_EPI_ACTION_TROUBLESHOOTING">Feilsøker. Dette kan ta en liten stund …</string>

	<string name="IDS_EPI_HOME_TITLE_EAV">Installer ${bts.package.[0].name}</string>
	<string name="IDS_EPI_HOME_TEXT_EAV">Nyt bruken av datamaskinen din mens du jobber, spiller og kobler deg til – beskyttet av ESET.</string>
	<string name="IDS_EPI_HOME_TITLE_ESS">Installer ${bts.package.[0].name}</string>
	<string name="IDS_EPI_HOME_TEXT_ESS">Nyt bruken av datamaskinen din mens du jobber, spiller og kobler deg til – beskyttet av ESET.</string>
	<string name="IDS_EPI_HOME_TITLE_EIS">Installer ${bts.package.[0].name}</string>
	<string name="IDS_EPI_HOME_TEXT_EIS">Nyt bruken av datamaskinen din mens du jobber, spiller og kobler deg til – beskyttet av ESET.</string>
	<string name="IDS_EPI_HOME_TITLE_ESSP">Installer ${bts.package.[0].name}</string>
	<string name="IDS_EPI_HOME_TEXT_ESSP">Nyt bruken av datamaskinen din mens du jobber, spiller og kobler deg til – beskyttet av ESET.</string>
	<string name="IDS_EPI_HOME_TITLE_EHS">Installer ${bts.package.[0].name}</string>
	<string name="IDS_EPI_HOME_TEXT_EHS">Nyt bruken av datamaskinen din mens du jobber, spiller og kobler deg til – beskyttet av ESET.</string>
	<string name="IDS_EPI_HOME_TITLE_EEA">Installer ${bts.package.[0].name}</string>
	<string name="IDS_EPI_HOME_SUBTITLE_EEA">Avansert basisbeskyttelse for bedriften din</string>
	<string name="IDS_EPI_HOME_TEXT_EEA">${bts.package.[0].name}, med den prisbelønte avsløringsteknologien ESET NOD32®, sørger for skånsom og avansert basisbeskyttelse, forsterket av vårt skybaserte reputation-system. Kontroller det hele bekymringsfritt med vår brukervennlige og fullstendig redesignede nettkonsoll, ESET PROTECT.</string>
	<string name="IDS_EPI_HOME_TITLE_EES">Installer ${bts.package.[0].name}</string>
	<string name="IDS_EPI_HOME_SUBTITLE_EES">En komplett og avansert sikkerhetssuite</string>
	<string name="IDS_EPI_HOME_TEXT_EES">${bts.package.[0].name} er en komplett og avansert sikkerhetssuite som gir omfattende flerlagsbeskyttelse mot alle typer skadelig programvare. Dra nytte av lave systemkrav, støtte for virtualisering og oversikt via den helt nye nettkonsollen ESET PROTECT.</string>

	<string name="IDS_EPI_HOME_TITLE_MULTI">Installer komponenter</string>
	<string name="IDS_EPI_INFO_TITLE_ERAA">Denne datamaskinen vil bli administrert av ESET PROTECT</string>
	<string name="IDS_EPI_BUNDLE_TITLE">Følgende komponenter er inkludert i dette installasjonen</string>

	<string name="IDS_EPI_HOME_AVREMOVER_CHECK">Jeg vil avinstallere inkompatible sikkerhetsprodukter</string>
	<string name="IDS_EPI_HOME_NEW_VERSION_TEXT">En nyere versjon av dette produktet er tilgjengelig, og kan automatisk lastes ned og installeres i stedet for den som er inkludert.</string>
	<string name="IDS_EPI_HOME_NEW_VERSION_CHECKBOX">Installer nyere versjon</string>

<string name="IDS_EPI_HOME_NEED_HELP">Trenger du hjelp med installasjonen?</string>
	<string name="IDS_EPI_HOME_OPEN_INSTRUCTIONS">Åpne Installeringsinstruksjoner</string>
	<string name="IDS_EPI_HOME_OPEN_GUIDE">Åpne brukerhåndbok</string>

	<string name="IDS_EPI_LOCK_PASSWORD_TITLE">ESET Security-oppsettene er passordbeskyttet</string>
	<string name="IDS_EPI_LOCK_PASSWORD_SUBTITLE">Skriv inn et gyldig passord for å fortsette.</string>
	<string name="IDS_EPI_LOCK_PASSWORD_TEXT">Passord</string>
	<string name="IDS_EPI_LOCK_PASSWORD_ERROR">Feil passord. Du kan gjenopprette passordet&lt;br/&gt;i Avansert oppsett for produktet.</string>

	<string name="IDS_EPI_EULA_SINGLE_TITLE">Lisensavtale for sluttbruker</string>
	<string name="IDS_EPI_EULA_SAVEAS_FILTER">Tekstfiler (.txt)|*.txt|HTML-filer (.html,*.htm)|*.html;*.htm||</string>
	<string name="IDS_EPI_EULA_BUTTON_ACCEPT">Jeg godtar</string>
	<string name="IDS_EPI_EULA_BUTTON_DECLINE">Jeg godtar ikke</string>
	<string name="IDS_EPI_EULA_DECLINE">Installasjonsprogrammet lukkes hvis ikke lisensavtalen for sluttbrukere godtas. Er du sikker på at du vil gjøre det?</string>

	<string name="IDS_EPI_DETECTAV_TITLE">Skanner</string>
	<string name="IDS_EPI_DETECTAV_TEXT01">Det ble funnet andre sikkerhetsprodukter</string>
	<string name="IDS_EPI_DETECTAV_TEXT02">Hvis du kjører to sikkerhetsløsninger samtidig, kan det føre til ustabilitet. Løs dette problemet ved å avinstallere den motstridende sikkerhetsprogramvaren som finnes på systemet.</string>
	<string name="IDS_EPI_DETECTAV_UNINSTALL">Slik avinstallerer du andre virusprogrammer</string>

	<string name="IDS_EPI_PACKAGECACHE_TITLE">Forhåndsnedlast komponenter</string>
	<string name="IDS_EPI_PACKAGECACHE_TEXT">Forhåndsnedlast komponentene inkludert i Pakkeinstallasjonsprogrammet (Live-installasjonsprogram) for å få opp farten på distribusjonsprosessen når du har begrenset Internett-tilkobling.</string>
	<string name="IDS_EPI_PACKAGECACHE_HOW01">&lt;b&gt;Klikk på nedlastingsknappen&lt;/b&gt; og %1 blir opprettet, lastet ned og lagret til datamaskinen din.</string>
	<string name="IDS_EPI_PACKAGECACHE_HOW02">&lt;b&gt;Kopier %1 og %2 i samme mappe.&lt;/b&gt; Du kan bruke delt nettverksplass eller en USB-stasjon.</string>
	<string name="IDS_EPI_PACKAGECACHE_HOW03">&lt;b&gt;Utfør %2 på enhver datamaskin fra den delte mappen eller USB-stasjonen.&lt;/b&gt; %2 vil bruke de allerede forhåndsnedlastede komponentene uten å laste dem med igjen.</string>

	<string name="IDS_EPI_DOWNLOAD_PACKAGE_SINGLE">Laster ned...</string>
	<string name="IDS_EPI_DOWNLOAD_PACKAGE_MULTI">Laster ned %1 ...</string>

	<string name="IDS_EPI_CFG_LGF_CAPTION_CONSUMER">Det er kraft i tall. Få maksimal beskyttelse.</string>
	<string name="IDS_EPI_CFG_LGF_TEXT_CONSUMER">Tilbakemeldingssystemet ESET LiveGrid® gjør at vi kan samle inn statistikk og informasjon om mistenkelige objekter, som vi behandler automatisk for å lage deteksjonsmekanismer i skysystemet vårt. Vi anvender disse umiddelbart for å sikre at kundene våre har det høyeste beskyttelsesnivået.</string>
	<string name="IDS_EPI_CFG_LGF_CAPTION_BUSINESS">La oss gi deg en sikkerhetsløsning som hele tiden blir bedre og bedre.</string>
	<string name="IDS_EPI_CFG_LGF_TEXT_BUSINESS">Tilbakemeldingssystemet ESET LiveGrid® gjør at vi kan samle inn informasjon om mistenkelige objekter, som vi behandler automatisk for å lage deteksjonsmekanismer i skysystemet vårt. Vi anvender disse umiddelbart for å sikre at kundene våre har det høyeste beskyttelsesnivået.</string>
	<string name="IDS_EPI_CFG_LGF_ENABLE">Aktiver tilbakemeldingssystemet ESET LiveGrid® (anbefales)</string>
	<string name="IDS_EPI_CFG_LGF_DISABLE">Deaktiver tilbakemeldingssystemet ESET LiveGrid®</string>

	<string name="IDS_EPI_CFG_PUA_CAPTION">Gjenkjenning av potensielt uønskede programmer</string>
	<string name="IDS_EPI_CFG_PUA_TEXT">ESET kan oppdage &lt;a {{IDS_HELP_PUA_LINK}}&gt;potensielt uønskede programmer&lt;/a&gt; og be om bekreftelse før de installeres.Potensielt uønskede programmer utgjør kanskje ikke noen sikkerhetsrisiko, men de kan påvirke datamaskinens ytelse, hastighet og pålitelighet, eller forårsake endringer i atferden. De krever normalt brukerens samtykke før installasjon.</string>
	<string name="IDS_EPI_CFG_PUA_ENABLE">Aktiver gjenkjenning av potensielt uønskede programmer</string>
	<string name="IDS_EPI_CFG_PUA_DISABLE">Deaktiver gjenkjennelse av potensielt uønskede programmer</string>

	<string name="IDS_EPI_CFG_CEIP_CAPTION">Delta i programmet for forbedring av kundeopplevelse</string>
	<string name="IDS_EPI_CFG_CEIP_TEXT">Vi ønsker å samle inn anonym informasjon om hvordan dette produktet brukes. De innsamlede dataene vil hjelpe oss med å forbedre opplevelsen for deg og vil aldri bli delt med tredjeparter.&lt;a type="command" href="gui.ceip.show"&gt; Hvilke opplysninger samler vi inn?&lt;/a&gt;</string>
	<string name="IDS_EPI_CFG_CEIP_YES">Ja, jeg ønsker å delta i programmet (anbefalt)</string>
	<string name="IDS_EPI_CFG_CEIP_NO">Nei, jeg ønsker ikke å delta i programmet</string>

	<string name="IDS_EPI_CFG_EULA_CAPTION">Lisensavtale for sluttbruker</string>
	<string name="IDS_EPI_CFG_EULA_DESCRIPTION">Ved å klikke på hvilken som helst av «Fortsett»-knappene nedenfor, samtykker du til &lt;a {{IDS_LINK_SHOW_EULA}}&gt;lisensavtalen for sluttbrukere&lt;/a&gt; og aksepterer &lt;a {{IDS_LINK_SHOW_PRIVACY_POLICY}}&gt;personvernerklæringen.&lt;/a&gt;</string>
	<string name="IDS_EPI_CFG_EULA_MSGBOX_OK">OK</string>
	<string name="IDS_EPI_CFG_EULA_MSGBOX_NOT_AGREE">Jeg samtykker ikke</string>
	<string name="IDS_EPI_CFG_EULA_MSGBOX_SAVE">Lagre</string>

	<string name="IDS_EPI_CFG_BUTTON_ADVANCED">Endre installasjonsmappe</string>
	<string name="IDS_EPI_CFG_FOLDERS_INSTALL">Produkt-mappe:</string>
	<string name="IDS_EPI_CFG_FOLDERS_DATA">Data-mappe:</string>
	<string name="IDS_EPI_CFG_FOLDERS_MODULE">Module-mappe:</string>
	<string name="IDS_EPI_CFG_FOLDERS_VALIDATOR_INVALID">Ugyldig e-post eller passord!</string>

	<string name="IDS_EPI_CFG_ALREADY_CONFIGURED">Installasjonsoppsettene er allerede konfigurert.</string>

	<string name="IDS_EPI_NONEMPTY_FOLDER_WARNING_TITLE">Installasjonsmappen må være tom</string>
	<string name="IDS_EPI_NONEMPTY_FOLDER_WARNING_MESSAGE_SINGULAR">Den eksisterende mappen vil bli fjernet for å fortsette installasjonen:</string>
	<string name="IDS_EPI_NONEMPTY_FOLDER_WARNING_MESSAGE_PLURAL">De eksisterende mappene vil bli fjernet for å fortsette installasjonen:</string>
	<string name="IDS_EPI_NONEMPTY_FOLDER_QUESTION">&lt;b&gt;Samtykker du til å fjerne mappene og fortsette installasjonen?&lt;/b&gt;</string>

	<string name="IDS_EPI_DISKSPACE_TITLE">Ikke mer diskplass</string>
	<string name="IDS_EPI_DISKSPACE_TEXT01">Det er ikke mer diskplass. De uthevede volumene har ikke nok ledig plass tilgjengelig for installasjonen. Kontroller tilgjengelig diskplass og prøv på nytt.</string>
	<string name="IDS_EPI_DISKSPACE_HEADER01">Stasjon</string>
	<string name="IDS_EPI_DISKSPACE_HEADER02">Kapasitet</string>
	<string name="IDS_EPI_DISKSPACE_HEADER03">Ledig plass</string>
	<string name="IDS_EPI_DISKSPACE_HEADER04">Nødvendig plass</string>

	<string name="IDS_EPI_INSTALL_PACKAGE_SINGLE">Installerer ...</string>
	<string name="IDS_EPI_INSTALL_PACKAGE_MULTI">Installerer %1 ...</string>

	<string name="IDS_EPI_DONE_TITLE">Installering vellykket</string>
	<string name="IDS_EPI_DONE_TEXT01">${bts.package.[${bts.var.package.default}].name} er installert på datamaskinen. Datamaskinen blir fortløpende sjekket for virus og skadelig programvare. &lt;br/&gt; &lt;br/&gt; Takk for at du har valgt ESET! &lt;br/&gt; &lt;br/&gt; &lt;br/&gt; Klikk på &lt;i&gt;Ferdig&lt;/i&gt; for å fullføre produktinstallasjonen.</string>
	<string name="IDS_EPI_DONE_TEXT01_EPI">Alle pakker er blitt installert på datamaskinen din. &lt;br/&gt; &lt;br/&gt; Klikk på &lt;i&gt;Ferdig&lt;/i&gt; for å fullføre produktoppsettet.</string>
		<string name="IDS_EPI_DONE_PACKAGECACHE_CAPTION">%1 og %2 må være i samme mappe når utført.</string>
	<string name="IDS_EPI_DONE_PACKAGECACHE_DESCRIPTION">%1 ble lastet ned og lagret til mappe:&lt;br/&gt;</string>

	<string name="IDS_EPI_FAIL_FAILED_TITLE">Installasjonen mislyktes</string>
	<string name="IDS_EPI_FAIL_FINISH_TITLE">Installasjonen er fullført</string>
	<string name="IDS_EPI_FAIL_KNOWLEDGEBASE">Søk etter løsning i ESET-kunnskapsbasen.</string>
	<string name="IDS_EPI_FAIL_TROUBLESHOOT">Kjør feilsøking</string>
	<string name="IDS_EPI_FAIL_TS_LINK">Kontakt ESET brukerstøtte</string>
	<string name="IDS_EPI_FAIL_RESTART">Start datamaskinen på nytt</string>

	<string name="IDS_EPI_FAIL_TITLE_OS">Utdatert versjon av Microsoft Windows</string>
	<string name="IDS_EPI_FAIL_TEXT_OS_OUTDATED">ESET Security støtter ikke den utdaterte versjonen din av Microsoft Windows. Klikk på Lukk for å avslutte installasjonen.</string>
	<string name="IDS_EPI_FAIL_TEXT_OS_NOT_SUPPORTED">Dette produktet støttes ikke lenger på den utdaterte versjonen din av Microsoft Windows. &lt;a {{IDS_LINK_PRODUCT_OPTIONS}}&gt;Se mulighetene dine&lt;/a&gt;</string>
	<string name="IDS_EPI_FAIL_TEXT_OS_NOT_SUPPORTED_BUSINESS">Dette produktet støttes ikke lenger på den utdaterte versjonen din av Microsoft Windows.</string>

	<string name="IDS_EPI_FAIL_TITLE_EULA_REJECTED">Lisensavtale for sluttbruker</string>
	<string name="IDS_EPI_FAIL_TEXT_EULA_REJECTED">Lisensavtalen for sluttbrukere ble ikke godtatt.</string>

	<string name="IDS_EPI_FAIL_TITLE_CONNECTION">Tilkoblings feil</string>
	<string name="IDS_EPI_FAIL_TEXT_CONNECTION">Tilkoblingen din til internett virker visst ikke. Produktet kan ikke installeres. &lt;a {{IDS_LINK_INTERNET_SETTINGS}}&gt;Kontroller tilkoblingen din&lt;/a&gt; og prøv å installere på nytt.&lt;br/&gt;&lt;br/&gt;Bruker du proxyserver? Endre dine proxyserverinnstillinger og prøv på nytt.</string>
	<string name="IDS_EPI_FAIL_TEXT_CONNECTION_EPI">Tilkoblingen din til internett virker visst ikke. Pakken kan ikke installeres. &lt;a {{IDS_LINK_INTERNET_SETTINGS}}&gt;Kontroller tilkoblingen din&lt;/a&gt; og prøv å installere på nytt.&lt;br/&gt;&lt;br/&gt;Bruker du proxyserver? Endre dine proxyserverinnstillinger og prøv på nytt.</string>

	<string name="IDS_EPI_FAIL_TITLE_DOWNLOAD_ERROR">Nedlastingsfeil</string>
	<string name="IDS_EPI_FAIL_TEXT_DOWNLOAD_ERROR">Det oppstod en feil under nedlasting av data fra serveren. Kontroller nettverkstilkoblingen, og prøv på nytt.&lt;br/&gt;&lt;br/&gt;Hvis du fortsatt har problemer, kan du gå til &lt;a {{IDS_LINK_OFFLINE_INSTALLER}}&gt;www.eset.com&lt;/a&gt; og laste ned en installasjonsfil for frakoblet bruk.</string>
	<string name="IDS_EPI_FAIL_TEXT_DOWNLOAD_ERROR_EPI">Det oppstod en feil under nedlasting av data fra serveren. Kontroller nettverkstilkoblingen, og prøv på nytt.</string>

	<string name="IDS_EPI_FAIL_TITLE_INVALID_SERVER_RESPONSE">Ugyldig argument</string>
	<string name="IDS_EPI_FAIL_TEXT_INVALID_SERVER_RESPONSE">Et ugyldig svar ble mottatt fra serveren.</string>

	<string name="IDS_EPI_FAIL_TITLE_INVALID_INSTALLER">Ugyldig installeringsprogram</string>
	<string name="IDS_EPI_FAIL_TEXT_INVALID_INSTALLER">Dette installeringsprogrammet er ikke lenger gyldig og må erstattes. Last ned et nytt installeringsprogram for å installere dette produktet.</string>
	<string name="IDS_EPI_FAIL_TEXT_INVALID_INSTALLER_EPI">Dette installeringsprogrammet er ikke lenger gyldig og må erstattes. Generer ned et nytt installeringsprogram eller kontakt administratoren din for å installere dette produktet.</string>

	<string name="IDS_EPI_FAIL_TITLE_VERSIONCHECK_NO_PACKAGES">Kompatibel pakke ble ikke funnet</string>
	<string name="IDS_EPI_FAIL_TEXT_VERSIONCHECK_NO_PACKAGES">Det finnes ikke noen forenlig installasjonspakken tilgjengelig på serveren. Gå til &lt;a {{IDS_LINK_OFFLINE_INSTALLER}}&gt;www.eset.com&lt;/a&gt; for å laste ned en installasjonsfil for frakoblet bruk.</string>
	<string name="IDS_EPI_FAIL_TEXT_VERSIONCHECK_NO_PACKAGES_EPI">Dette installeringsprogrammet er ikke lenger gyldig og må erstattes. Generer ned et nytt installeringsprogram eller kontakt administratoren din for å installere dette produktet.</string>

	<string name="IDS_EPI_FAIL_TITLE_INCOMPATIBLE_OS">Uforenlig operativsystem</string>
	<string name="IDS_EPI_FAIL_TEXT_INCOMPATIBLE_OS">${bts.package.[${bts.var.package.current}].name} er ikke ment for operativsystemet ditt. Last ned og installer et produkt fra &lt;a {{IDS_LINK_OFFLINE_INSTALLER}}&gt;www.eset.com&lt;/a&gt;.</string>
	<string name="IDS_EPI_FAIL_TEXT_INCOMPATIBLE_OS_EPI">${bts.package.[${bts.var.package.current}].name} er ikke ment for operativsystemene dine.</string>

	<string name="IDS_EPI_FAIL_TITLE_INCOMPATIBLE_PACKAGE_X32">Uforenlig pakke</string>
	<string name="IDS_EPI_FAIL_TEXT_INCOMPATIBLE_PACKAGE_X32">Installasjonspakken er beregnet på 32-biters operativsystemer. Bruk en installasjonspakke for 64-biters operativsystemer.</string>

	<string name="IDS_EPI_FAIL_TITLE_INCOMPATIBLE_PACKAGE_X64">Uforenlig pakke</string>
	<string name="IDS_EPI_FAIL_TEXT_INCOMPATIBLE_PACKAGE_X64">Installasjonspakken er beregnet på 64-biters operativsystemer. Bruk en installasjonspakke for 32-biters operativsystemer.</string>

	<string name="IDS_EPI_FAIL_TITLE_INCOMPATIBLE_PRODUCT_INSTALLED">Uforenlig produkt installert</string>
	<string name="IDS_EPI_FAIL_TEXT_INCOMPATIBLE_PRODUCT_INSTALLED">Et inkompatibelt {PRODUCT} produkt er allerede installert. Avinstaller manuelt, og start installasjonen på nytt.</string>

	<string name="IDS_EPI_FAIL_TITLE_NEWER_VERSION_NOT_AVAILABLE">Nyeste versjon er allerede installert</string>
	<string name="IDS_EPI_FAIL_TEXT_NEWER_VERSION_NOT_AVAILABLE">En nyere versjon av ${bts.package.[${bts.var.package.default}].name} allerede er installert på denne datamaskinen.</string>

	<string name="IDS_EPI_FAIL_TITLE_REFERRAL">Produktet kan ikke installeres</string>
	<string name="IDS_EPI_FAIL_TEXT_REFERRAL">Produktet er allerede installert siden et annet ESET-produkt er installert på denne enheten.</string>
	<string name="IDS_EPI_FAIL_TEXT_REFERRAL_UPGRADE">Din eksisterende versjon av ESET er utdatert og kan ikke lenger garantere den beste beskyttelsen.&lt;br/&gt;&lt;b&gt;Forbedre sikkerhetsbeskyttelsen din ved å oppgradere til den nyeste versjonen GRATIS.&lt;/b&gt;</string>

	<string name="IDS_EPI_FAIL_TITLE_PACKAGE_NOT_FOUND">Pakke ikke funnet</string>
	<string name="IDS_EPI_FAIL_TEXT_PACKAGE_NOT_FOUND">Installasjonspakken for {PRODUCT} ble ikke funnet.</string>

	<string name="IDS_EPI_FAIL_TITLE_PACKAGE_CORRUPTED">Pakken er ugyldig</string>
	<string name="IDS_EPI_FAIL_TEXT_PACKAGE_CORRUPTED">Installasjonspakken for {PRODUCT} er ødelagt.</string>

	<string name="IDS_EPI_FAIL_TITLE_INSTALL_OUT_OF_SPACE">For lite ledig plass</string>
	<string name="IDS_EPI_FAIL_TEXT_INSTALL_OUT_OF_SPACE">Det er ikke nok diskplass til å fullføre installasjonen av ${bts.package.[${bts.var.package.default}].name}.&lt;br/&gt;&lt;br/&gt;Sørg for at du har minst %u MB ledig og prøv igjen.</string>
	<string name="IDS_EPI_FAIL_TEXT_INSTALL_OUT_OF_SPACE_EPI">Det er ikke nok diskplass ledig for å fullføre installasjonen av alle pakker.&lt;br/&gt;&lt;br/&gt;Sørg for at du har minst %u MB ledig og prøv igjen.</string>

	<string name="IDS_EPI_FAIL_TITLE_SETUP">Installasjonen ble ikke fullført</string>
	<string name="IDS_EPI_FAIL_TEXT_SETUP">Installasjonen av ${bts.package.[${bts.var.package.current}].name} har ikke blitt fullført. Systemet er kanskje ikke beskyttet mot datamaskintrusler. Du må kjøre installasjonen på nytt for å installere ${bts.package.[${bts.var.package.current}].name} på datamaskinen din.</string>
	<string name="IDS_EPI_FAIL_TEXT_SETUP_TROUBLESHOOT">Det oppstod et problem ved installasjon av et ESET-produkt på enheten din. Vi anbefaler at du kjører feilsøking. Hvis mulig vil feilsøkingen løse problemet.</string>
	<string name="IDS_EPI_FAIL_TEXT_SETUP_EPI">Installasjonen av ${bts.package.[${bts.var.package.current}].name} er ikke fullført. Systemet er kanskje ikke beskyttet mot datamaskintrusler. Kjør dette installasjonsprogrammet på nytt for å installere alle pakker på datamaskinen.</string>
	<string name="IDS_EPI_FAIL_TEXT_SETUP_ERROR_CODE">Feilkode: %s</string>

	<string name="IDS_EPI_FAIL_TITLE_ABORT">Installasjonen er avbrutt</string>
	<string name="IDS_EPI_FAIL_TEXT_ABORT">Installasjonen av ${bts.package.[${bts.var.package.default}].name} har blitt avbrutt av brukeren. Du må kjøre installasjonen på nytt for å installere ${bts.package.[${bts.var.package.default}].name} på datamaskinen din.</string>
	<string name="IDS_EPI_FAIL_TEXT_ABORT_EPI">Installasjonen er avbrutt av brukeren. Hvis du vil installere alle pakkene på datamaskinen, må du kjøre installasjonen på nytt.</string>

	<string name="IDS_EPI_FAIL_TITLE_INTERNAL_ERROR">Intern feil</string>
	<string name="IDS_EPI_FAIL_TEXT_INTERNAL_ERROR">Det oppstod en intern feil. Prøv igjen for å starte installasjonen på nytt.</string>

	<string name="IDS_EPI_TROUBLESHOOT_FINISH_TITLE">Feilsøking er fullført</string>
	<string name="IDS_EPI_TROUBLESHOOT_SUCCESS_TITLE">Feilsøkingen var vellykket</string>
	<string name="IDS_EPI_TROUBLESHOOT_FAILED_TITLE">Feilsøkingen var mislykket</string>
	<string name="IDS_EPI_TROUBLESHOOT_TEXT">&lt;b&gt;Vi anbefaler at du lukker dette vinduet og kjører omstart på datamaskinen din. Kjør denne installasjonen på nytt etter omstart.&lt;/b&gt;</string>
	<string name="IDS_EPI_TROUBLESHOOT_REBOOT_TEXT">&lt;b&gt;Det er nødvendig med en omstart for å avslutte feilsøkingen. Lukk dette vinduet og kjør en omstart på datamaskinen din. Kjør dette installasjonsprogrammet på nytt etter omstarten.&lt;/b&gt;</string>
	<string name="IDS_EPI_TROUBLESHOOT_CONTACT_TEXT">I tilfelle en vedvarende feil, kontakt systemadministratoren eller &lt;a {{IDS_LINK_SUPPORT}}&gt;ESET brukerstøtte.&lt;/a&gt;</string>

	<string name="IDS_EPI_CFG_SIMPLE_CAPTION">Innstillinger for beskyttelse og installasjon</string>
	<string name="IDS_EPI_CFG_RECOMMENDED_CAPTION">Anbefalt</string>
	<string name="IDS_EPI_CFG_SIMPLE_PUA_CAPTION">Aktiver gjenkjenning av potensielt uønskede programmer</string>
	<string name="IDS_EPI_CFG_SIMPLE_CEIP_CAPTION">Delta i Program for forbedring av kundeopplevelse &lt;br/&gt; &lt;a type="command" href="gui.ceip.show"&gt; Hvilken informasjon samler vi inn?&lt;/a&gt;</string>
	<string name="IDS_EPI_CFG_SIMPLE_LGF_CAPTION">Aktiver ESET LiveGrid®-tilbakemeldingssystemet</string>
	<string name="IDS_EPI_CFG_SIMPLE_CEIP_TEXT">Vi ønsker å samle inn anonym informasjon om hvordan dette produktet brukes. De innsamlede dataene vil hjelpe oss med å forbedre opplevelsen for deg og vil aldri bli delt med tredjeparter.</string>
	<string name="IDS_EPI_CFG_SIMPLE_CONTINUE">Fortsett</string>
	<string name="IDS_EPI_CFG_SIMPLE_ALL_CONTINUE">Tillat alle og fortsett</string>

	<string name="IDS_EPI_BANNER_CAPTION1">Forbereder installasjon</string>
	<string name="IDS_EPI_BANNER_DESCRIPTION1">Vent mens installasjonspakken lastes ned.</string>

	<string name="IDS_EPI_BANNER_CAPTION2">Installasjon pågår</string>
	<string name="IDS_EPI_BANNER_DESCRIPTION2">Du er nesten ferdig! Vent mens installasjonen fullføres.</string>

	<string name="IDS_EPI_BANNER_CAPTION3">Enestående ytelse</string>
	<string name="IDS_EPI_BANNER_DESCRIPTION3">ESETs lagdelte teknologi bruker intelligens fra 100 millioner sensorer over hele verden for å sikre at du får maksimal beskyttelse med lavest mulige krav til systemet ditt.</string>

	<string name="IDS_EPI_BANNER_CAPTION4">Takk for at du har valgt ESET!</string>
	<string name="IDS_EPI_BANNER_DESCRIPTION4">ESET NOD32® teknologien innehar verdensrekord i sammenhengende og kumulative VB100 utmerkelser.</string>

	<string name="IDS_EPI_BANNER_CAPTION5">Enkel, sentralisert kontroll over din IT-sikkerhet</string>
	<string name="IDS_EPI_BANNER_DESCRIPTION5">Uansett om du bruker sikkerhetsadministrering i skyen eller på stedet, får du en én-siders kontroller som gir deg bedre styring av din ESET Security, hvor som helst og når som helst.</string>


</resources>
