﻿<?xml version="1.0" encoding="utf-8" ?>
<resources langname="Deutsch" lcid="0407">

	<string name="IDS_EPI_INSTALL_STEP">Willkommen|Lizenzvereinbarung|AV Remover|Installieren|Fertig stellen</string>

	<string name="IDS_EPI_ACTION_INIT">Initialisierung läuft</string>
	<string name="IDS_EPI_ACTION_EULA">Download der Endbenutzer-Lizenzvereinbarung(en)...</string>
	<string name="IDS_EPI_ACTION_DUMP">Installationspaket wird vorbereitet...</string>
	<string name="IDS_EPI_ACTION_CALC">Verfügbarer Speicherplatz wird berechnet...</string>
	<string name="IDS_EPI_ACTION_DETECTAV">Prüfung auf Konflikte mit anderen Anwendungen läuft...</string>
	<string name="IDS_EPI_ACTION_PACKAGECACHE">Erstellung des Offlinepakets wird abgeschlossen ...</string>
	<string name="IDS_EPI_ACTION_CLEANUP_FOLDERS">Ordner werden gelöscht ...</string>
	<string name="IDS_EPI_ACTION_TROUBLESHOOTING">Fehlerbehebung, dieser Vorgang kann einige Minuten dauern ...</string>

	<string name="IDS_EPI_HOME_TITLE_EAV">Installieren Sie ${bts.package.[0].name}</string>
	<string name="IDS_EPI_HOME_TEXT_EAV">Schützen Sie Ihren Computer mit ESET bei der Arbeit und in Ihrer Freizeit.</string>
	<string name="IDS_EPI_HOME_TITLE_ESS">Installieren Sie ${bts.package.[0].name}</string>
	<string name="IDS_EPI_HOME_TEXT_ESS">Schützen Sie Ihren Computer mit ESET bei der Arbeit und in Ihrer Freizeit.</string>
	<string name="IDS_EPI_HOME_TITLE_EIS">Installieren Sie ${bts.package.[0].name}</string>
	<string name="IDS_EPI_HOME_TEXT_EIS">Schützen Sie Ihren Computer mit ESET bei der Arbeit und in Ihrer Freizeit.</string>
	<string name="IDS_EPI_HOME_TITLE_ESSP">Installieren Sie ${bts.package.[0].name}</string>
	<string name="IDS_EPI_HOME_TEXT_ESSP">Schützen Sie Ihren Computer mit ESET bei der Arbeit und in Ihrer Freizeit.</string>
	<string name="IDS_EPI_HOME_TITLE_EHS">Installieren Sie ${bts.package.[0].name}</string>
	<string name="IDS_EPI_HOME_TEXT_EHS">Schützen Sie Ihren Computer mit ESET bei der Arbeit und in Ihrer Freizeit.</string>
	<string name="IDS_EPI_HOME_TITLE_EEA">Installieren Sie ${bts.package.[0].name}</string>
	<string name="IDS_EPI_HOME_SUBTITLE_EEA">Erweiterter Basisschutz für Ihr Unternehmen</string>
	<string name="IDS_EPI_HOME_TEXT_EEA">${bts.package.[0].name} mit der preisgekrönten ESET NOD32®-Erkennungstechnologie bietet erweiterten Basisschutz für Ihr Unternehmen, verstärkt durch unser cloudbasiertes Reputationssystem. Mit unserer komplett neu überarbeiteten, benutzerfreundlichen ESET PROTECT-Web-Konsole können Sie die gesamte Lösung mühelos verwalten.</string>
	<string name="IDS_EPI_HOME_TITLE_EES">Installieren Sie ${bts.package.[0].name}</string>
	<string name="IDS_EPI_HOME_SUBTITLE_EES">Ihre leistungsstarke und moderne Sicherheits-Suite</string>
	<string name="IDS_EPI_HOME_TEXT_EES">${bts.package.[0].name} ist Ihre leistungsstarke und moderne Sicherheits-Suite mit umfassendem Schutz vor allen Arten von Schadcode auf mehreren Ebenen. Entdecken Sie die niedrigen Systemanforderungen, die Virtualisierungsunterstützung und den Überblick der komplett überarbeiteten ESET PROTECT-Web-Konsole.</string>

	<string name="IDS_EPI_HOME_TITLE_MULTI">Komponenten installieren</string>
	<string name="IDS_EPI_INFO_TITLE_ERAA">Dieser Computer wird vom ESET PROTECT verwaltet werden</string>
	<string name="IDS_EPI_BUNDLE_TITLE">Dieses Installationsprogramm enthält die folgenden Komponenten</string>

	<string name="IDS_EPI_HOME_AVREMOVER_CHECK">Ich möchte inkompatible Sicherheitsprodukte deinstallieren</string>
	<string name="IDS_EPI_HOME_NEW_VERSION_TEXT">Eine neuere Version dieses Produkts ist online verfügbar und kann anstelle der vorhandenen Version automatisch heruntergeladen und installiert werden.</string>
	<string name="IDS_EPI_HOME_NEW_VERSION_CHECKBOX">Neuere Version installieren</string>

<string name="IDS_EPI_HOME_NEED_HELP">Brauchen Sie Hilfe bei der Installation?</string>
	<string name="IDS_EPI_HOME_OPEN_INSTRUCTIONS">Installationsanleitung öffnen</string>
	<string name="IDS_EPI_HOME_OPEN_GUIDE">Benutzerhandbuch öffnen</string>

	<string name="IDS_EPI_LOCK_PASSWORD_TITLE">ESET Security-Einstellungen sind passwortgeschützt</string>
	<string name="IDS_EPI_LOCK_PASSWORD_SUBTITLE">Geben Sie ein gültiges Passwort ein, um fortzufahren.</string>
	<string name="IDS_EPI_LOCK_PASSWORD_TEXT">Passwort</string>
	<string name="IDS_EPI_LOCK_PASSWORD_ERROR">Falsches Passwort. Sie können das Passwort in den&lt;br/&gt;erweiterten Produkteinstellungen wiederherstellen.</string>

	<string name="IDS_EPI_EULA_SINGLE_TITLE">Endbenutzer-Lizenzvereinbarung</string>
	<string name="IDS_EPI_EULA_SAVEAS_FILTER">Text (*.txt)|*.txt|HTML (*.html,*.htm)|*.html;*.htm||</string>
	<string name="IDS_EPI_EULA_BUTTON_ACCEPT">Ich stimme zu</string>
	<string name="IDS_EPI_EULA_BUTTON_DECLINE">Ich stimme nicht zu</string>
	<string name="IDS_EPI_EULA_DECLINE">Wenn Sie die Endbenutzer-Lizenzvereinbarung ablehnen, wird das Installationsprogramm geschlossen. Möchten Sie wirklich fortfahren?</string>

	<string name="IDS_EPI_DETECTAV_TITLE">Wird gescannt ...</string>
	<string name="IDS_EPI_DETECTAV_TEXT01">Andere Sicherheitsprodukte gefunden</string>
	<string name="IDS_EPI_DETECTAV_TEXT02">Zwei parallel installierte Sicherheitslösungen können zu Stabilitätsproblemen führen. Beheben Sie dieses Problem, indem Sie die in Ihrem System installierte Sicherheitssoftware deinstallieren, die den Konflikt verursacht.</string>
	<string name="IDS_EPI_DETECTAV_UNINSTALL">So deinstallieren Sie andere Virenschutzsoftware</string>

	<string name="IDS_EPI_PACKAGECACHE_TITLE">Komponenten vorab herunterladen</string>
	<string name="IDS_EPI_PACKAGECACHE_TEXT">Laden Sie die in diesem Paket-Installationsprogramm (Live-Installationsprogramm) enthaltenen Komponente vorab herunter, um den Bereitstellungsprozess bei eingeschränkter Internetverbindung zu beschleunigen.</string>
	<string name="IDS_EPI_PACKAGECACHE_HOW01">&lt;b&gt;Klicken Sie auf die Download-Schaltfläche&lt;/b&gt;, um %1 zu erstellen, herunterzuladen und auf Ihrem Computer zu speichern.</string>
	<string name="IDS_EPI_PACKAGECACHE_HOW02">&lt;b&gt;Kopieren Sie %1 und %2 in den gleichen Ordner.&lt;/b&gt; Sie können einen freigegebenen Netzwerkbereich oder ein USB-Laufwerk verwenden.</string>
	<string name="IDS_EPI_PACKAGECACHE_HOW03">&lt;b&gt;Führen Sie %2 aus dem freigegebenen Netzwerkordner oder USB-Laufwerk auf einem beliebigen Computer aus.&lt;/b&gt; %2 verwendet die bereits heruntergeladenen Komponenten, ohne sie erneut herunterzuladen.</string>

	<string name="IDS_EPI_DOWNLOAD_PACKAGE_SINGLE">Download läuft ...</string>
	<string name="IDS_EPI_DOWNLOAD_PACKAGE_MULTI">Download: %1 ...</string>

	<string name="IDS_EPI_CFG_LGF_CAPTION_CONSUMER">Gemeinsam mehr erreichen. Holen Sie sich den bestmöglichen Schutz!</string>
	<string name="IDS_EPI_CFG_LGF_TEXT_CONSUMER">Mit dem ESET LiveGrid®-System sammeln wir Statistiken und Informationen über verdächtige Objekte und verarbeiten diese automatisch, um Erkennungsmechanismen in unserem Cloudsystem zu erstellen. Diese Mechanismen werden anschließend sofort angewendet, um unseren Kunden maximalen Schutz zu bieten.</string>
	<string name="IDS_EPI_CFG_LGF_CAPTION_BUSINESS">Helfen Sie uns dabei, Ihnen noch mehr Sicherheit zu bieten.</string>
	<string name="IDS_EPI_CFG_LGF_TEXT_BUSINESS">Das ESET LiveGrid®-System besteht aus über 100 Millionen Sensoren weltweit, sammelt Informationen über verdächtige Objekte und verarbeitet diese automatisch, um Erkennungsmechanismen in unserem cloudbasierten Reputationssystem zu erstellen. Diese Mechanismen werden anschließend sofort eingesetzt, um Ihnen maximalen Schutz zu bieten.</string>
	<string name="IDS_EPI_CFG_LGF_ENABLE">ESET LiveGrid®-System aktivieren (empfohlen)</string>
	<string name="IDS_EPI_CFG_LGF_DISABLE">ESET LiveGrid®-System deaktivieren</string>

	<string name="IDS_EPI_CFG_PUA_CAPTION">Prüfen auf "Potenziell unerwünschte Anwendungen"</string>
	<string name="IDS_EPI_CFG_PUA_TEXT">ESET kann &lt;a {{IDS_HELP_PUA_LINK}}&gt;"Potenziell unerwünschte Anwendungen"&lt;/a&gt; erkennen und vor deren Installation eine Bestätigung anfordern. "Potenziell unerwünschte Anwendungen" sind nicht zwangsläufig ein Sicherheitsrisiko, können jedoch die Leistung, Geschwindigkeit und Zuverlässigkeit des Computers beeinträchtigen oder Verhaltensänderungen verursachen. Vor der Installation ist normalerweise die Zustimmung des Benutzers erforderlich.</string>
	<string name="IDS_EPI_CFG_PUA_ENABLE">Auf "Potenziell unerwünschte Anwendungen" prüfen</string>
	<string name="IDS_EPI_CFG_PUA_DISABLE">Nicht auf "Potenziell unerwünschte Anwendungen" prüfen</string>

	<string name="IDS_EPI_CFG_CEIP_CAPTION">Am Programm für ein besseres Kundenerlebnis teilnehmen</string>
	<string name="IDS_EPI_CFG_CEIP_TEXT">Wir würden gerne anonyme Informationen zur Nutzung dieses Produkts erfassen. Die gesammelten Daten helfen uns, die Software für Sie zu verbessern, und werden niemals an Dritte weitergegeben.&lt;a type="command" href="gui.ceip.show"&gt; Welche Informationen werden erfasst?&lt;/a&gt;</string>
	<string name="IDS_EPI_CFG_CEIP_YES">Ja, ich möchte am Programm teilnehmen (empfohlen)</string>
	<string name="IDS_EPI_CFG_CEIP_NO">Nein, ich möchte nicht am Programm teilnehmen</string>

	<string name="IDS_EPI_CFG_EULA_CAPTION">Endbenutzer-Lizenzvereinbarung</string>
	<string name="IDS_EPI_CFG_EULA_DESCRIPTION">Wenn Sie unten auf eine der „Weiter“-Schaltflächen klicken, akzeptieren Sie die &lt;a {{IDS_LINK_SHOW_EULA}}&gt;Endbenutzer-Lizenzvereinbarung&lt;/a&gt; und die &lt;a {{IDS_LINK_SHOW_PRIVACY_POLICY}}&gt;Datenschutzerklärung&lt;/a&gt;.</string>
	<string name="IDS_EPI_CFG_EULA_MSGBOX_OK">OK</string>
	<string name="IDS_EPI_CFG_EULA_MSGBOX_NOT_AGREE">Ich stimme nicht zu</string>
	<string name="IDS_EPI_CFG_EULA_MSGBOX_SAVE">Speichern</string>

	<string name="IDS_EPI_CFG_BUTTON_ADVANCED">Installationsordner ändern</string>
	<string name="IDS_EPI_CFG_FOLDERS_INSTALL">Produktordner:</string>
	<string name="IDS_EPI_CFG_FOLDERS_DATA">Datenordner:</string>
	<string name="IDS_EPI_CFG_FOLDERS_MODULE">Modulordner:</string>
	<string name="IDS_EPI_CFG_FOLDERS_VALIDATOR_INVALID">Ungültiger Ordner ausgewählt.</string>

	<string name="IDS_EPI_CFG_ALREADY_CONFIGURED">Die Installationseinstellungen wurden bereits konfiguriert.</string>

	<string name="IDS_EPI_NONEMPTY_FOLDER_WARNING_TITLE">Der Installationsordner muss leer sein</string>
	<string name="IDS_EPI_NONEMPTY_FOLDER_WARNING_MESSAGE_SINGULAR">Um die Installation fortzusetzen, wird der vorhandene Ordner gelöscht:</string>
	<string name="IDS_EPI_NONEMPTY_FOLDER_WARNING_MESSAGE_PLURAL">Um die Installation fortzusetzen, werden die vorhandenen Ordner gelöscht:</string>
	<string name="IDS_EPI_NONEMPTY_FOLDER_QUESTION">&lt;b&gt;Möchten Sie die Ordner löschen und die Installation fortsetzen?&lt;/b&gt;</string>

	<string name="IDS_EPI_DISKSPACE_TITLE">Nicht genügend Speicherplatz</string>
	<string name="IDS_EPI_DISKSPACE_TEXT01">Sie haben nicht genügend Speicherplatz auf der Festplatte. Auf den hervorgehobenen Volumes ist nicht genügend Speicherplatz für die Installation verfügbar. Überprüfen Sie den verfügbaren Speicherplatz und versuchen Sie es erneut.</string>
	<string name="IDS_EPI_DISKSPACE_HEADER01">Laufwerk</string>
	<string name="IDS_EPI_DISKSPACE_HEADER02">Kapazität</string>
	<string name="IDS_EPI_DISKSPACE_HEADER03">Freier Speicherplatz</string>
	<string name="IDS_EPI_DISKSPACE_HEADER04">Erforderlicher Speicherplatz</string>

	<string name="IDS_EPI_INSTALL_PACKAGE_SINGLE">Wird installiert...</string>
	<string name="IDS_EPI_INSTALL_PACKAGE_MULTI">Installation: %1 ...</string>

	<string name="IDS_EPI_DONE_TITLE">Installation erfolgreich</string>
	<string name="IDS_EPI_DONE_TEXT01">${bts.package.[${bts.var.package.default}].name} wurde auf Ihrem Computer installiert. Ihr Computer wird fortlaufend auf Viren und Malware geprüft. &lt;br/&gt; &lt;br/&gt; Vielen Dank, dass Sie sich für ESET entschieden haben! &lt;br/&gt; &lt;br/&gt; &lt;br/&gt; Klicken Sie auf &lt;i&gt;Fertig&lt;/i&gt;, um die Produktinstallation abzuschließen.</string>
	<string name="IDS_EPI_DONE_TEXT01_EPI">Alle Pakete wurden erfolgreich auf Ihrem Computer installiert. &lt;br/&gt; &lt;br/&gt; Klicken Sie auf &lt;i&gt;Fertig&lt;/i&gt;, um die Produkteinrichtung abzuschließen.</string>
		<string name="IDS_EPI_DONE_PACKAGECACHE_CAPTION">%1 und %2 müssen sich bei der Ausführung im gleichen Ordner befinden.</string>
	<string name="IDS_EPI_DONE_PACKAGECACHE_DESCRIPTION">%1 wurde heruntergeladen und im folgenden Ordner gespeichert:&lt;br/&gt;</string>

	<string name="IDS_EPI_FAIL_FAILED_TITLE">Installation fehlgeschlagen</string>
	<string name="IDS_EPI_FAIL_FINISH_TITLE">Installation abgeschlossen</string>
	<string name="IDS_EPI_FAIL_KNOWLEDGEBASE">In der ESET-Knowledgebase nach einer Lösung suchen.</string>
	<string name="IDS_EPI_FAIL_TROUBLESHOOT">Fehlerbehebung ausführen</string>
	<string name="IDS_EPI_FAIL_TS_LINK">ESET-Support kontaktieren</string>
	<string name="IDS_EPI_FAIL_RESTART">Computer neu starten</string>

	<string name="IDS_EPI_FAIL_TITLE_OS">Veraltete Version von Microsoft Windows</string>
	<string name="IDS_EPI_FAIL_TEXT_OS_OUTDATED">Ihre veraltete Version von Microsoft Windows wird von ESET Security nicht unterstützt. Klicken Sie auf „Schließen“, um die Installation zu beenden.</string>
	<string name="IDS_EPI_FAIL_TEXT_OS_NOT_SUPPORTED">Ihre veraltete Version von Microsoft Windows wird von diesem Produkt nicht mehr unterstützt. &lt;a {{IDS_LINK_PRODUCT_OPTIONS}}&gt;Optionen anzeigen&lt;/a&gt;</string>
	<string name="IDS_EPI_FAIL_TEXT_OS_NOT_SUPPORTED_BUSINESS">Dieses Produkt wird auf ihrer veralteten Version von Microsoft Windows nicht mehr unterstützt.</string>

	<string name="IDS_EPI_FAIL_TITLE_EULA_REJECTED">Endbenutzer-Lizenzvereinbarung</string>
	<string name="IDS_EPI_FAIL_TEXT_EULA_REJECTED">Die Endbenutzer-Lizenzvereinbarung wurde nicht akzeptiert.</string>

	<string name="IDS_EPI_FAIL_TITLE_CONNECTION">Verbindungsfehler</string>
	<string name="IDS_EPI_FAIL_TEXT_CONNECTION">Sie scheinen nicht mit dem Internet verbunden zu sein. Das Produkt kann nicht installiert werden. &lt;a {{IDS_LINK_INTERNET_SETTINGS}}&gt;Überprüfen Sie Ihre Internetverbindung&lt;/a&gt; und führen Sie die Installation erneut aus.&lt;br/&gt;&lt;br/&gt;Verwenden Sie einen Proxyserver? Ändern Sie Ihre Proxyservereinstellungen und versuchen Sie es erneut.</string>
	<string name="IDS_EPI_FAIL_TEXT_CONNECTION_EPI">Sie scheinen nicht mit dem Internet verbunden zu sein. Die Pakete können nicht installiert werden. &lt;a {{IDS_LINK_INTERNET_SETTINGS}}&gt;Überprüfen Sie Ihre Internetverbindung&lt;/a&gt; und führen Sie die Installation erneut aus.&lt;br/&gt;&lt;br/&gt;Verwenden Sie einen Proxyserver? Ändern Sie Ihre Proxyservereinstellungen und versuchen Sie es erneut.</string>

	<string name="IDS_EPI_FAIL_TITLE_DOWNLOAD_ERROR">Downloadfehler</string>
	<string name="IDS_EPI_FAIL_TEXT_DOWNLOAD_ERROR">Beim Download der Daten vom Server ist ein Fehler aufgetreten. Prüfen Sie Ihre Netzwerkverbindung, und wiederholen Sie den Vorgang.&lt;br/&gt;&lt;br/&gt;Falls weiterhin Probleme auftreten, können Sie unter &lt;a {{IDS_LINK_OFFLINE_INSTALLER}}&gt;www.eset.com&lt;/a&gt; ein Offline-Installationsprogramm herunterladen.</string>
	<string name="IDS_EPI_FAIL_TEXT_DOWNLOAD_ERROR_EPI">Beim Download der Daten vom Server ist ein Fehler aufgetreten. Prüfen Sie Ihre Netzwerkverbindung, und wiederholen Sie den Vorgang.</string>

	<string name="IDS_EPI_FAIL_TITLE_INVALID_SERVER_RESPONSE">Ungültige Antwort</string>
	<string name="IDS_EPI_FAIL_TEXT_INVALID_SERVER_RESPONSE">Ungültige Antwort vom Server erhalten.</string>

	<string name="IDS_EPI_FAIL_TITLE_INVALID_INSTALLER">Ungültiges Installationsprogramm</string>
	<string name="IDS_EPI_FAIL_TEXT_INVALID_INSTALLER">Dieses Installationsprogramm ist nicht mehr gültig und muss ersetzt werden. Laden Sie ein neues Installationsprogramm herunter, um dieses Produkt zu installieren.</string>
	<string name="IDS_EPI_FAIL_TEXT_INVALID_INSTALLER_EPI">Dieses Installationsprogramm ist nicht mehr gültig und muss ersetzt werden. Erstellen Sie ein neues Installationsprogramm oder wenden Sie sich an Ihren Administrator, um dieses Produkt zu installieren.</string>

	<string name="IDS_EPI_FAIL_TITLE_VERSIONCHECK_NO_PACKAGES">Kompatibles Paket nicht gefunden</string>
	<string name="IDS_EPI_FAIL_TEXT_VERSIONCHECK_NO_PACKAGES">Auf dem Server ist kein kompatibles Installationspaket verfügbar. Unter &lt;a {{IDS_LINK_OFFLINE_INSTALLER}}&gt;www.eset.com&lt;/a&gt; können Sie ein Offline-Installationsprogramm herunterladen.</string>
	<string name="IDS_EPI_FAIL_TEXT_VERSIONCHECK_NO_PACKAGES_EPI">Dieses Installationsprogramm ist nicht mehr gültig und muss ersetzt werden. Erstellen Sie ein neues Installationsprogramm oder wenden Sie sich an Ihren Administrator, um dieses Produkt zu installieren.</string>

	<string name="IDS_EPI_FAIL_TITLE_INCOMPATIBLE_OS">Inkompatibles Betriebssystem</string>
	<string name="IDS_EPI_FAIL_TEXT_INCOMPATIBLE_OS">${bts.package.[${bts.var.package.current}].name} ist nicht kompatibel mit Ihrem Betriebssystem. Unter &lt;a {{IDS_LINK_OFFLINE_INSTALLER}}&gt;www.eset.com&lt;/a&gt; können Sie Produkte herunterladen und installieren.</string>
	<string name="IDS_EPI_FAIL_TEXT_INCOMPATIBLE_OS_EPI">${bts.package.[${bts.var.package.current}].name} ist nicht kompatibel mit Ihrem Betriebssystem.</string>

	<string name="IDS_EPI_FAIL_TITLE_INCOMPATIBLE_PACKAGE_X32">Inkompatibles Paket</string>
	<string name="IDS_EPI_FAIL_TEXT_INCOMPATIBLE_PACKAGE_X32">Dieses Installationspaket ist nur mit 32-Bit-Betriebssystemen kompatibel. Bitte verwenden Sie ein Installationspaket für 64-Bit-Betriebssysteme.</string>

	<string name="IDS_EPI_FAIL_TITLE_INCOMPATIBLE_PACKAGE_X64">Inkompatibles Paket</string>
	<string name="IDS_EPI_FAIL_TEXT_INCOMPATIBLE_PACKAGE_X64">Dieses Installationspaket ist nur mit 64-Bit-Betriebssystemen kompatibel. Bitte verwenden Sie ein Installationspaket für 32-Bit-Betriebssysteme.</string>

	<string name="IDS_EPI_FAIL_TITLE_INCOMPATIBLE_PRODUCT_INSTALLED">Inkompatibles Produkt installiert</string>
	<string name="IDS_EPI_FAIL_TEXT_INCOMPATIBLE_PRODUCT_INSTALLED">Eine inkompatible Version von {PRODUCT} ist bereits installiert. Installieren Sie diese Version manuell, und wiederholen Sie die Installation.</string>

	<string name="IDS_EPI_FAIL_TITLE_NEWER_VERSION_NOT_AVAILABLE">Neueste Version ist bereits installiert</string>
	<string name="IDS_EPI_FAIL_TEXT_NEWER_VERSION_NOT_AVAILABLE">Die aktuelle Version von ${bts.package.[${bts.var.package.default}].name} ist bereits auf diesem Computer installiert.</string>

	<string name="IDS_EPI_FAIL_TITLE_REFERRAL">Das Produkt kann nicht installiert werden</string>
	<string name="IDS_EPI_FAIL_TEXT_REFERRAL">Das Produkt kann nicht installiert werden, da bereits ein anderes ESET-Produkt auf diesem Gerät installiert ist.</string>
	<string name="IDS_EPI_FAIL_TEXT_REFERRAL_UPGRADE">Ihre vorhandene ESET-Version ist veraltet und schützt Sie nicht mehr optimal.&lt;br/&gt;&lt;b&gt;Verbessern Sie Ihren Schutz mit einem KOSTENLOSEN Upgrade auf die neueste Version.&lt;/b&gt;</string>

	<string name="IDS_EPI_FAIL_TITLE_PACKAGE_NOT_FOUND">Paket nicht gefunden</string>
	<string name="IDS_EPI_FAIL_TEXT_PACKAGE_NOT_FOUND">Das Installationspaket für {PRODUCT} wurde nicht gefunden.</string>

	<string name="IDS_EPI_FAIL_TITLE_PACKAGE_CORRUPTED">Paket ist beschädigt</string>
	<string name="IDS_EPI_FAIL_TEXT_PACKAGE_CORRUPTED">Das Installationspaket für {PRODUCT} ist beschädigt.</string>

	<string name="IDS_EPI_FAIL_TITLE_INSTALL_OUT_OF_SPACE">Nicht genügend Speicherplatz</string>
	<string name="IDS_EPI_FAIL_TEXT_INSTALL_OUT_OF_SPACE">Auf dem Laufwerk ist nicht genügend freier Speicherplatz für die Installation von ${bts.package.[${bts.var.package.default}].name} vorhanden.&lt;br/&gt;&lt;br/&gt;Stellen Sie sicher, dass mindestens %u MB freier Speicherplatz vorhanden ist, und versuchen Sie es erneut.</string>
	<string name="IDS_EPI_FAIL_TEXT_INSTALL_OUT_OF_SPACE_EPI">Auf dem Laufwerk ist nicht genügend freier Speicherplatz für die Installation aller Pakete vorhanden.&lt;br/&gt;&lt;br/&gt;Stellen Sie sicher, dass mindestens %u MB freier Speicherplatz vorhanden ist, und versuchen Sie es erneut.</string>

	<string name="IDS_EPI_FAIL_TITLE_SETUP">Die Installation wurde nicht abgeschlossen</string>
	<string name="IDS_EPI_FAIL_TEXT_SETUP">Die Installation von ${bts.package.[${bts.var.package.current}].name} wurde nicht abgeschlossen. Das System ist möglicherweise nicht vor Bedrohungen geschützt. Wiederholen Sie die Installation, um ${bts.package.[${bts.var.package.current}].name} auf Ihrem Computer zu installieren.</string>
	<string name="IDS_EPI_FAIL_TEXT_SETUP_TROUBLESHOOT">Bei der Installation des ESET-Produkts auf Ihrem Gerät ist ein Fehler aufgetreten. Wir empfehlen, die Fehlerbehebung auszuführen, um das Problem nach Möglichkeit zu beheben.</string>
	<string name="IDS_EPI_FAIL_TEXT_SETUP_EPI">Die Installation von ${bts.package.[${bts.var.package.current}].name} wurde nicht abgeschlossen. Das System ist möglicherweise nicht vor Bedrohungen geschützt. Führen Sie die Installation erneut aus, um sämtliche Pakete auf Ihrem Computer zu installieren.</string>
	<string name="IDS_EPI_FAIL_TEXT_SETUP_ERROR_CODE">Fehlercode: %s</string>

	<string name="IDS_EPI_FAIL_TITLE_ABORT">Installation wurde vom Benutzer unterbrochen</string>
	<string name="IDS_EPI_FAIL_TEXT_ABORT">Die Installation von ${bts.package.[${bts.var.package.default}].name} wurde vom Benutzer unterbrochen. Wiederholen Sie die Installation, um ${bts.package.[${bts.var.package.default}].name} auf Ihrem Computer zu installieren.</string>
	<string name="IDS_EPI_FAIL_TEXT_ABORT_EPI">Die Installation wurde vom Benutzer abgebrochen. Führen Sie die Installation erneut aus, um alle Pakete auf Ihrem Computer zu installieren.</string>

	<string name="IDS_EPI_FAIL_TITLE_INTERNAL_ERROR">Interner Fehler</string>
	<string name="IDS_EPI_FAIL_TEXT_INTERNAL_ERROR">Ein interner Fehler ist aufgetreten. Wiederholen Sie den Vorgang, oder starten Sie das Installationsprogramm erneut.</string>

	<string name="IDS_EPI_TROUBLESHOOT_FINISH_TITLE">Problembehandlung abgeschlossen</string>
	<string name="IDS_EPI_TROUBLESHOOT_SUCCESS_TITLE">Die Fehlerbehebung war erfolgreich</string>
	<string name="IDS_EPI_TROUBLESHOOT_FAILED_TITLE">Die Fehlerbehebung war nicht erfolgreich</string>
	<string name="IDS_EPI_TROUBLESHOOT_TEXT">&lt;b&gt;Wir empfehlen, dieses Fenster zu schließen und den Computer neu zu starten. Führen Sie dieses Installationsprogramm nach dem Neustart erneut aus.&lt;/b&gt;</string>
	<string name="IDS_EPI_TROUBLESHOOT_REBOOT_TEXT">&lt;b&gt;Ein Neustart ist erforderlich, um die Fehlerbehebung abzuschließen. Schließen Sie dieses Fenster und starten Sie Ihren Computer neu. Führen Sie dieses Installationsprogramm nach dem Neustart erneut aus.&lt;/b&gt;</string>
	<string name="IDS_EPI_TROUBLESHOOT_CONTACT_TEXT">Falls der Fehler weiterhin auftritt, wenden Sie sich an Ihren Systemadministrator oder den &lt;a {{IDS_LINK_SUPPORT}}&gt;ESET-Support&lt;/a&gt;.</string>

	<string name="IDS_EPI_CFG_SIMPLE_CAPTION">Schutz- und Installationseinstellungen</string>
	<string name="IDS_EPI_CFG_RECOMMENDED_CAPTION">Empfohlen</string>
	<string name="IDS_EPI_CFG_SIMPLE_PUA_CAPTION">Auf "Potenziell unerwünschte Anwendungen" prüfen</string>
	<string name="IDS_EPI_CFG_SIMPLE_CEIP_CAPTION">Am Programm für ein besseres Kundenerlebnis teilnehmen &lt;br/&gt; &lt;a type="command" href="gui.ceip.show"&gt; Welche Informationen werden erfasst?&lt;/a&gt;</string>
	<string name="IDS_EPI_CFG_SIMPLE_LGF_CAPTION">ESET LiveGrid®-Feedback-System aktivieren</string>
	<string name="IDS_EPI_CFG_SIMPLE_CEIP_TEXT">Wir würden gerne anonyme Informationen zur Nutzung dieses Produkts erfassen. Die gesammelten Daten helfen uns, die Software für Sie zu verbessern, und werden niemals an Dritte weitergegeben.</string>
	<string name="IDS_EPI_CFG_SIMPLE_CONTINUE">Fortfahren</string>
	<string name="IDS_EPI_CFG_SIMPLE_ALL_CONTINUE">Alle zulassen und fortfahren</string>

	<string name="IDS_EPI_BANNER_CAPTION1">Installation wird vorbereitet</string>
	<string name="IDS_EPI_BANNER_DESCRIPTION1">Bitte warten, während das Installationspaket heruntergeladen wird.</string>

	<string name="IDS_EPI_BANNER_CAPTION2">Installationsvorgang läuft</string>
	<string name="IDS_EPI_BANNER_DESCRIPTION2">Fast fertig! Bitte warten, bis die Installation abgeschlossen wurde.</string>

	<string name="IDS_EPI_BANNER_CAPTION3">Einzigartige Performance</string>
	<string name="IDS_EPI_BANNER_DESCRIPTION3">ESETs vielschichtige Technologie nutzt Informationen von 100 Millionen Sensoren weltweit, um auf Ihren Systemen maximale Sicherheit bei minimalem Ressourcenverbrauch zu gewährleisten.</string>

	<string name="IDS_EPI_BANNER_CAPTION4">Vielen Dank, dass Sie sich für ESET entschieden haben!</string>
	<string name="IDS_EPI_BANNER_DESCRIPTION4">ESET ist stolzer VB100 Rekordhalter. Seit 2003 haben wir mit unserer NOD32® Technologie bei jedem Test die begehrte Auszeichnung erhalten.</string>

	<string name="IDS_EPI_BANNER_CAPTION5">Unkomplizierte Verwaltung Ihrer IT-Sicherheit</string>
	<string name="IDS_EPI_BANNER_DESCRIPTION5">Egal ob Sie eine Cloud oder eine lokale Sicherheitsmanagement-Konsole nutzen – ein zentraler Controller ermöglicht Ihnen überall und zu jeder Zeit eine bessere Kontrolle über all Ihre Sicherheitsanwendungen von ESET.</string>


</resources>
