﻿<?xml version="1.0" encoding="utf-8" ?>
<resources langname="Svenska" lcid="041d">

	<string name="IDS_EPI_INSTALL_STEP">Välkommen|Licensavtal|AV Remover|Installation|Slutför</string>

	<string name="IDS_EPI_ACTION_INIT">Initierar...</string>
	<string name="IDS_EPI_ACTION_EULA">Slutanvändaravtal hämtas...</string>
	<string name="IDS_EPI_ACTION_DUMP">Installationspaketet förbereds...</string>
	<string name="IDS_EPI_ACTION_CALC">Tillgängligt utrymme beräknas..</string>
	<string name="IDS_EPI_ACTION_DETECTAV">Kontrollerar om några program står i konflikt med varandra...</string>
	<string name="IDS_EPI_ACTION_PACKAGECACHE">Offlinepaketet färdigställs...</string>
	<string name="IDS_EPI_ACTION_CLEANUP_FOLDERS">Mappar tas bort...</string>
	<string name="IDS_EPI_ACTION_TROUBLESHOOTING">Felsökning pågår, detta kan det ta en stund...</string>

	<string name="IDS_EPI_HOME_TITLE_EAV">Installera ${bts.package.[0].name}</string>
	<string name="IDS_EPI_HOME_TEXT_EAV">Använd datorn när du arbetar, roar dig eller håller kontakten med omvärlden – skyddad av ESET.</string>
	<string name="IDS_EPI_HOME_TITLE_ESS">Installera ${bts.package.[0].name}</string>
	<string name="IDS_EPI_HOME_TEXT_ESS">Använd datorn när du arbetar, roar dig eller håller kontakten med omvärlden – skyddad av ESET.</string>
	<string name="IDS_EPI_HOME_TITLE_EIS">Installera ${bts.package.[0].name}</string>
	<string name="IDS_EPI_HOME_TEXT_EIS">Använd datorn när du arbetar, roar dig eller håller kontakten med omvärlden – skyddad av ESET.</string>
	<string name="IDS_EPI_HOME_TITLE_ESSP">Installera ${bts.package.[0].name}</string>
	<string name="IDS_EPI_HOME_TEXT_ESSP">Använd datorn när du arbetar, roar dig eller håller kontakten med omvärlden – skyddad av ESET.</string>
	<string name="IDS_EPI_HOME_TITLE_EHS">Installera ${bts.package.[0].name}</string>
	<string name="IDS_EPI_HOME_TEXT_EHS">Använd datorn när du arbetar, roar dig eller håller kontakten med omvärlden – skyddad av ESET.</string>
	<string name="IDS_EPI_HOME_TITLE_EEA">Installera ${bts.package.[0].name}</string>
	<string name="IDS_EPI_HOME_SUBTITLE_EEA">Avancerat grundskydd för din verksamhet</string>
	<string name="IDS_EPI_HOME_TEXT_EEA">Med ${bts.package.[0].name}, som har prisbelönt ESET NOD32®-detekteringsteknik, får din verksamhet ett lättviktigt, avancerat grundskydd som förstärks av vårt molnbaserade ryktessystem. Allt styrs smidigt från vår användarvänliga webbkonsol ESET PROTECT, som har fått en helt ny design.</string>
	<string name="IDS_EPI_HOME_TITLE_EES">Installera ${bts.package.[0].name}</string>
	<string name="IDS_EPI_HOME_SUBTITLE_EES">Din fullfjädrade, avancerade säkerhetssvit</string>
	<string name="IDS_EPI_HOME_TEXT_EES">${bts.package.[0].name} är din fullfjädrade, avancerade säkerhetssvit som ger heltäckande skydd i flera lager mot alla typer av skadlig kod. Bland fördelarna märks låga systemkrav, stöd för visualisering och översikt via den helt nya webbkonsolen ESET PROTECT.</string>

	<string name="IDS_EPI_HOME_TITLE_MULTI">Installera komponenter</string>
	<string name="IDS_EPI_INFO_TITLE_ERAA">Datorn kommer att hanteras av ESET PROTECT</string>
	<string name="IDS_EPI_BUNDLE_TITLE">Följande komponenter ingår i installationsprogrammet</string>

	<string name="IDS_EPI_HOME_AVREMOVER_CHECK">Jag vill avinstallera inkompatibla säkerhetsprodukter</string>
	<string name="IDS_EPI_HOME_NEW_VERSION_TEXT">En senare version av produkten är tillgänglig online och kan hämtas och installeras automatiskt istället för den inkluderade.</string>
	<string name="IDS_EPI_HOME_NEW_VERSION_CHECKBOX">Installera senare version</string>

<string name="IDS_EPI_HOME_NEED_HELP">Behöver du hjälp med installationen?</string>
	<string name="IDS_EPI_HOME_OPEN_INSTRUCTIONS">Öppna installationsanvisningarna</string>
	<string name="IDS_EPI_HOME_OPEN_GUIDE">Öppna användarhandboken</string>

	<string name="IDS_EPI_LOCK_PASSWORD_TITLE">ESET-säkerhetsinställningarna är lösenordskyddade</string>
	<string name="IDS_EPI_LOCK_PASSWORD_SUBTITLE">Ange ett giltigt lösenord för att fortsätta.</string>
	<string name="IDS_EPI_LOCK_PASSWORD_TEXT">Lösenord</string>
	<string name="IDS_EPI_LOCK_PASSWORD_ERROR">Felaktigt lösenord. Du kan återställa lösenordet&lt;br/&gt;in produktens avancerade inställningar.</string>

	<string name="IDS_EPI_EULA_SINGLE_TITLE">Licensavtal för slutanvändare</string>
	<string name="IDS_EPI_EULA_SAVEAS_FILTER">Text (*.txt)|*.txt|HTML (*.html,*.htm)|*.html;*.htm||</string>
	<string name="IDS_EPI_EULA_BUTTON_ACCEPT">Jag godkänner</string>
	<string name="IDS_EPI_EULA_BUTTON_DECLINE">Jag godkänner inte</string>
	<string name="IDS_EPI_EULA_DECLINE">Om du inte godkänner licensavtalet för slutanvändare stängs installationsprogrammet. Är du säker på att du vill göra det?</string>

	<string name="IDS_EPI_DETECTAV_TITLE">Genomsöker</string>
	<string name="IDS_EPI_DETECTAV_TEXT01">Andra säkerhetsprodukter hittades</string>
	<string name="IDS_EPI_DETECTAV_TEXT02">Att köra två säkerhetslösningar samtidigt kan orsaka instabilitet. Lös problemet genom att avinstallera säkerhetsprogramvaran som står i konflikt i systemet.</string>
	<string name="IDS_EPI_DETECTAV_UNINSTALL">Avinstallera andra antivirusprogram</string>

	<string name="IDS_EPI_PACKAGECACHE_TITLE">Hämta komponenter i förväg</string>
	<string name="IDS_EPI_PACKAGECACHE_TEXT">Hämta komponenterna i det här installationspaketet (Live Installer) i förväg för snabbare distribution när Internetanslutningen är begränsad.</string>
	<string name="IDS_EPI_PACKAGECACHE_HOW01">&lt;b&gt;Klicka på hämtningsknappen&lt;/b&gt; för att %1 ska skapas, hämtas till och sparas på datorn.</string>
	<string name="IDS_EPI_PACKAGECACHE_HOW02">&lt;b&gt;Kopiera %1 och %2 till samma mapp.&lt;/b&gt; Du kan använda ett delat nätverksutrymme eller en USB-enhet.</string>
	<string name="IDS_EPI_PACKAGECACHE_HOW03">&lt;b&gt;Kör %2 på en dator från den delade mappen eller USB-enheten.&lt;/b&gt; %2 använder de i förväg hämtade komponenterna, så att de inte behöver hämtas igen.</string>

	<string name="IDS_EPI_DOWNLOAD_PACKAGE_SINGLE">Hämtar...</string>
	<string name="IDS_EPI_DOWNLOAD_PACKAGE_MULTI">Hämtar %1 ...</string>

	<string name="IDS_EPI_CFG_LGF_CAPTION_CONSUMER">Ju fler vi är desto starkare är vi. Skaffa dig högsta möjliga skyddsnivå.</string>
	<string name="IDS_EPI_CFG_LGF_TEXT_CONSUMER">Med ESET LiveGrid®-feedbacksystemet samlar vi in statistik och information om misstänkta objekt, som vi behandlar automatiskt för att skapa detekteringsmekanismer i vårt molnsystem. Dessa tillämpas sedan omedelbart, så att våra kunder får bästa möjliga skydd.</string>
	<string name="IDS_EPI_CFG_LGF_CAPTION_BUSINESS">Hjälp oss att ge dig ständigt bättre säkerhet.</string>
	<string name="IDS_EPI_CFG_LGF_TEXT_BUSINESS">ESET LiveGrid®-feedbacksystemet använder mer än 100 miljoner sensorer världen över för att samla in information om misstänkta objekt, som vi behandlar automatiskt för att skapa detekteringsmekanismer i vårt molnbaserade ryktessystem. Dessa tillämpas sedan omedelbart, så att våra kunder får bästa möjliga skydd.</string>
	<string name="IDS_EPI_CFG_LGF_ENABLE">Aktivera ESET LiveGrid®-feedbacksystemet (rekommenderas)</string>
	<string name="IDS_EPI_CFG_LGF_DISABLE">Inaktivera ESET LiveGrid®-feedbacksystemet</string>

	<string name="IDS_EPI_CFG_PUA_CAPTION">Detektering av potentiellt oönskade program</string>
	<string name="IDS_EPI_CFG_PUA_TEXT">ESET kan identifiera &lt;a {{IDS_HELP_PUA_LINK}}&gt;potentiellt oönskade program&lt;/a&gt; och be om en bekräftelser före installationen. Potentiellt oönskade program kanske inte utgör någon säkerhetsrisk, men de kan påverka datorns prestanda, hastighet och tillförlitlighet, eller orsaka beteendeförändringar. De kräver vanligtvis användarens samtycke före installationen.</string>
	<string name="IDS_EPI_CFG_PUA_ENABLE">Aktivera detektering av potentiellt oönskade program</string>
	<string name="IDS_EPI_CFG_PUA_DISABLE">Inaktivera detektering av potentiellt oönskade program</string>

	<string name="IDS_EPI_CFG_CEIP_CAPTION">Delta i programmet för en bättre kundupplevelse</string>
	<string name="IDS_EPI_CFG_CEIP_TEXT">Vi vill samla in anonym information om hur den här produkten används. Data som samlas in hjälper oss att ge dig en bättre upplevelse och delas aldrig med någon tredje part.&lt;a type="command" href="gui.ceip.show"&gt; Vilken information samlar vi in?&lt;/a&gt;</string>
	<string name="IDS_EPI_CFG_CEIP_YES">Ja, jag vill delta i programmet (rekommenderas)</string>
	<string name="IDS_EPI_CFG_CEIP_NO">Nej, jag vill inte delta i programmet</string>

	<string name="IDS_EPI_CFG_EULA_CAPTION">Licensavtal för slutanvändare</string>
	<string name="IDS_EPI_CFG_EULA_DESCRIPTION">Genom att klicka på någon av Fortsätt-knapparna nedan godkänner du &lt;a {{IDS_LINK_SHOW_EULA}}&gt;licensavtalet för slutanvändare&lt;/a&gt; och bekräftar &lt;a {{IDS_LINK_SHOW_PRIVACY_POLICY}}&gt;sekretesspolicyn.&lt;/a&gt;</string>
	<string name="IDS_EPI_CFG_EULA_MSGBOX_OK">OK</string>
	<string name="IDS_EPI_CFG_EULA_MSGBOX_NOT_AGREE">Jag håller inte med</string>
	<string name="IDS_EPI_CFG_EULA_MSGBOX_SAVE">Spara</string>

	<string name="IDS_EPI_CFG_BUTTON_ADVANCED">Ändra installationsmapp</string>
	<string name="IDS_EPI_CFG_FOLDERS_INSTALL">Produktmapp:</string>
	<string name="IDS_EPI_CFG_FOLDERS_DATA">Datamapp:</string>
	<string name="IDS_EPI_CFG_FOLDERS_MODULE">Modulmapp:</string>
	<string name="IDS_EPI_CFG_FOLDERS_VALIDATOR_INVALID">En ogiltig mapp valdes.</string>

	<string name="IDS_EPI_CFG_ALREADY_CONFIGURED">Installationsinställningarna har redan konfigurerats.</string>

	<string name="IDS_EPI_NONEMPTY_FOLDER_WARNING_TITLE">Installationsmappen måste vara tom</string>
	<string name="IDS_EPI_NONEMPTY_FOLDER_WARNING_MESSAGE_SINGULAR">För att kunna fortsätta installera måste den befintliga mappen tas bort:</string>
	<string name="IDS_EPI_NONEMPTY_FOLDER_WARNING_MESSAGE_PLURAL">För att kunna fortsätta installera måste de befintliga mapparna tas bort:</string>
	<string name="IDS_EPI_NONEMPTY_FOLDER_QUESTION">&lt;b&gt;Godkänner du att ta bort mapparna och fortsätta med installationen?&lt;/b&gt;</string>

	<string name="IDS_EPI_DISKSPACE_TITLE">Slut på diskutrymme</string>
	<string name="IDS_EPI_DISKSPACE_TEXT01">Slut på diskutrymme. De markerade volymerna har inte tillräckligt med ledigt utrymme för installationen. Kontrollera tillgängligt diskutrymme och försök igen.</string>
	<string name="IDS_EPI_DISKSPACE_HEADER01">Enhet</string>
	<string name="IDS_EPI_DISKSPACE_HEADER02">Kapacitet</string>
	<string name="IDS_EPI_DISKSPACE_HEADER03">Ledigt utrymme</string>
	<string name="IDS_EPI_DISKSPACE_HEADER04">Utrymme som krävs</string>

	<string name="IDS_EPI_INSTALL_PACKAGE_SINGLE">Installerar...</string>
	<string name="IDS_EPI_INSTALL_PACKAGE_MULTI">Installerar %1...</string>

	<string name="IDS_EPI_DONE_TITLE">Installationen är klar</string>
	<string name="IDS_EPI_DONE_TEXT01">${bts.package.[${bts.var.package.default}].name} har installerats på datorn. Datorn kommer kontinuerligt att genomsökas efter virus och skadlig kod. &lt;br/&gt; &lt;br/&gt; Tack för att du väljer ESET! &lt;br/&gt; &lt;br/&gt; &lt;br/&gt; Klicka på &lt;i&gt;Klart&lt;/i&gt; för att slutföra installationen av produkten.</string>
	<string name="IDS_EPI_DONE_TEXT01_EPI">Alla paket har installerats på datorn. &lt;br/&gt; &lt;br/&gt; Klicka på &lt;i&gt;Klart&lt;/i&gt; för att slutföra produktkonfigurationen.</string>
		<string name="IDS_EPI_DONE_PACKAGECACHE_CAPTION">%1 och %2 måste vara i samma mapp när de körs.</string>
	<string name="IDS_EPI_DONE_PACKAGECACHE_DESCRIPTION">%1 har hämtats och sparats till mapp:&lt;br/&gt;</string>

	<string name="IDS_EPI_FAIL_FAILED_TITLE">Installationen misslyckades</string>
	<string name="IDS_EPI_FAIL_FINISH_TITLE">Installationen är klar</string>
	<string name="IDS_EPI_FAIL_KNOWLEDGEBASE">Sök efter en lösning i ESET:s kunskapsbas.</string>
	<string name="IDS_EPI_FAIL_TROUBLESHOOT">Kör felsökare</string>
	<string name="IDS_EPI_FAIL_TS_LINK">Kontakta ESET:s tekniska support</string>
	<string name="IDS_EPI_FAIL_RESTART">Starta om datorn</string>

	<string name="IDS_EPI_FAIL_TITLE_OS">Inaktuell version av Microsoft Windows</string>
	<string name="IDS_EPI_FAIL_TEXT_OS_OUTDATED">ESET Security stöder inte din gamla version av Microsoft Windows. Klicka på Stäng för att avsluta installationen.</string>
	<string name="IDS_EPI_FAIL_TEXT_OS_NOT_SUPPORTED">Den här produkten stöds inte längre på din inaktuella version av Microsoft Windows. &lt;a {{IDS_LINK_PRODUCT_OPTIONS}}&gt;Se dina alternativ&lt;/a&gt;</string>
	<string name="IDS_EPI_FAIL_TEXT_OS_NOT_SUPPORTED_BUSINESS">Den här produkten stöds inte längre på din gamla version av Microsoft Windows.</string>

	<string name="IDS_EPI_FAIL_TITLE_EULA_REJECTED">Licensavtal för slutanvändare</string>
	<string name="IDS_EPI_FAIL_TEXT_EULA_REJECTED">Licensavtalet för slutanvändare godkändes inte.</string>

	<string name="IDS_EPI_FAIL_TITLE_CONNECTION">Anslutningsfel</string>
	<string name="IDS_EPI_FAIL_TEXT_CONNECTION">Din internetanslutning verkar inte fungera. Produkten kan inte installeras. &lt;a {{IDS_LINK_INTERNET_SETTINGS}}&gt;Kontrollera din internetanslutning&lt;/a&gt; och försök installera igen.&lt;br/&gt;&lt;br/&gt;Använder du en proxyserver? Ändra dina proxyserver inställningar och försök igen.</string>
	<string name="IDS_EPI_FAIL_TEXT_CONNECTION_EPI">Din internetanslutning verkar inte fungera. Paketen kan inte installeras. &lt;a {{IDS_LINK_INTERNET_SETTINGS}}&gt;Kontrollera din internetanslutning&lt;/a&gt; och försök att installera igen.&lt;br/&gt;&lt;br/&gt;Använder du en proxyserver? Ändra dina proxyserverinställningar och försök igen.</string>

	<string name="IDS_EPI_FAIL_TITLE_DOWNLOAD_ERROR">Hämtningsfel</string>
	<string name="IDS_EPI_FAIL_TEXT_DOWNLOAD_ERROR">Ett fel inträffade när data hämtades från servern. Kontrollera nätverksanslutningen och försök igen.&lt;br/&gt;&lt;br/&gt;Om problemet kvarstår besöker du &lt;a {{IDS_LINK_OFFLINE_INSTALLER}}&gt;www.eset.com&lt;/a&gt; för att hämta ett installationsprogram som används offline.</string>
	<string name="IDS_EPI_FAIL_TEXT_DOWNLOAD_ERROR_EPI">Ett fel inträffade när data hämtades från servern. Kontrollera nätverksanslutningen och försök igen.</string>

	<string name="IDS_EPI_FAIL_TITLE_INVALID_SERVER_RESPONSE">Ogiltigt svar</string>
	<string name="IDS_EPI_FAIL_TEXT_INVALID_SERVER_RESPONSE">Ett ogiltigt svar togs emot från servern.</string>

	<string name="IDS_EPI_FAIL_TITLE_INVALID_INSTALLER">Ogiltigt installationspaket</string>
	<string name="IDS_EPI_FAIL_TEXT_INVALID_INSTALLER">Installationspaketet är inte giltigt längre och behöver ersättas. Hämta ett nytt installationspaket om du vill installera produkten.</string>
	<string name="IDS_EPI_FAIL_TEXT_INVALID_INSTALLER_EPI">Installationspaketet är inte giltigt längre och behöver ersättas. Hämta ett nytt installationspaket eller kontakta administratören om du vill installera produkten.</string>

	<string name="IDS_EPI_FAIL_TITLE_VERSIONCHECK_NO_PACKAGES">Inget kompatibelt paket hittades</string>
	<string name="IDS_EPI_FAIL_TEXT_VERSIONCHECK_NO_PACKAGES">Det finns inget kompatibelt installationspaket på servern. Besök &lt;a {{IDS_LINK_OFFLINE_INSTALLER}}&gt;www.eset.com&lt;/a&gt; för att hämta ett installationsprogram som används offline.</string>
	<string name="IDS_EPI_FAIL_TEXT_VERSIONCHECK_NO_PACKAGES_EPI">Installationspaketet är inte giltigt längre och behöver ersättas. Hämta ett nytt installationspaket eller kontakta administratören om du vill installera produkten.</string>

	<string name="IDS_EPI_FAIL_TITLE_INCOMPATIBLE_OS">Inkompatibelt operativsystem</string>
	<string name="IDS_EPI_FAIL_TEXT_INCOMPATIBLE_OS">The ${bts.package.[${bts.var.package.current}].name} är inte avsett för serveroperativsystem. Hämta och installera en produkt från &lt;a {{IDS_LINK_OFFLINE_INSTALLER}}&gt;www.eset.com&lt;/a&gt;.</string>
	<string name="IDS_EPI_FAIL_TEXT_INCOMPATIBLE_OS_EPI">${bts.package.[${bts.var.package.current}].name} är inte avsett för ditt operativsystem.</string>

	<string name="IDS_EPI_FAIL_TITLE_INCOMPATIBLE_PACKAGE_X32">Inkompatibelt paket</string>
	<string name="IDS_EPI_FAIL_TEXT_INCOMPATIBLE_PACKAGE_X32">Det här installationspaketet är avsett för 32-bitars operativsystem. Använd ett installationspaket för 64-bitars operativsystem.</string>

	<string name="IDS_EPI_FAIL_TITLE_INCOMPATIBLE_PACKAGE_X64">Inkompatibelt paket</string>
	<string name="IDS_EPI_FAIL_TEXT_INCOMPATIBLE_PACKAGE_X64">Det här installationspaketet är avsett för 64-bitars operativsystem. Använd ett installationspaket för 32-bitars operativsystem.</string>

	<string name="IDS_EPI_FAIL_TITLE_INCOMPATIBLE_PRODUCT_INSTALLED">Inkompatibel produkt installerad</string>
	<string name="IDS_EPI_FAIL_TEXT_INCOMPATIBLE_PRODUCT_INSTALLED">En inkompatibel {PRODUCT}-produkt är redan installerad. Avinstallera den manuellt och starta om installationen.</string>

	<string name="IDS_EPI_FAIL_TITLE_NEWER_VERSION_NOT_AVAILABLE">Senaste versionen redan installerad</string>
	<string name="IDS_EPI_FAIL_TEXT_NEWER_VERSION_NOT_AVAILABLE">Den senaste versionen av ${bts.package.[${bts.var.package.default}].name} är redan installerad på datorn.</string>

	<string name="IDS_EPI_FAIL_TITLE_REFERRAL">Produkten kan inte installeras</string>
	<string name="IDS_EPI_FAIL_TEXT_REFERRAL">Produkten kan inte installeras eftersom en annan ESET-produkt redan är installerad på den här enheten.</string>
	<string name="IDS_EPI_FAIL_TEXT_REFERRAL_UPGRADE">Din befintliga version av ESET är föråldrad och garanterar dig inte längre det bästa skyddet.&lt;br/&gt;&lt;b&gt;Förbättra ditt säkerhetsskydd genom att uppgradera till den senaste versionen GRATIS.&lt;/b&gt;</string>

	<string name="IDS_EPI_FAIL_TITLE_PACKAGE_NOT_FOUND">Paketet hittades inte</string>
	<string name="IDS_EPI_FAIL_TEXT_PACKAGE_NOT_FOUND">{PRODUCT}-installationspaketet hittades inte.</string>

	<string name="IDS_EPI_FAIL_TITLE_PACKAGE_CORRUPTED">Paketet är skadat</string>
	<string name="IDS_EPI_FAIL_TEXT_PACKAGE_CORRUPTED">{PRODUCT}-installationspaketet är skadat.</string>

	<string name="IDS_EPI_FAIL_TITLE_INSTALL_OUT_OF_SPACE">Slut på diskutrymme</string>
	<string name="IDS_EPI_FAIL_TEXT_INSTALL_OUT_OF_SPACE">Det finns inte tillräckligt med diskutrymme för att slutföra installationen av ${bts.package.[${bts.var.package.default}].name}.&lt;br/&gt;&lt;br/&gt;Se till att det finns minst %u MB ledigt och försök igen.</string>
	<string name="IDS_EPI_FAIL_TEXT_INSTALL_OUT_OF_SPACE_EPI">Det finns inte tillräckligt med diskutrymme för att slutföra installationen av alla paket.&lt;br/&gt;&lt;br/&gt;Se till att det finns minst %u MB ledigt och försök igen.</string>

	<string name="IDS_EPI_FAIL_TITLE_SETUP">Installationen slutfördes inte korrekt</string>
	<string name="IDS_EPI_FAIL_TEXT_SETUP">Installationen av ${bts.package.[${bts.var.package.current}].name} har inte slutförts korrekt. Det är inte säkert att systemet skyddas mot datorhot. Kör installationen igen om du vill installera ${bts.package.[${bts.var.package.current}].name} på datorn.</string>
	<string name="IDS_EPI_FAIL_TEXT_SETUP_TROUBLESHOOT">Det uppstod ett problem med att installera ESET-produkten på enheten. Vi rekommenderar att du kör en felsökare. Felsökningen löser problemet om det är möjligt.</string>
	<string name="IDS_EPI_FAIL_TEXT_SETUP_EPI">Installationen av ${bts.package.[${bts.var.package.current}].name} har inte slutförts korrekt. Det är inte säkert att systemet skyddas mot datorhot. Kör installationen igen om du vill installera alla paket på datorn.</string>
	<string name="IDS_EPI_FAIL_TEXT_SETUP_ERROR_CODE">Felkod: %s</string>

	<string name="IDS_EPI_FAIL_TITLE_ABORT">Installationen har avbrutits av användaren</string>
	<string name="IDS_EPI_FAIL_TEXT_ABORT">Installationen av ${bts.package.[${bts.var.package.default}].name} har avbrutits av användaren. Kör installationen igen om du vill installera ${bts.package.[${bts.var.package.default}].name} på datorn.</string>
	<string name="IDS_EPI_FAIL_TEXT_ABORT_EPI">Installationen har avbrutits av användaren. Om du vill installera alla paket på datorn kör du installationen igen.</string>

	<string name="IDS_EPI_FAIL_TITLE_INTERNAL_ERROR">Internt fel</string>
	<string name="IDS_EPI_FAIL_TEXT_INTERNAL_ERROR">Ett internt fel inträffade. Försök igen för att starta om installationen.</string>

	<string name="IDS_EPI_TROUBLESHOOT_FINISH_TITLE">Felsökaren är klar</string>
	<string name="IDS_EPI_TROUBLESHOOT_SUCCESS_TITLE">Felsökningen lyckades</string>
	<string name="IDS_EPI_TROUBLESHOOT_FAILED_TITLE">Felsökningen lyckades inte</string>
	<string name="IDS_EPI_TROUBLESHOOT_TEXT">&lt;b&gt;Vi rekommenderar att du stänger det här fönstret och startar om datorn. Efter omstarten kör du det här installationsprogrammet igen.&lt;/b&gt;</string>
	<string name="IDS_EPI_TROUBLESHOOT_REBOOT_TEXT">&lt;b&gt;En omstart krävs för att slutföra felsökningen. Stäng det här fönstret och starta om datorn. Efter omstarten kör du det här installationsprogrammet igen.&lt;/b&gt;</string>
	<string name="IDS_EPI_TROUBLESHOOT_CONTACT_TEXT">Om felet kvarstår kontaktar du systemadministratören eller &lt;a {{IDS_LINK_SUPPORT}}&gt;ESET:s tekniska support.&lt;/a&gt;</string>

	<string name="IDS_EPI_CFG_SIMPLE_CAPTION">Skydds- och installationsinställningar</string>
	<string name="IDS_EPI_CFG_RECOMMENDED_CAPTION">Rekommenderat</string>
	<string name="IDS_EPI_CFG_SIMPLE_PUA_CAPTION">Aktivera detektering av potentiellt oönskade program</string>
	<string name="IDS_EPI_CFG_SIMPLE_CEIP_CAPTION">Delta i programmet för en bättre kundupplevelse &lt;br/&gt; &lt;a type="command" href="gui.ceip.show"&gt; Vilken information samlar vi in?&lt;/a&gt;</string>
	<string name="IDS_EPI_CFG_SIMPLE_LGF_CAPTION">Aktivera ESET LiveGrid®-feedbacksystemet</string>
	<string name="IDS_EPI_CFG_SIMPLE_CEIP_TEXT">Vi vill samla in anonym information om hur den här produkten används. Data som samlas in hjälper oss att ge dig en bättre upplevelse och delas aldrig med någon tredje part.</string>
	<string name="IDS_EPI_CFG_SIMPLE_CONTINUE">Fortsätt</string>
	<string name="IDS_EPI_CFG_SIMPLE_ALL_CONTINUE">Tillåt alla och fortsätt</string>

	<string name="IDS_EPI_BANNER_CAPTION1">Installationen förbereds</string>
	<string name="IDS_EPI_BANNER_DESCRIPTION1">Vänta medan vi laddar ned installationspaketet.</string>

	<string name="IDS_EPI_BANNER_CAPTION2">Installation pågår</string>
	<string name="IDS_EPI_BANNER_DESCRIPTION2">Nästan klart! Vänta medan installationen slutförs.</string>

	<string name="IDS_EPI_BANNER_CAPTION3">Oöverträffad Prestanda</string>
	<string name="IDS_EPI_BANNER_DESCRIPTION3">ESET:s mångfacetterade teknologi använder information från över 100 miljoner källor för att se till att du får maximalt skydd i kombiantion med låga systemkrav.</string>

	<string name="IDS_EPI_BANNER_CAPTION4">Tack för att du väljer ESET!</string>
	<string name="IDS_EPI_BANNER_DESCRIPTION4">ESET:s NOD32® -teknologi har världsrekordet i antalet VB100-utmärkelser i rad.</string>

	<string name="IDS_EPI_BANNER_CAPTION5">Enkel, centralstyrd kontroll av din IT-säkhert</string>
	<string name="IDS_EPI_BANNER_DESCRIPTION5">Oavsett om ni använder molnet eller en lokalt installerad administrationskonsol för er säkerhet så kommer ni snabbt få en överblicksbild och förbättrad kontroll på alla era ESET-produkter, vart som helst, när som helst.</string>


</resources>
