﻿<?xml version="1.0" encoding="utf-8" ?>
<resources langname="Italiano" lcid="0410">

	<string name="IDS_EPI_INSTALL_STEP">Benvenuti|Accordo di licenza|AV Remover|Installazione|Fine</string>

	<string name="IDS_EPI_ACTION_INIT">Inizializzazione in corso...</string>
	<string name="IDS_EPI_ACTION_EULA">Download dell'/degli EULA in corso...</string>
	<string name="IDS_EPI_ACTION_DUMP">Preparazione pacchetto di installazione in corso...</string>
	<string name="IDS_EPI_ACTION_CALC">Calcolo spazio disponibile in corso...</string>
	<string name="IDS_EPI_ACTION_DETECTAV">Ricerca di possibili applicazioni conflittuali in corso...</string>
	<string name="IDS_EPI_ACTION_PACKAGECACHE">Finalizzazione pacchetto offline in corso...</string>
	<string name="IDS_EPI_ACTION_CLEANUP_FOLDERS">Eliminazione cartelle in corso...</string>
	<string name="IDS_EPI_ACTION_TROUBLESHOOTING">Procedura di individuazione e risoluzione dei problemi; questa operazione potrebbe richiedere alcuni istanti...</string>

	<string name="IDS_EPI_HOME_TITLE_EAV">Installa ${bts.package.[0].name}</string>
	<string name="IDS_EPI_HOME_TEXT_EAV">Utilizza il tuo computer per lavorare, giocare e navigare in rete in tutta sicurezza con ESET.</string>
	<string name="IDS_EPI_HOME_TITLE_ESS">Installa ${bts.package.[0].name}</string>
	<string name="IDS_EPI_HOME_TEXT_ESS">Utilizza il tuo computer per lavorare, giocare e navigare in rete in tutta sicurezza con ESET.</string>
	<string name="IDS_EPI_HOME_TITLE_EIS">Installa ${bts.package.[0].name}</string>
	<string name="IDS_EPI_HOME_TEXT_EIS">Utilizza il tuo computer per lavorare, giocare e navigare in rete in tutta sicurezza con ESET.</string>
	<string name="IDS_EPI_HOME_TITLE_ESSP">Installa ${bts.package.[0].name}</string>
	<string name="IDS_EPI_HOME_TEXT_ESSP">Utilizza il tuo computer per lavorare, giocare e navigare in rete in tutta sicurezza con ESET.</string>
	<string name="IDS_EPI_HOME_TITLE_EHS">Installa ${bts.package.[0].name}</string>
	<string name="IDS_EPI_HOME_TEXT_EHS">Utilizza il tuo computer per lavorare, giocare e navigare in rete in tutta sicurezza con ESET.</string>
	<string name="IDS_EPI_HOME_TITLE_EEA">Installa ${bts.package.[0].name}</string>
	<string name="IDS_EPI_HOME_SUBTITLE_EEA">Protezione di base avanzata per il tuo business</string>
	<string name="IDS_EPI_HOME_TEXT_EEA">${bts.package.[0].name}, basato sulla pluripremiata tecnologia di rilevamento ESET NOD32®, offre al tuo business una protezione di base leggera e avanzata, grazie a un sistema di reputazione basato su cloud. ESET PROTECT Webconsole ti consente di monitorare le tue attività in modo estremamente semplice, grazie a un'interfaccia completamente rinnovata e accessibile.</string>
	<string name="IDS_EPI_HOME_TITLE_EES">Installa ${bts.package.[0].name}</string>
	<string name="IDS_EPI_HOME_SUBTITLE_EES">La tua suite di protezione completa e avanzata</string>
	<string name="IDS_EPI_HOME_TEXT_EES">${bts.package.[0].name} è una suite di programmi avanzata, che offre una protezione completa e multilivello contro tutti i tipi di malware. Approfitta dei vantaggi offerti dalla nuovissima ESET PROTECT Webconsole, che richiede un numero limitato di risorse di sistema garantendo soluzioni di supporto alla virtualizzazione e di monitoraggio.</string>

	<string name="IDS_EPI_HOME_TITLE_MULTI">Installa componenti</string>
	<string name="IDS_EPI_INFO_TITLE_ERAA">Questo computer sarà gestito da ESET PROTECT</string>
	<string name="IDS_EPI_BUNDLE_TITLE">In questo programma di installazione sono inclusi i seguenti componenti</string>

	<string name="IDS_EPI_HOME_AVREMOVER_CHECK">Desidero disinstallare i prodotti di protezione incompatibili</string>
	<string name="IDS_EPI_HOME_NEW_VERSION_TEXT">Una versione più recente del prodotto è disponibile on-line e può essere scaricata e installata automaticamente al posto di quella già presente.</string>
	<string name="IDS_EPI_HOME_NEW_VERSION_CHECKBOX">Installa una versione più recente</string>

<string name="IDS_EPI_HOME_NEED_HELP">Hai bisogno di aiuto per l'installazione?</string>
	<string name="IDS_EPI_HOME_OPEN_INSTRUCTIONS">Apri le istruzioni di installazione</string>
	<string name="IDS_EPI_HOME_OPEN_GUIDE">Apri manuale dell'utente</string>

	<string name="IDS_EPI_LOCK_PASSWORD_TITLE">Le impostazioni di ESET Security sono protette con password</string>
	<string name="IDS_EPI_LOCK_PASSWORD_SUBTITLE">Inserire una password valida per continuare.</string>
	<string name="IDS_EPI_LOCK_PASSWORD_TEXT">Password</string>
	<string name="IDS_EPI_LOCK_PASSWORD_ERROR">La password non è corretta. È possibile ripristinare la password&lt;br/&gt;nella Configurazione avanzata del prodotto.</string>

	<string name="IDS_EPI_EULA_SINGLE_TITLE">Accordo di licenza per l’utente finale</string>
	<string name="IDS_EPI_EULA_SAVEAS_FILTER">Testo (*.txt)|*.txt|HTML (*.html,*.htm)|*.html;*.htm||</string>
	<string name="IDS_EPI_EULA_BUTTON_ACCEPT">Accetto</string>
	<string name="IDS_EPI_EULA_BUTTON_DECLINE">Non accetto</string>
	<string name="IDS_EPI_EULA_DECLINE">La mancata accettazione dell'accordo di licenza per l'utente finale determina la chiusura del programma di installazione. Eseguire questa operazione?</string>

	<string name="IDS_EPI_DETECTAV_TITLE">Controllo</string>
	<string name="IDS_EPI_DETECTAV_TEXT01">Sono stati trovati altri prodotti di protezione</string>
	<string name="IDS_EPI_DETECTAV_TEXT02">L’esecuzione contemporanea di due soluzioni di protezione potrebbe causare instabilità. Risolvere il problema disinstallando il software di protezione in conflitto presente nel sistema.</string>
	<string name="IDS_EPI_DETECTAV_UNINSTALL">Come disinstallare altri software antivirus</string>

	<string name="IDS_EPI_PACKAGECACHE_TITLE">Pre-download dei componenti</string>
	<string name="IDS_EPI_PACKAGECACHE_TEXT">Eseguire il pre-download dei componenti inclusi in questa istanza del programma di installazione del pacchetto (Live Installer) per velocizzare il processo di distribuzione in presenza di una connessione a Internet limitata.</string>
	<string name="IDS_EPI_PACKAGECACHE_HOW01">&lt;b&gt;Fare clic sul pulsante Scarica&lt;/b&gt; per creare, scaricare e salvare %1 sul computer.</string>
	<string name="IDS_EPI_PACKAGECACHE_HOW02">&lt;b&gt;Copiare %1 e %2 nella stessa cartella.&lt;/b&gt; È possibile utilizzare uno spazio di rete condiviso o un'unità USB.</string>
	<string name="IDS_EPI_PACKAGECACHE_HOW03">&lt;b&gt;Eseguire %2 su un computer dalla cartella condivisa o dall'unità USB.&lt;/b&gt; %2 utilizzerà i componenti precedentemente scaricati senza eseguire nuovamente il download.</string>

	<string name="IDS_EPI_DOWNLOAD_PACKAGE_SINGLE">Download in corso...</string>
	<string name="IDS_EPI_DOWNLOAD_PACKAGE_MULTI">Download in corso %1...</string>

	<string name="IDS_EPI_CFG_LGF_CAPTION_CONSUMER">I numeri parlano chiaro: ottieni il livello massimo di protezione.</string>
	<string name="IDS_EPI_CFG_LGF_TEXT_CONSUMER">Il sistema di feedback ESET LiveGrid® ci consente di raccogliere dati statistici e informazioni su oggetti sospetti, che provvediamo a elaborare automaticamente per creare meccanismi di rilevamento nel nostro sistema cloud. Una volta applicate, queste risorse garantiscono a tutti i nostri clienti un livello di protezione ottimale.</string>
	<string name="IDS_EPI_CFG_LGF_CAPTION_BUSINESS">Aiutaci a offrirti un livello di protezione senza precedenti.</string>
	<string name="IDS_EPI_CFG_LGF_TEXT_BUSINESS">Il sistema di feedback ESET LiveGrid® utilizza più di 100 milioni di sensori in tutto il mondo che ci consentono di raccogliere informazioni su oggetti sospetti, che provvediamo a elaborare automaticamente per creare meccanismi di rilevamento nel nostro sistema di reputazione basato sul cloud. Una volta applicate, queste risorse garantiscono a tutti i nostri clienti un livello di protezione ottimale.</string>
	<string name="IDS_EPI_CFG_LGF_ENABLE">Attiva il sistema di feedback ESET LiveGrid® (scelta consigliata)</string>
	<string name="IDS_EPI_CFG_LGF_DISABLE">Disattiva il sistema di feedback ESET LiveGrid®</string>

	<string name="IDS_EPI_CFG_PUA_CAPTION">Rilevamento di applicazioni potenzialmente indesiderate</string>
	<string name="IDS_EPI_CFG_PUA_TEXT">ESET rileva &lt;a {{IDS_HELP_PUA_LINK}}&gt;applicazioni potenzialmente indesiderate&lt;/a&gt; e richiede una conferma prima dell'installazione. Le applicazioni potenzialmente indesiderate potrebbero non porre rischi per la sicurezza ma incidere sulle prestazioni, la velocità e l'affidabilità del computer oppure modificarne il comportamento. Prima dell'installazione, è richiesto generalmente il consenso dell'utente.</string>
	<string name="IDS_EPI_CFG_PUA_ENABLE">Attiva rilevamento di applicazioni potenzialmente indesiderate</string>
	<string name="IDS_EPI_CFG_PUA_DISABLE">Disattiva rilevamento di applicazioni potenzialmente indesiderate</string>

	<string name="IDS_EPI_CFG_CEIP_CAPTION">Partecipa al Programma di miglioramento dell’esperienza degli utenti</string>
	<string name="IDS_EPI_CFG_CEIP_TEXT">Desideriamo raccogliere informazioni anonime sulle modalità di utilizzo di questo prodotto. I dati raccolti, che ci aiuteranno a migliorare l’esperienza degli utenti, non verranno mai condivisi con terze parti.&lt;a type="command" href="gui.ceip.show"&gt; Che tipo di informazioni raccogliamo?&lt;/a&gt;</string>
	<string name="IDS_EPI_CFG_CEIP_YES">Sì, desidero partecipare al programma (scelta consigliata)</string>
	<string name="IDS_EPI_CFG_CEIP_NO">No, non desidero partecipare al programma</string>

	<string name="IDS_EPI_CFG_EULA_CAPTION">Accordo di licenza per l'utente finale</string>
	<string name="IDS_EPI_CFG_EULA_DESCRIPTION">Facendo clic su uno dei pulsanti “Continua” sottostanti, l’utente accetta l’&lt;a {{IDS_LINK_SHOW_EULA}}&gt;Accordo di licenza per l’utente finale&lt;/a&gt; e conferma di aver preso visione dell’&lt;a {{IDS_LINK_SHOW_PRIVACY_POLICY}}&gt;Informativa sulla privacy.&lt;/a&gt;</string>
	<string name="IDS_EPI_CFG_EULA_MSGBOX_OK">OK</string>
	<string name="IDS_EPI_CFG_EULA_MSGBOX_NOT_AGREE">Non accetto</string>
	<string name="IDS_EPI_CFG_EULA_MSGBOX_SAVE">Salva</string>

	<string name="IDS_EPI_CFG_BUTTON_ADVANCED">Modifica cartella installazione</string>
	<string name="IDS_EPI_CFG_FOLDERS_INSTALL">Cartella prodotto:</string>
	<string name="IDS_EPI_CFG_FOLDERS_DATA">Cartella dati:</string>
	<string name="IDS_EPI_CFG_FOLDERS_MODULE">Cartella modulo:</string>
	<string name="IDS_EPI_CFG_FOLDERS_VALIDATOR_INVALID">La cartella selezionata non è valida.</string>

	<string name="IDS_EPI_CFG_ALREADY_CONFIGURED">Le impostazioni di installazione sono già state configurate.</string>

	<string name="IDS_EPI_NONEMPTY_FOLDER_WARNING_TITLE">La cartella di installazione deve essere vuota</string>
	<string name="IDS_EPI_NONEMPTY_FOLDER_WARNING_MESSAGE_SINGULAR">Per procedere con l’installazione, è necessario eliminare la cartella esistente:</string>
	<string name="IDS_EPI_NONEMPTY_FOLDER_WARNING_MESSAGE_PLURAL">Per procedere con l’installazione, è necessario eliminare le cartelle esistenti:</string>
	<string name="IDS_EPI_NONEMPTY_FOLDER_QUESTION">&lt;b&gt;Eliminare le cartelle e procedere con l’installazione?&lt;/b&gt;</string>

	<string name="IDS_EPI_DISKSPACE_TITLE">Spazio su disco insufficiente</string>
	<string name="IDS_EPI_DISKSPACE_TEXT01">Lo spazio su disco non è più disponibile. I volumi evidenziati non hanno spazio sufficiente per l'installazione. Controllare lo spazio disponibile sul disco e riprovare.</string>
	<string name="IDS_EPI_DISKSPACE_HEADER01">Unità</string>
	<string name="IDS_EPI_DISKSPACE_HEADER02">Capacità</string>
	<string name="IDS_EPI_DISKSPACE_HEADER03">Spazio libero</string>
	<string name="IDS_EPI_DISKSPACE_HEADER04">Spazio richiesto</string>

	<string name="IDS_EPI_INSTALL_PACKAGE_SINGLE">Installazione in corso...</string>
	<string name="IDS_EPI_INSTALL_PACKAGE_MULTI">Installazione in corso %1...</string>

	<string name="IDS_EPI_DONE_TITLE">Installazione completata correttamente</string>
	<string name="IDS_EPI_DONE_TEXT01">${bts.package.[${bts.var.package.default}].name} è stato installato correttamente sul computer in uso, che ricercherà continuamente virus e malware. &lt;br/&gt; &lt;br/&gt; Grazie per aver scelto ESET! &lt;br/&gt; &lt;br/&gt; &lt;br/&gt; Fare clic su &lt;i&gt;Fine&lt;/i&gt; per completare l’installazione del prodotto.</string>
	<string name="IDS_EPI_DONE_TEXT01_EPI">Tutti i pacchetti sono stati installati correttamente sul computer in uso. &lt;br/&gt; &lt;br/&gt; Fare clic su &lt;i&gt;Fine&lt;/i&gt; per completare la configurazione del prodotto.</string>
		<string name="IDS_EPI_DONE_PACKAGECACHE_CAPTION">Durante l'esecuzione, %1 e %2 devono trovarsi nella stessa cartella.</string>
	<string name="IDS_EPI_DONE_PACKAGECACHE_DESCRIPTION">%1 è stato scaricato e salvato nella cartella:&lt;br/&gt;</string>

	<string name="IDS_EPI_FAIL_FAILED_TITLE">Installazione non riuscita</string>
	<string name="IDS_EPI_FAIL_FINISH_TITLE">Installazione completata</string>
	<string name="IDS_EPI_FAIL_KNOWLEDGEBASE">Ricercare la soluzione nella Knowledge Base di ESET.</string>
	<string name="IDS_EPI_FAIL_TROUBLESHOOT">Esegui la procedura di individuazione e risoluzione dei problemi</string>
	<string name="IDS_EPI_FAIL_TS_LINK">Contatta il supporto tecnico di ESET</string>
	<string name="IDS_EPI_FAIL_RESTART">Riavvia il computer</string>

	<string name="IDS_EPI_FAIL_TITLE_OS">Versione obsoleta di Microsoft Windows</string>
	<string name="IDS_EPI_FAIL_TEXT_OS_OUTDATED">ESET Security non supporta la versione obsoleta di Microsoft Windows. Fare clic su Chiudi per uscire dall'installazione.</string>
	<string name="IDS_EPI_FAIL_TEXT_OS_NOT_SUPPORTED">Questo prodotto non è più supportato sulla versione di Microsoft Windows obsoleta in uso. &lt;a {{IDS_LINK_PRODUCT_OPTIONS}}&gt;Consultare le opzioni disponibili&lt;/a&gt;</string>
	<string name="IDS_EPI_FAIL_TEXT_OS_NOT_SUPPORTED_BUSINESS">Questo prodotto non è più supportato sulla versione di Microsoft Windows obsoleta in uso.</string>

	<string name="IDS_EPI_FAIL_TITLE_EULA_REJECTED">Accordo di licenza per l’utente finale</string>
	<string name="IDS_EPI_FAIL_TEXT_EULA_REJECTED">L'accordo di licenza per l'utente finale non è stato accettato.</string>

	<string name="IDS_EPI_FAIL_TITLE_CONNECTION">Errore di connessione</string>
	<string name="IDS_EPI_FAIL_TEXT_CONNECTION">La connessione Internet sembra non funzionare. Il prodotto non può essere installato. &lt;a {{IDS_LINK_INTERNET_SETTINGS}}&gt;Controllare la connessione Internet&lt;/a&gt; e provare a eseguire nuovamente l'installazione.&lt;br/&gt;&lt;br/&gt;Si sta utilizzando un server proxy? Modificare le impostazioni del server proxy e riprovare.</string>
	<string name="IDS_EPI_FAIL_TEXT_CONNECTION_EPI">La connessione a Internet sembra non funzionare. I pacchetti non possono essere installati. &lt;a {{IDS_LINK_INTERNET_SETTINGS}}&gt;Controllare la connessione a Internet&lt;/a&gt; e provare a eseguire nuovamente l'installazione.&lt;br/&gt;&lt;br/&gt;Si sta utilizzando un server proxy? Modificare le impostazioni del server proxy e riprovare.</string>

	<string name="IDS_EPI_FAIL_TITLE_DOWNLOAD_ERROR">Errore download</string>
	<string name="IDS_EPI_FAIL_TEXT_DOWNLOAD_ERROR">Si è verificato un errore durante il download dei dati dal server. Verificare la connessione di rete e riprovare.&lt;br/&gt;&lt;br/&gt;Se il problema persiste, visitare &lt;a {{IDS_LINK_OFFLINE_INSTALLER}}&gt;www.eset.com&lt;/a&gt; per scaricare il programma di installazione off-line.</string>
	<string name="IDS_EPI_FAIL_TEXT_DOWNLOAD_ERROR_EPI">Si è verificato un errore durante il download dei dati dal server. Verificare la connessione di rete e riprovare.</string>

	<string name="IDS_EPI_FAIL_TITLE_INVALID_SERVER_RESPONSE">Risposta non valida</string>
	<string name="IDS_EPI_FAIL_TEXT_INVALID_SERVER_RESPONSE">È stata ricevuta una risposta non valida dal server.</string>

	<string name="IDS_EPI_FAIL_TITLE_INVALID_INSTALLER">Programma di installazione non valido</string>
	<string name="IDS_EPI_FAIL_TEXT_INVALID_INSTALLER">Questo programma di installazione non è più valido e deve essere sostituito. Scaricare un nuovo programma di installazione per questo prodotto.</string>
	<string name="IDS_EPI_FAIL_TEXT_INVALID_INSTALLER_EPI">Questo programma di installazione non è più valido e deve essere sostituito. Generare un nuovo programma di installazione oppure contattare l'amministratore per installare questo prodotto.</string>

	<string name="IDS_EPI_FAIL_TITLE_VERSIONCHECK_NO_PACKAGES">Pacchetto compatibile non trovato</string>
	<string name="IDS_EPI_FAIL_TEXT_VERSIONCHECK_NO_PACKAGES">Non è disponibile alcun pacchetto di installazione compatibile sul server. Visitare &lt;a {{IDS_LINK_OFFLINE_INSTALLER}}&gt;www.eset.com&lt;/a&gt; per scaricare il programma di installazione off-line.</string>
	<string name="IDS_EPI_FAIL_TEXT_VERSIONCHECK_NO_PACKAGES_EPI">Questo programma di installazione non è più valido e deve essere sostituito. Generare un nuovo programma di installazione oppure contattare l'amministratore per installare questo prodotto.</string>

	<string name="IDS_EPI_FAIL_TITLE_INCOMPATIBLE_OS">Sistema operativo non compatibile</string>
	<string name="IDS_EPI_FAIL_TEXT_INCOMPATIBLE_OS">${bts.package.[${bts.var.package.current}].name} non è adatto ai sistemi operativi in uso. Scaricare e installare un prodotto da &lt;a {{IDS_LINK_OFFLINE_INSTALLER}}&gt;www.eset.com&lt;/a&gt;.</string>
	<string name="IDS_EPI_FAIL_TEXT_INCOMPATIBLE_OS_EPI">${bts.package.[${bts.var.package.current}].name} non è adatto ai sistemi operativi in uso.</string>

	<string name="IDS_EPI_FAIL_TITLE_INCOMPATIBLE_PACKAGE_X32">Pacchetto non compatibile</string>
	<string name="IDS_EPI_FAIL_TEXT_INCOMPATIBLE_PACKAGE_X32">Questo pacchetto di installazione è stato pensato per i sistemi operativi a 32 bit. Utilizzare un pacchetto di installazione per i sistemi operativi a 64 bit.</string>

	<string name="IDS_EPI_FAIL_TITLE_INCOMPATIBLE_PACKAGE_X64">Pacchetto non compatibile</string>
	<string name="IDS_EPI_FAIL_TEXT_INCOMPATIBLE_PACKAGE_X64">Questo pacchetto di installazione è stato pensato per i sistemi operativi a 64 bit. Utilizzare un pacchetto di installazione per i sistemi operativi a 32 bit.</string>

	<string name="IDS_EPI_FAIL_TITLE_INCOMPATIBLE_PRODUCT_INSTALLED">È stato installato un prodotto non compatibile</string>
	<string name="IDS_EPI_FAIL_TEXT_INCOMPATIBLE_PRODUCT_INSTALLED">È già stato installato un prodotto {PRODUCT} non compatibile. Disinstallarlo manualmente e avviare nuovamente l'installazione.</string>

	<string name="IDS_EPI_FAIL_TITLE_NEWER_VERSION_NOT_AVAILABLE">Versione più recente già installata</string>
	<string name="IDS_EPI_FAIL_TEXT_NEWER_VERSION_NOT_AVAILABLE">Una versione più recente di ${bts.package.[${bts.var.package.default}].name} è già installata sul computer in uso.</string>

	<string name="IDS_EPI_FAIL_TITLE_REFERRAL">Il prodotto non può essere installato</string>
	<string name="IDS_EPI_FAIL_TEXT_REFERRAL">Il prodotto non può essere installato in quanto su questo dispositivo è già installato un altro prodotto ESET.</string>
	<string name="IDS_EPI_FAIL_TEXT_REFERRAL_UPGRADE">La versione del prodotto ESET installata non è aggiornata e pertanto non è più garantito un livello di protezione ottimale.&lt;br/&gt;&lt;b&gt;Potenzia il livello di protezione installando GRATUITAMENTE la versione più recente del prodotto.&lt;/b&gt;</string>

	<string name="IDS_EPI_FAIL_TITLE_PACKAGE_NOT_FOUND">Pacchetto non trovato</string>
	<string name="IDS_EPI_FAIL_TEXT_PACKAGE_NOT_FOUND">Il pacchetto di installazione {PRODUCT} non è stato trovato.</string>

	<string name="IDS_EPI_FAIL_TITLE_PACKAGE_CORRUPTED">Il pacchetto è danneggiato</string>
	<string name="IDS_EPI_FAIL_TEXT_PACKAGE_CORRUPTED">Il pacchetto di installazione {PRODUCT} è danneggiato.</string>

	<string name="IDS_EPI_FAIL_TITLE_INSTALL_OUT_OF_SPACE">Spazio su disco insufficiente</string>
	<string name="IDS_EPI_FAIL_TEXT_INSTALL_OUT_OF_SPACE">Non è disponibile una quantità di spazio sufficiente per poter completare l'installazione di ${bts.package.[${bts.var.package.default}].name}.&lt;br/&gt;&lt;br/&gt;Verificare che siano disponibili almeno %u MB di spazio libero e riprovare.</string>
	<string name="IDS_EPI_FAIL_TEXT_INSTALL_OUT_OF_SPACE_EPI">Non è disponibile una quantità di spazio sufficiente per poter completare l'installazione di tutti i pacchetti.&lt;br/&gt;&lt;br/&gt;Verificare che siano disponibili almeno %u MB di spazio libero e riprovare.</string>

	<string name="IDS_EPI_FAIL_TITLE_SETUP">L'installazione non è stata completata correttamente</string>
	<string name="IDS_EPI_FAIL_TEXT_SETUP">L'installazione di ${bts.package.[${bts.var.package.current}].name} non è stata completata correttamente. Il sistema potrebbe non essere protetto contro le minacce. Per installare ${bts.package.[${bts.var.package.current}].name} sul computer in uso, eseguire nuovamente l'installazione.</string>
	<string name="IDS_EPI_FAIL_TEXT_SETUP_TROUBLESHOOT">Si è verificato un problema durante l'installazione del prodotto ESET sul dispositivo. Si consiglia di eseguire uno strumento di individuazione e risoluzione dei problemi. Se possibile, la procedura di individuazione e risoluzione dei problemi risolverà il problema.</string>
	<string name="IDS_EPI_FAIL_TEXT_SETUP_EPI">L'installazione di ${bts.package.[${bts.var.package.current}].name} non è stata completata correttamente. Il sistema potrebbe non essere protetto contro le minacce. Per installare tutti i pacchetti sul computer in uso, eseguire nuovamente l'installazione.</string>
	<string name="IDS_EPI_FAIL_TEXT_SETUP_ERROR_CODE">Codice errore: %s</string>

	<string name="IDS_EPI_FAIL_TITLE_ABORT">Installazione interrotta dall'utente</string>
	<string name="IDS_EPI_FAIL_TEXT_ABORT">L'installazione di ${bts.package.[${bts.var.package.default}].name} è stata interrotta dall'utente. Per installare ${bts.package.[${bts.var.package.default}].name} sul computer in uso, eseguire nuovamente l'installazione.</string>
	<string name="IDS_EPI_FAIL_TEXT_ABORT_EPI">L'installazione è stata interrotta dall'utente. Per installare tutti i pacchetti sul computer in uso, eseguire nuovamente l'installazione.</string>

	<string name="IDS_EPI_FAIL_TITLE_INTERNAL_ERROR">Errore interno</string>
	<string name="IDS_EPI_FAIL_TEXT_INTERNAL_ERROR">Si è verificato un errore interno. Riprovare per avviare nuovamente l'installazione.</string>

	<string name="IDS_EPI_TROUBLESHOOT_FINISH_TITLE">Procedura di individuazione e risoluzione dei problemi completata</string>
	<string name="IDS_EPI_TROUBLESHOOT_SUCCESS_TITLE">La procedura di individuazione e risoluzione dei problemi è stata eseguita correttamente</string>
	<string name="IDS_EPI_TROUBLESHOOT_FAILED_TITLE">La procedura di individuazione e risoluzione dei problemi non è stata eseguita correttamente</string>
	<string name="IDS_EPI_TROUBLESHOOT_TEXT">&lt;b&gt;Si consiglia di chiudere questa finestra e di riavviare il computer. Dopo il riavvio, eseguire nuovamente il programma di installazione.&lt;/b&gt;</string>
	<string name="IDS_EPI_TROUBLESHOOT_REBOOT_TEXT">&lt;b&gt;Per terminare la procedura di individuazione e risoluzione dei problemi, è necessario un riavvio. Chiudere questa finestra e riavviare il computer. Dopo il riavvio, eseguire nuovamente il programma di installazione.&lt;/b&gt;</string>
	<string name="IDS_EPI_TROUBLESHOOT_CONTACT_TEXT">Se l’errore persiste, contattare l'amministratore di sistema o il &lt;a {{IDS_LINK_SUPPORT}}&gt;Supporto tecnico di ESET.&lt;/a&gt;</string>

	<string name="IDS_EPI_CFG_SIMPLE_CAPTION">Impostazioni di protezione e installazione</string>
	<string name="IDS_EPI_CFG_RECOMMENDED_CAPTION">Consigliato</string>
	<string name="IDS_EPI_CFG_SIMPLE_PUA_CAPTION">Attiva rilevamento di applicazioni potenzialmente indesiderate</string>
	<string name="IDS_EPI_CFG_SIMPLE_CEIP_CAPTION">Partecipa al Programma di miglioramento dell’esperienza degli utenti &lt;br/&gt; &lt;a type="command" href="gui.ceip.show"&gt; Quali informazioni vengono raccolte?&lt;/a&gt;</string>
	<string name="IDS_EPI_CFG_SIMPLE_LGF_CAPTION">Attiva il sistema di feedback ESET LiveGrid®</string>
	<string name="IDS_EPI_CFG_SIMPLE_CEIP_TEXT">Desideriamo raccogliere informazioni anonime sulle modalità di utilizzo di questo prodotto. I dati raccolti, che ci aiuteranno a migliorare l’esperienza degli utenti, non verranno mai condivisi con terze parti.</string>
	<string name="IDS_EPI_CFG_SIMPLE_CONTINUE">Continua</string>
	<string name="IDS_EPI_CFG_SIMPLE_ALL_CONTINUE">Consenti tutto e continua</string>

	<string name="IDS_EPI_BANNER_CAPTION1">Preparazione installazione</string>
	<string name="IDS_EPI_BANNER_DESCRIPTION1">Attendere il completamento del download del pacchetto di installazione.</string>

	<string name="IDS_EPI_BANNER_CAPTION2">Installazione in corso</string>
	<string name="IDS_EPI_BANNER_DESCRIPTION2">Operazione quasi completata. Attendere il completamento dell’installazione.</string>

	<string name="IDS_EPI_BANNER_CAPTION3">Prestazioni senza precedenti</string>
	<string name="IDS_EPI_BANNER_DESCRIPTION3">La tecnologia multi livello ESET utilizza l'intelligenza di 100 milioni di sensori presenti in tutto il mondo per garantirti il massimo livello di protezione con il più basso livello di richieste sul sistema.</string>

	<string name="IDS_EPI_BANNER_CAPTION4">Grazie per aver scelto ESET!</string>
	<string name="IDS_EPI_BANNER_DESCRIPTION4">La tecnologia ESET NOD32® detiene il record mondiale di premi VB100 consecutivi e cumulativi.</string>

	<string name="IDS_EPI_BANNER_CAPTION5">Semplice, controllo centralizzato della tua sicurezza IT</string>
	<string name="IDS_EPI_BANNER_DESCRIPTION5">Indipendentemente dal tipo di console di gestione della protezione utilizzata (cloud o locale), questo strumento ti offre un’infrastruttura unificata che ti consente di controllare in modo efficace tutte le funzionalità dei tuoi prodotti di protezione ESET in qualsiasi momento e ovunque ti trovi.</string>


</resources>
