﻿<?xml version="1.0" encoding="utf-8" ?>
<resources langname="Indonesia" lcid="0421">

	<string name="IDS_EPI_INSTALL_STEP">Selamat datang|Perjanjian lisensi|AV Remover|Pemasangan|Selesai</string>

	<string name="IDS_EPI_ACTION_INIT">Memulai...</string>
	<string name="IDS_EPI_ACTION_EULA">Mengunduh EULA...</string>
	<string name="IDS_EPI_ACTION_DUMP">Menyiapkan paket pemasangan...</string>
	<string name="IDS_EPI_ACTION_CALC">Menghitung ruang yang tersedia...</string>
	<string name="IDS_EPI_ACTION_DETECTAV">Memeriksa aplikasi yang mungkin berkonflik...</string>
	<string name="IDS_EPI_ACTION_PACKAGECACHE">Menyelesaikan paket offline ...</string>
	<string name="IDS_EPI_ACTION_CLEANUP_FOLDERS">Menghapus folder...</string>
	<string name="IDS_EPI_ACTION_TROUBLESHOOTING">Memecahkan masalah, proses ini mungkin memerlukan waktu beberapa saat...</string>

	<string name="IDS_EPI_HOME_TITLE_EAV">Pasang ${bts.package.[0].name}</string>
	<string name="IDS_EPI_HOME_TEXT_EAV">Nikmati bekerja, bermain, dan online dengan komputer Anda - dengan perlindungan ESET.</string>
	<string name="IDS_EPI_HOME_TITLE_ESS">Pasang ${bts.package.[0].name}</string>
	<string name="IDS_EPI_HOME_TEXT_ESS">Nikmati bekerja, bermain, dan online dengan komputer Anda - dengan perlindungan ESET.</string>
	<string name="IDS_EPI_HOME_TITLE_EIS">Pasang ${bts.package.[0].name}</string>
	<string name="IDS_EPI_HOME_TEXT_EIS">Nikmati bekerja, bermain, dan online dengan komputer Anda - dengan perlindungan ESET.</string>
	<string name="IDS_EPI_HOME_TITLE_ESSP">Pasang ${bts.package.[0].name}</string>
	<string name="IDS_EPI_HOME_TEXT_ESSP">Nikmati bekerja, bermain, dan online dengan komputer Anda - dengan perlindungan ESET.</string>
	<string name="IDS_EPI_HOME_TITLE_EHS">Pasang ${bts.package.[0].name}</string>
	<string name="IDS_EPI_HOME_TEXT_EHS">Nikmati bekerja, bermain, dan online dengan komputer Anda - dengan perlindungan ESET.</string>
	<string name="IDS_EPI_HOME_TITLE_EEA">Pasang ${bts.package.[0].name}</string>
	<string name="IDS_EPI_HOME_SUBTITLE_EEA">Perlindungan dasar yang canggih untuk bisnis Anda</string>
	<string name="IDS_EPI_HOME_TEXT_EEA">${bts.package.[0].name}, dilengkapi dengan teknologi deteksi pemenang penghargaan ESET NOD32®, memberi bisnis Anda perlindungan dasar yang canggih dan ringan, ditambah dengan sistem reputasi berbasis cloud kami. Kendalikan semuanya tanpa susah payah dengan konsol web ESET PROTECT kami yang ramah pengguna dengan desain yang sepenuhnya baru.</string>
	<string name="IDS_EPI_HOME_TITLE_EES">Pasang ${bts.package.[0].name}</string>
	<string name="IDS_EPI_HOME_SUBTITLE_EES">Perangkat keamanan Anda yang canggih dengan fitur lengkap</string>
	<string name="IDS_EPI_HOME_TEXT_EES">${bts.package.[0].name} adalah perangkat keamanan Anda yang canggih dengan fitur lengkap, memberikan perlindungan berlapis yang komprehensif dari segala jenis malware. Nikmati tuntutan sistem yang rendah, dukungan dan pengawasan virtualisasi melalui konsol web ESET PROTECT yang sepenuhnya baru.</string>

	<string name="IDS_EPI_HOME_TITLE_MULTI">Instal komponen</string>
	<string name="IDS_EPI_INFO_TITLE_ERAA">Komputer ini akan dikelola oleh ESET PROTECT</string>
	<string name="IDS_EPI_BUNDLE_TITLE">Komponen-komponen berikut ini termasuk dalam pemasang ini</string>

	<string name="IDS_EPI_HOME_AVREMOVER_CHECK">Saya ingin menghapus instalan produk keamanan yang tidak kompatibel</string>
	<string name="IDS_EPI_HOME_NEW_VERSION_TEXT">Versi lebih baru produk ini tidak disertakan, tetapi tersedia secara online dan dapat diunduh dan dipasang secara otomatis.</string>
	<string name="IDS_EPI_HOME_NEW_VERSION_CHECKBOX">Pasang versi lebih baru</string>

<string name="IDS_EPI_HOME_NEED_HELP">Memerlukan bantuan instalasi?</string>
	<string name="IDS_EPI_HOME_OPEN_INSTRUCTIONS">Buka instruksi instalasi</string>
	<string name="IDS_EPI_HOME_OPEN_GUIDE">Buka panduan pengguna</string>

	<string name="IDS_EPI_LOCK_PASSWORD_TITLE">Pengaturan ESET Security dilindungi dengan kata sandi</string>
	<string name="IDS_EPI_LOCK_PASSWORD_SUBTITLE">Mohon masukkan kata sandi yang valid untuk melanjutkan.</string>
	<string name="IDS_EPI_LOCK_PASSWORD_TEXT">Kata sandi</string>
	<string name="IDS_EPI_LOCK_PASSWORD_ERROR">Kata sandi salah. Silakan pulihkan kata sandi&lt;br/&gt;dalam Konfigurasi lanjutan produk.</string>

	<string name="IDS_EPI_EULA_SINGLE_TITLE">Perjanjian lisensi pengguna akhir</string>
	<string name="IDS_EPI_EULA_SAVEAS_FILTER">Teks (*.txt)|*.txt|HTML (*.html,*.htm)|*.html;*.htm||</string>
	<string name="IDS_EPI_EULA_BUTTON_ACCEPT">Saya Setuju</string>
	<string name="IDS_EPI_EULA_BUTTON_DECLINE">Saya Tidak Setuju</string>
	<string name="IDS_EPI_EULA_DECLINE">Menolak Perjanjian lisensi pengguna akhir akan menutup instalasi. Apakah Anda yakin ingin melakukannya?</string>

	<string name="IDS_EPI_DETECTAV_TITLE">Memindai aplikasi antivirus</string>
	<string name="IDS_EPI_DETECTAV_TEXT01">Produk keamanan lain ditemukan</string>
	<string name="IDS_EPI_DETECTAV_TEXT02">Menjalankan dua solusi keamanan secara bersamaan dapat menyebabkan ketidakstabilan. Atasi masalah ini dengan menghapus instalasi perangkat lunak keamanan yang bermasalah yang ada di sistem Anda.</string>
	<string name="IDS_EPI_DETECTAV_UNINSTALL">Bagaimana cara menghapus peranti lunak antivirus lain</string>

	<string name="IDS_EPI_PACKAGECACHE_TITLE">Unduh komponen terlebih dahulu</string>
	<string name="IDS_EPI_PACKAGECACHE_TEXT">Unduh komponen yang disertakan dalam Penginstal Paket (Penginstal Langsung) ini terlebih dahulu untuk mempercepat proses penyebaran jika koneksi internet Anda terbatas.</string>
	<string name="IDS_EPI_PACKAGECACHE_HOW01">&lt;b&gt;Klik tombol unduh&lt;/b&gt;, kemudian %1 akan dibuat, diunduh, serta disimpan ke komputer Anda.</string>
	<string name="IDS_EPI_PACKAGECACHE_HOW02">&lt;b&gt;Salin %1 dan %2 ke dalam folder yang sama.&lt;/b&gt; Anda dapat menggunakan ruang jaringan bersama atau drive USB.</string>
	<string name="IDS_EPI_PACKAGECACHE_HOW03">&lt;b&gt;Jalankan %2 di komputer mana pun dari folder bersama atau drive USB.&lt;/b&gt; %2 akan menggunakan komponen yang telah diunduh terlebih dahulu tanpa mengunduhnya ulang.</string>

	<string name="IDS_EPI_DOWNLOAD_PACKAGE_SINGLE">Mengunduh ...</string>
	<string name="IDS_EPI_DOWNLOAD_PACKAGE_MULTI">Mengunduh %1 ...</string>

	<string name="IDS_EPI_CFG_LGF_CAPTION_CONSUMER">Ada kekuatan dalam angka. Dapatkan level perlindungan maksimum.</string>
	<string name="IDS_EPI_CFG_LGF_TEXT_CONSUMER">Sistem umpan balik ESET LiveGrid® memungkinkan kami mengumpulkan statistik dan informasi tentang objek mencurigakan, yang diproses secara otomatis untuk menciptakan mekanisme pertahanan di sistem cloud. Kami kemudian langsung menerapkannya agar semua pelanggan terlindung secara maksimal.</string>
	<string name="IDS_EPI_CFG_LGF_CAPTION_BUSINESS">Bantu kami memberi Anda keamanan yang lebih baik.</string>
	<string name="IDS_EPI_CFG_LGF_TEXT_BUSINESS">Sistem umpan balik ESET LiveGrid® menggunakan lebih dari 100 juta sensor di seluruh dunia yang memungkinkan Anda mengumpulkan informasi tentang objek mencurigakan, yang kami proses secara otomatis untuk membuat mekanisme deteksi di sistem cloud kami. Lalu kami segera menerapkannya untuk memastikan Anda mendapatkan level perlindungan maksimal.</string>
	<string name="IDS_EPI_CFG_LGF_ENABLE">Izinkan sistem umpan balik ESET LiveGrid® (direkomendasikan)</string>
	<string name="IDS_EPI_CFG_LGF_DISABLE">Nonaktifkan Sistem umpan balik ESET LiveGrid®</string>

	<string name="IDS_EPI_CFG_PUA_CAPTION">Deteksi Aplikasi yang Berpotensi Tidak Diinginkan</string>
	<string name="IDS_EPI_CFG_PUA_TEXT">ESET dapat mendeteksi &lt;a {{IDS_HELP_PUA_LINK}}&gt;aplikasi yang berpotensi tidak diinginkan&lt;/a&gt; dan meminta konfirmasi sebelum pemasangan. Aplikasi yang berpotensi tidak diinginkan mungkin tidak memunculkan risiko keamanan tetapi dapat memengaruhi kinerja, kecepatan, dan keandalan komputer, atau menyebabkan perubahan perilaku. Aplikasi tersebut biasanya membutuhkan izin pengguna sebelum pemasangan.</string>
	<string name="IDS_EPI_CFG_PUA_ENABLE">Aktifkan deteksi aplikasi yang berpotensi tidak diinginkan</string>
	<string name="IDS_EPI_CFG_PUA_DISABLE">Nonaktifkan deteksi aplikasi yang berpotensi tidak diinginkan</string>

	<string name="IDS_EPI_CFG_CEIP_CAPTION">Ikuti Program Peningkatan Pengalaman Pelanggan</string>
	<string name="IDS_EPI_CFG_CEIP_TEXT">Kami ingin mengumpulkan informasi anonim tentang penggunaan produk ini. Data yang dikumpulkan akan membantu kami meningkatkan pengalaman Anda dan tidak akan dibagikan kepada pihak ketiga.&lt;a type="command" href="gui.ceip.show"&gt; Informasi apa yang kami kumpulkan?&lt;/a&gt;</string>
	<string name="IDS_EPI_CFG_CEIP_YES">Ya, saya ingin mengikuti program ini (disarankan)</string>
	<string name="IDS_EPI_CFG_CEIP_NO">Tidak, saya tidak ingin mengikuti program ini</string>

	<string name="IDS_EPI_CFG_EULA_CAPTION">Perjanjian Lisensi Pengguna Akhir</string>
	<string name="IDS_EPI_CFG_EULA_DESCRIPTION">Dengan mengeklik salah satu tombol "Lanjutkan" di bawah ini, Anda menerima &lt;a {{IDS_LINK_SHOW_EULA}}&gt;Perjanjian Lisensi Pengguna Akhir&lt;/a&gt; dan mengakui &lt;a {{IDS_LINK_SHOW_PRIVACY_POLICY}}&gt;Kebijakan Privasi.&lt;/a&gt;</string>
	<string name="IDS_EPI_CFG_EULA_MSGBOX_OK">OK</string>
	<string name="IDS_EPI_CFG_EULA_MSGBOX_NOT_AGREE">Saya tidak setuju</string>
	<string name="IDS_EPI_CFG_EULA_MSGBOX_SAVE">Simpan</string>

	<string name="IDS_EPI_CFG_BUTTON_ADVANCED">Ubah folder pemasangan</string>
	<string name="IDS_EPI_CFG_FOLDERS_INSTALL">Folder produk:</string>
	<string name="IDS_EPI_CFG_FOLDERS_DATA">Folder data:</string>
	<string name="IDS_EPI_CFG_FOLDERS_MODULE">Folder modul:</string>
	<string name="IDS_EPI_CFG_FOLDERS_VALIDATOR_INVALID">Folder yang dipilih tidak valid.</string>

	<string name="IDS_EPI_CFG_ALREADY_CONFIGURED">Pengaturan instalasi telah dikonfigurasi.</string>

	<string name="IDS_EPI_NONEMPTY_FOLDER_WARNING_TITLE">Folder instalasi harus kosong</string>
	<string name="IDS_EPI_NONEMPTY_FOLDER_WARNING_MESSAGE_SINGULAR">Untuk melanjutkan pemasangan, folder yang sudah ada akan dihapus:</string>
	<string name="IDS_EPI_NONEMPTY_FOLDER_WARNING_MESSAGE_PLURAL">Untuk melanjutkan pemasangan, folder yang sudah ada akan dihapus:</string>
	<string name="IDS_EPI_NONEMPTY_FOLDER_QUESTION">&lt;b&gt;Apakah Anda setuju untuk menghapus folder dan melanjutkan pemasangan?&lt;/b&gt;</string>

	<string name="IDS_EPI_DISKSPACE_TITLE">Ruang Disk Tidak Cukup</string>
	<string name="IDS_EPI_DISKSPACE_TEXT01">Ruang disk Anda tidak cukup. Volume yang disorot tidak memiliki ruang yang cukup untuk instalasi. Periksa ruang disk yang tersedia, lalu coba lagi.</string>
	<string name="IDS_EPI_DISKSPACE_HEADER01">Drive</string>
	<string name="IDS_EPI_DISKSPACE_HEADER02">Kapasitas</string>
	<string name="IDS_EPI_DISKSPACE_HEADER03">Ruang kosong</string>
	<string name="IDS_EPI_DISKSPACE_HEADER04">Ruang yang diperlukan</string>

	<string name="IDS_EPI_INSTALL_PACKAGE_SINGLE">Memasang ...</string>
	<string name="IDS_EPI_INSTALL_PACKAGE_MULTI">Memasang %1 ...</string>

	<string name="IDS_EPI_DONE_TITLE">Pemasangan berhasil</string>
	<string name="IDS_EPI_DONE_TEXT01">${bts.package.[${bts.var.package.default}].name} berhasil dipasang di komputer Anda. Komputer Anda akan terus diperiksa dari virus dan malware. &lt;br/&gt; &lt;br/&gt; Terima kasih telah memilih ESET! &lt;br/&gt; &lt;br/&gt; &lt;br/&gt; Klik &lt;i&gt;Selesai&lt;/i&gt; untuk menyelesaikan instalasi produk.</string>
	<string name="IDS_EPI_DONE_TEXT01_EPI">Semua paket berhasil dipasang di komputer Anda. &lt;br/&gt; &lt;br/&gt; Klik &lt;i&gt;Selesai&lt;/i&gt; untuk menyelesaikan penyiapan produk.</string>
		<string name="IDS_EPI_DONE_PACKAGECACHE_CAPTION">%1 dan %2 harus terletak di dalam folder yang sama ketika dijalankan.</string>
	<string name="IDS_EPI_DONE_PACKAGECACHE_DESCRIPTION">%1 telah diunduh dan disimpan ke folder:&lt;br/&gt;</string>

	<string name="IDS_EPI_FAIL_FAILED_TITLE">Pemasangan gagal</string>
	<string name="IDS_EPI_FAIL_FINISH_TITLE">Instalasi selesai</string>
	<string name="IDS_EPI_FAIL_KNOWLEDGEBASE">Cari solusinya di ESET Knowledgebase.</string>
	<string name="IDS_EPI_FAIL_TROUBLESHOOT">Jalankan pemecah masalah</string>
	<string name="IDS_EPI_FAIL_TS_LINK">Hubungi Dukungan Teknis ESET</string>
	<string name="IDS_EPI_FAIL_RESTART">Mulai ulang komputer</string>

	<string name="IDS_EPI_FAIL_TITLE_OS">Versi Microsoft Windows sudah tidak didukung</string>
	<string name="IDS_EPI_FAIL_TEXT_OS_OUTDATED">ESET Security tidak mendukung versi lama Microsoft Windows Anda. Klik Tutup untuk keluar dari instalasi.</string>
	<string name="IDS_EPI_FAIL_TEXT_OS_NOT_SUPPORTED">Produk ini tidak lagi didukung di versi lama Microsoft Windows Anda. &lt;a {{IDS_LINK_PRODUCT_OPTIONS}}&gt;Lihat pilihan Anda&lt;/a&gt;</string>
	<string name="IDS_EPI_FAIL_TEXT_OS_NOT_SUPPORTED_BUSINESS">Produk ini tidak lagi didukung di versi lama Microsoft Windows Anda.</string>

	<string name="IDS_EPI_FAIL_TITLE_EULA_REJECTED">Perjanjian lisensi pengguna akhir</string>
	<string name="IDS_EPI_FAIL_TEXT_EULA_REJECTED">Perjanjian lisensi pengguna akhir tidak diterima.</string>

	<string name="IDS_EPI_FAIL_TITLE_CONNECTION">Kesalahan sambungan</string>
	<string name="IDS_EPI_FAIL_TEXT_CONNECTION">Tampaknya koneksi internet Anda tidak berfungsi. Produk tidak dapat dipasang. &lt;a {{IDS_LINK_INTERNET_SETTINGS}}&gt;Periksa koneksi internet Anda&lt;/a&gt; dan coba pemasangan lagi.&lt;br/&gt;&lt;br/&gt;Apakah Anda menggunakan server proxy? Ubah pengaturan server proxy Anda dan coba lagi.</string>
	<string name="IDS_EPI_FAIL_TEXT_CONNECTION_EPI">Koneksi internet Anda tidak berfungsi. Paket tidak dapat dipasang. &lt;a {{IDS_LINK_INTERNET_SETTINGS}}&gt;Periksa koneksi internet Anda,&lt;/a&gt; lalu coba kembali instalasi.&lt;br/&gt;&lt;br/&gt;Apakah Anda menggunakan server proxy? Ubah pengaturan server proxy Anda, lalu coba lagi.</string>

	<string name="IDS_EPI_FAIL_TITLE_DOWNLOAD_ERROR">Kesalahan pengunduhan</string>
	<string name="IDS_EPI_FAIL_TEXT_DOWNLOAD_ERROR">Kesalahan terjadi saat mengunduh data dari server. Harap periksa sambungan jaringan Anda dan coba lagi.&lt;br/&gt;&lt;br/&gt;Jika Anda masih mengalami masalah, harap kunjungi &lt;a {{IDS_LINK_OFFLINE_INSTALLER}}&gt;www.eset.com&lt;/a&gt; untuk mengunduh pemasang offline.</string>
	<string name="IDS_EPI_FAIL_TEXT_DOWNLOAD_ERROR_EPI">Kesalahan terjadi saat mengunduh data dari server. Harap periksa sambungan jaringan Anda dan coba lagi.</string>

	<string name="IDS_EPI_FAIL_TITLE_INVALID_SERVER_RESPONSE">Tanggapan tidak valid</string>
	<string name="IDS_EPI_FAIL_TEXT_INVALID_SERVER_RESPONSE">Tanggapan tidak valid diterima dari server.</string>

	<string name="IDS_EPI_FAIL_TITLE_INVALID_INSTALLER">Pemasang tidak berlaku</string>
	<string name="IDS_EPI_FAIL_TEXT_INVALID_INSTALLER">Pemasang ini tidak berlaku lagi dan harus diganti. Unduh pemasang baru untuk memasang produk ini.</string>
	<string name="IDS_EPI_FAIL_TEXT_INVALID_INSTALLER_EPI">Pemasang ini tidak berlaku lagi dan harus diganti. Dapatkan pemasang baru atau hubungi administrator untuk memasang produk ini.</string>

	<string name="IDS_EPI_FAIL_TITLE_VERSIONCHECK_NO_PACKAGES">Paket kompatibel tidak ditemukan</string>
	<string name="IDS_EPI_FAIL_TEXT_VERSIONCHECK_NO_PACKAGES">Tidak ada paket pemasangan kompatibel yang tersedia pada server. Harap kunjungi &lt;a {{IDS_LINK_OFFLINE_INSTALLER}}&gt;www.eset.com&lt;/a&gt; untuk mengunduh pemasang offline.</string>
	<string name="IDS_EPI_FAIL_TEXT_VERSIONCHECK_NO_PACKAGES_EPI">Pemasang ini tidak berlaku lagi dan harus diganti. Dapatkan pemasang baru atau hubungi administrator untuk memasang produk ini.</string>

	<string name="IDS_EPI_FAIL_TITLE_INCOMPATIBLE_OS">Sistem operasi tidak kompatibel</string>
	<string name="IDS_EPI_FAIL_TEXT_INCOMPATIBLE_OS">${bts.package.[${bts.var.package.current}].name} tidak ditujukan untuk sistem operasi Anda. Harap unduh dan pasang produk dari &lt;a {{IDS_LINK_OFFLINE_INSTALLER}}&gt;www.eset.com&lt;/a&gt;.</string>
	<string name="IDS_EPI_FAIL_TEXT_INCOMPATIBLE_OS_EPI">${bts.package.[${bts.var.package.current}].name} tidak ditujukan untuk sistem operasi Anda.</string>

	<string name="IDS_EPI_FAIL_TITLE_INCOMPATIBLE_PACKAGE_X32">Paket tidak kompatibel</string>
	<string name="IDS_EPI_FAIL_TEXT_INCOMPATIBLE_PACKAGE_X32">Paket pemasangan ini ditujukan untuk sistem operasi 32-bit. Harap gunakan paket pemasangan untuk sistem operasi 64-bit.</string>

	<string name="IDS_EPI_FAIL_TITLE_INCOMPATIBLE_PACKAGE_X64">Paket tidak kompatibel</string>
	<string name="IDS_EPI_FAIL_TEXT_INCOMPATIBLE_PACKAGE_X64">Paket pemasangan ini ditujukan untuk sistem operasi 64-bit. Harap gunakan paket pemasangan untuk sistem operasi 32-bit.</string>

	<string name="IDS_EPI_FAIL_TITLE_INCOMPATIBLE_PRODUCT_INSTALLED">Produk tidak kompatibel dipasang</string>
	<string name="IDS_EPI_FAIL_TEXT_INCOMPATIBLE_PRODUCT_INSTALLED">Produk {PRODUCT} yang tidak kompatibel telah dipasang. Harap hapus secara manual dan mulai pemasangan kembali.</string>

	<string name="IDS_EPI_FAIL_TITLE_NEWER_VERSION_NOT_AVAILABLE">Versi terbaru telah dipasang</string>
	<string name="IDS_EPI_FAIL_TEXT_NEWER_VERSION_NOT_AVAILABLE">Versi terbaru ${bts.package.[${bts.var.package.default}].name} telah dipasang pada komputer ini.</string>

	<string name="IDS_EPI_FAIL_TITLE_REFERRAL">Produk tidak dapat dipasang</string>
	<string name="IDS_EPI_FAIL_TEXT_REFERRAL">Produk tidak dapat dipasang karena produk ESET lainnya sudah terpasang di perangkat ini.</string>
	<string name="IDS_EPI_FAIL_TEXT_REFERRAL_UPGRADE">Versi ESET Anda saat ini kedaluwarsa dan tidak dapat lagi menjamin perlindungan yang terbaik.&lt;br/&gt;&lt;b&gt;Tingkatkan perlindungan keamanan Anda dengan meningkatkan ke versi terbaru, GRATIS.&lt;/b&gt;</string>

	<string name="IDS_EPI_FAIL_TITLE_PACKAGE_NOT_FOUND">Paket tidak ditemukan</string>
	<string name="IDS_EPI_FAIL_TEXT_PACKAGE_NOT_FOUND">Paket instalasi {PRODUCT} tidak ditemukan.</string>

	<string name="IDS_EPI_FAIL_TITLE_PACKAGE_CORRUPTED">Paket rusak</string>
	<string name="IDS_EPI_FAIL_TEXT_PACKAGE_CORRUPTED">Paket instalasi {PRODUCT} rusak.</string>

	<string name="IDS_EPI_FAIL_TITLE_INSTALL_OUT_OF_SPACE">Ruang disk tidak cukup</string>
	<string name="IDS_EPI_FAIL_TEXT_INSTALL_OUT_OF_SPACE">Ruang disk yang tersedia tidak cukup untuk menyelesaikan instalasi ${bts.package.[${bts.var.package.default}].name}.&lt;br/&gt;&lt;br/&gt;Pastikan Anda memiliki setidaknya %u MB ruang kosong, lalu coba lagi.</string>
	<string name="IDS_EPI_FAIL_TEXT_INSTALL_OUT_OF_SPACE_EPI">Ruang disk yang tersedia tidak cukup untuk menyelesaikan instalasi semua paket.&lt;br/&gt;&lt;br/&gt;Pastikan Anda memiliki setidaknya %u MB ruang kosong, lalu coba lagi.</string>

	<string name="IDS_EPI_FAIL_TITLE_SETUP">Pemasangan tidak berhasil diselesaikan</string>
	<string name="IDS_EPI_FAIL_TEXT_SETUP">Pemasangan ${bts.package.[${bts.var.package.current}].name} tidak berhasil diselesaikan. Sistem mungkin tidak akan terlindung dari ancaman komputer. Untuk memasang ${bts.package.[${bts.var.package.current}].name} pada komputer Anda, harap jalankan pemasangan kembali.</string>
	<string name="IDS_EPI_FAIL_TEXT_SETUP_TROUBLESHOOT">Terjadi masalah saat memasang produk ESET di perangkat Anda. Kami menyarankan Anda untuk menjalankan pemecah masalah. Pemecah masalah akan menyelesaikan masalah, jika memungkinkan.</string>
	<string name="IDS_EPI_FAIL_TEXT_SETUP_EPI">Instalasi ${bts.package.[${bts.var.package.current}].name} gagal diselesaikan. Sistem mungkin tidak akan terlindung dari ancaman komputer. Untuk memasang semua paket di komputer Anda, silakan jalankan kembali instalasi.</string>
	<string name="IDS_EPI_FAIL_TEXT_SETUP_ERROR_CODE">Kode Kesalahan: %s</string>

	<string name="IDS_EPI_FAIL_TITLE_ABORT">Pemasangan telah diinterupsi oleh pengguna</string>
	<string name="IDS_EPI_FAIL_TEXT_ABORT">Pemasangan ${bts.package.[${bts.var.package.default}].name} telah diinterupsi oleh pengguna. Untuk memasang ${bts.package.[${bts.var.package.default}].name} pada komputer Anda, harap jalankan pemasangan kembali.</string>
	<string name="IDS_EPI_FAIL_TEXT_ABORT_EPI">Instalasi telah diinterupsi oleh pengguna. Untuk memasang semua paket di komputer Anda, silakan jalankan kembali instalasi.</string>

	<string name="IDS_EPI_FAIL_TITLE_INTERNAL_ERROR">Kesalahan internal</string>
	<string name="IDS_EPI_FAIL_TEXT_INTERNAL_ERROR">Terjadi kesalahan internal. Harap coba lagi untuk memulai pemasangan kembali.</string>

	<string name="IDS_EPI_TROUBLESHOOT_FINISH_TITLE">Pemecah masalah selesai</string>
	<string name="IDS_EPI_TROUBLESHOOT_SUCCESS_TITLE">Pemecahan masalah berhasil</string>
	<string name="IDS_EPI_TROUBLESHOOT_FAILED_TITLE">Pemecahan masalah gagal</string>
	<string name="IDS_EPI_TROUBLESHOOT_TEXT">&lt;b&gt;Sebaiknya tutup jendela ini dan mulai ulang komputer Anda. Setelah memulai ulang, jalankan kembali instalasi.&lt;/b&gt;</string>
	<string name="IDS_EPI_TROUBLESHOOT_REBOOT_TEXT">&lt;b&gt;Boot ulang diperlukan untuk menyelesaikan pemecahan masalah. Tutup jendela ini, lalu mulai ulang komputer Anda. Setelah memulai ulang, jalankan kembali instalasi.&lt;/b&gt;</string>
	<string name="IDS_EPI_TROUBLESHOOT_CONTACT_TEXT">Jika kesalahan masih terjadi, hubungi administrator sistem atau &lt;a {{IDS_LINK_SUPPORT}}&gt;Dukungan Teknis ESET.&lt;/a&gt;</string>

	<string name="IDS_EPI_CFG_SIMPLE_CAPTION">Pengaturan perlindungan dan instalasi</string>
	<string name="IDS_EPI_CFG_RECOMMENDED_CAPTION">Direkomendasikan</string>
	<string name="IDS_EPI_CFG_SIMPLE_PUA_CAPTION">Aktifkan deteksi aplikasi yang berpotensi tidak diinginkan</string>
	<string name="IDS_EPI_CFG_SIMPLE_CEIP_CAPTION">Berpartisipasi dalam Program Peningkatan Pelayanan Pengguna &lt;br/&gt; &lt;a type="command" href="gui.ceip.show"&gt; Informasi apa yang kami kumpulkan?&lt;/a&gt;</string>
	<string name="IDS_EPI_CFG_SIMPLE_LGF_CAPTION">Aktifkan sistem umpan balik ESET LiveGrid®</string>
	<string name="IDS_EPI_CFG_SIMPLE_CEIP_TEXT">Kami ingin mengumpulkan informasi anonim tentang penggunaan produk ini. Data yang dikumpulkan akan membantu kami meningkatkan pengalaman Anda dan tidak akan dibagikan kepada pihak ketiga.</string>
	<string name="IDS_EPI_CFG_SIMPLE_CONTINUE">Lanjutkan</string>
	<string name="IDS_EPI_CFG_SIMPLE_ALL_CONTINUE">Izinkan semua dan lanjutkan</string>

	<string name="IDS_EPI_BANNER_CAPTION1">Mempersiapkan pemasangan</string>
	<string name="IDS_EPI_BANNER_DESCRIPTION1">Harap tunggu sementara kami mengunduh paket instalasi.</string>

	<string name="IDS_EPI_BANNER_CAPTION2">Pemasangan sedang berjalan</string>
	<string name="IDS_EPI_BANNER_DESCRIPTION2">Anda hampir selesai! Harap tunggu hingga proses instalasi selesai.</string>

	<string name="IDS_EPI_BANNER_CAPTION3">Kinerja tak tertandingi</string>
	<string name="IDS_EPI_BANNER_DESCRIPTION3">Teknologi deteksi ESET yang berlapis menggunakan kecerdasan dari 100 juta sensor di dunia untuk memastikan Anda mendapatkan proteksi maksimum dengan tuntutan serendah mungkin pada sistem Anda.</string>

	<string name="IDS_EPI_BANNER_CAPTION4">Terima kasih telah memilih ESET</string>
	<string name="IDS_EPI_BANNER_DESCRIPTION4">Teknologi ESET NOD32 memegang rekor dunia untuk penghargaan VB100 secara berturut-turut dan kumulatif.</string>

	<string name="IDS_EPI_BANNER_CAPTION5">Mudah, kontrol keamanan TI terpusat</string>
	<string name="IDS_EPI_BANNER_DESCRIPTION5">Tidak masalah Anda menggunakan konsol manajemen berbasis komputasi awan (cloud) atau di tempat (on-premise). Satu panel kontrol akan memudahkan Anda memberi perintah ke seluruh produk keamanan ESET yang Anda gunakan, kapan dan dimanapun Anda berada. </string>


</resources>
