﻿<?xml version="1.0" encoding="utf-8" ?>
<resources langname="עברית" lcid="040d">

	<string name="IDS_EPI_INSTALL_STEP">ברוך הבא|הסכם רשיון|AV Remover|התקנה|סיום</string>

	<string name="IDS_EPI_ACTION_INIT">מאתחל...</string>
	<string name="IDS_EPI_ACTION_EULA">מוריד תנאי רישיון...</string>
	<string name="IDS_EPI_ACTION_DUMP">מכין חבילת התקנה...</string>
	<string name="IDS_EPI_ACTION_CALC">מחשב שטח זמין...</string>
	<string name="IDS_EPI_ACTION_DETECTAV">מחפש אחר אפליקציות אפשריות העלולות להתנגש...</string>
	<string name="IDS_EPI_ACTION_PACKAGECACHE">מסיים את ההכנה של חבילה לא מקוונת ...</string>
	<string name="IDS_EPI_ACTION_CLEANUP_FOLDERS">מוחק תיקיות...</string>
	<string name="IDS_EPI_ACTION_TROUBLESHOOTING">פותר בעיות, פעולה זו עשויה להימשך מספר רגעים...</string>

	<string name="IDS_EPI_HOME_TITLE_EAV">התקן את ${bts.package.[0].name}</string>
	<string name="IDS_EPI_HOME_TEXT_EAV">אתה מוזמן ליהנות משימוש במחשב לעבודה, למשחקים וליצירת קשרים - ולהיות מוגן באמצעות ESET.</string>
	<string name="IDS_EPI_HOME_TITLE_ESS">התקן את ${bts.package.[0].name}</string>
	<string name="IDS_EPI_HOME_TEXT_ESS">אתה מוזמן ליהנות משימוש במחשב לעבודה, למשחקים וליצירת קשרים - ולהיות מוגן באמצעות ESET.</string>
	<string name="IDS_EPI_HOME_TITLE_EIS">התקן את ${bts.package.[0].name}</string>
	<string name="IDS_EPI_HOME_TEXT_EIS">אתה מוזמן ליהנות משימוש במחשב לעבודה, למשחקים וליצירת קשרים - ולהיות מוגן באמצעות ESET.</string>
	<string name="IDS_EPI_HOME_TITLE_ESSP">התקן את ${bts.package.[0].name}</string>
	<string name="IDS_EPI_HOME_TEXT_ESSP">אתה מוזמן ליהנות משימוש במחשב לעבודה, למשחקים וליצירת קשרים - ולהיות מוגן באמצעות ESET.</string>
	<string name="IDS_EPI_HOME_TITLE_EHS">התקן את ${bts.package.[0].name}</string>
	<string name="IDS_EPI_HOME_TEXT_EHS">אתה מוזמן ליהנות משימוש במחשב לעבודה, למשחקים וליצירת קשרים - ולהיות מוגן באמצעות ESET.</string>
	<string name="IDS_EPI_HOME_TITLE_EEA">התקן את ${bts.package.[0].name}</string>
	<string name="IDS_EPI_HOME_SUBTITLE_EEA">הגנה בסיסית אך מתקדמת על העסק שלך</string>
	<string name="IDS_EPI_HOME_TEXT_EEA">${bts.package.[0].name}, שמחים להציג את טכנולוגיית הזיהוי של ESET, NOD32®, המעניקה לעסק שלך הגנה בסיסית ומתקדמת. יחד עם זאת, זוהי הגנה קלה והיא משולבת עם המערכת מבוססת הענן שלנו לניהול מוניטין. ניתן לשלוט בה בקלות באמצעות המסוף האינטרנטי והידידותי למשתמש שעוצב מחדש של ESET PROTECT.</string>
	<string name="IDS_EPI_HOME_TITLE_EES">התקן את ${bts.package.[0].name}</string>
	<string name="IDS_EPI_HOME_SUBTITLE_EES">חבילת האבטחה המתקדמת והשלמה שלך</string>
	<string name="IDS_EPI_HOME_TEXT_EES">${bts.package.[0].name} היא חבילת האבטחה המתקדמת והשלמה שלך, והיא מעניקה לך הגנה כוללת, רב-שכבתית, מפני סוגים שונים של תוכנות זדוניות. דרישות המערכת שלה נמוכות, ותוכל ליהנות מתמיכה בווירטואליזציה ופיקוח עליה באמצעות המסוף האינטרנטי המחודש והידידותי למשתמש שלESET PROTECT.</string>

	<string name="IDS_EPI_HOME_TITLE_MULTI">התקן רכיבים</string>
	<string name="IDS_EPI_INFO_TITLE_ERAA">מחשב זה ינוהל על ידי ESET PROTECT</string>
	<string name="IDS_EPI_BUNDLE_TITLE">הרכיבים הבאים נכללים במתקין</string>

	<string name="IDS_EPI_HOME_AVREMOVER_CHECK">אני רוצה להסיר את ההתקנה של מוצרי אבטחה שאינם תואמים</string>
	<string name="IDS_EPI_HOME_NEW_VERSION_TEXT">גרסה חדשה יותר של מוצר זה זמינה באופן מקוון וניתן להוריד ולהתקין אותה באופן אוטומטי במקום הגרסה המותקנת.</string>
	<string name="IDS_EPI_HOME_NEW_VERSION_CHECKBOX">התקן גרסה חדשה יותר</string>

<string name="IDS_EPI_HOME_NEED_HELP">זקוק לעזרה בהתקנה?</string>
	<string name="IDS_EPI_HOME_OPEN_INSTRUCTIONS">פתח את הוראות ההתקנה</string>
	<string name="IDS_EPI_HOME_OPEN_GUIDE">פתח את המדריך למשתמש</string>

	<string name="IDS_EPI_LOCK_PASSWORD_TITLE">ההגדרות של ESET Security מוגנות באמצעות סיסמה</string>
	<string name="IDS_EPI_LOCK_PASSWORD_SUBTITLE">הזן סיסמה חוקית כדי להמשיך.</string>
	<string name="IDS_EPI_LOCK_PASSWORD_TEXT">סיסמה</string>
	<string name="IDS_EPI_LOCK_PASSWORD_ERROR">סיסמא שגויה. ניתן לשחזר את הסיסמה&lt;br/&gt;בהגדרות המתקדמות של המוצר.</string>

	<string name="IDS_EPI_EULA_SINGLE_TITLE">הסכם רישיון למשתמש קצה</string>
	<string name="IDS_EPI_EULA_SAVEAS_FILTER">טקסט (*.txt)|*.txt|HTML (*.html,*.htm)|*.html;*.htm||</string>
	<string name="IDS_EPI_EULA_BUTTON_ACCEPT">אני מקבל</string>
	<string name="IDS_EPI_EULA_BUTTON_DECLINE">אינני מקבל</string>
	<string name="IDS_EPI_EULA_DECLINE">דחיית הסכם הרישיון למשתמש קצה תסגור את המתקין. האם אתה בטוח שברצונך לעשות זאת?</string>

	<string name="IDS_EPI_DETECTAV_TITLE">סורק</string>
	<string name="IDS_EPI_DETECTAV_TEXT01">נמצאו מוצרי אבטחה אחרים</string>
	<string name="IDS_EPI_DETECTAV_TEXT02">הפעלת שני פתרונות אבטחה בו-זמנית עלולה לגרום לחוסר יציבות. פתור בעיה זו על-ידי הסרת ההתקנה של תוכנת האבטחה המתנגשת הקיימת במערכת שלך.</string>
	<string name="IDS_EPI_DETECTAV_UNINSTALL">כיצד להסיר את ההתקנה של תוכנות אנטי-וירוס אחרות</string>

	<string name="IDS_EPI_PACKAGECACHE_TITLE">הורד רכיבים בהורדה מקדימה</string>
	<string name="IDS_EPI_PACKAGECACHE_TEXT">הורד בהורדה מקדימה את הרכיבים הכלולים במתקין חבילה זה (Live Installer) כדי להאיץ את תהליך הפריסה כאשר יש לך חיבור מוגבל לאינטרנט.</string>
	<string name="IDS_EPI_PACKAGECACHE_HOW01">&lt;b dir="rtl"&gt;לחץ על לחצן ההורדה&lt;/b&gt; והקובץ %1 ייווצר, יורד ויישמר במחשב.</string>
	<string name="IDS_EPI_PACKAGECACHE_HOW02">&lt;b dir="rtl"&gt;העתק את הקבצים %1 ו-%2 לאותה תיקיה.&lt;/b&gt; באפשרותך להשתמש בתיקיה משותפת ברשת או בכונן USB.</string>
	<string name="IDS_EPI_PACKAGECACHE_HOW03">&lt;b dir="rtl"&gt;הפעל את הקובץ %2 במחשב מהתיקייה המשותפת או מכונן ה-USB.&lt;/b&gt; הקובץ %2 ישתמש ברכיבים שהורדת כבר בהורדה מקדימה מבלי להוריד אותם מחדש.</string>

	<string name="IDS_EPI_DOWNLOAD_PACKAGE_SINGLE">מוריד...</string>
	<string name="IDS_EPI_DOWNLOAD_PACKAGE_MULTI">מוריד את %1...</string>

	<string name="IDS_EPI_CFG_LGF_CAPTION_CONSUMER">יש עוצמה במספרים, קבל את רמת ההגנה הגבוהה ביותר.</string>
	<string name="IDS_EPI_CFG_LGF_TEXT_CONSUMER">מערכת המשוב של ESET LiveGrid®‎ מאפשרת לנו לאסוף נתונים סטטיסטיים ומידע אודות אובייקטים חשודים שאותם אנו מעבדים באופן אוטומטי כדי ליצור מנגנוני איתור במערכת הענן שלנו. לאחר מכן אנו מיישמים אותם מיידית כדי להבטיח שהלקוחות שלנו יקבלו את רמת ההגנה הגבוהה ביותר.</string>
	<string name="IDS_EPI_CFG_LGF_CAPTION_BUSINESS">עזור לנו לספק לך את האבטחה הטובה ביותר.</string>
	<string name="IDS_EPI_CFG_LGF_TEXT_BUSINESS">מערכת המשוב של ESET LiveGrid® משתמשת בלמעלה מ-100 מיליון חיישנים ברחבי העולם שמאפשרים לנו לאסוף מידע על אובייקטים חשודים, שאותם אנו מעבדים באופן אוטומטי כדי ליצור מנגנוני איתור במערכת מבוססת הענן שלנו לניהול מוניטין. לאחר מכן אנו מיישמים אותם מיידית כדי להבטיח שתקבל את רמת ההגנה המקסימלית.</string>
	<string name="IDS_EPI_CFG_LGF_ENABLE">אפשר את מערכת המשוב של ESET LiveGrid® (מומלץ)</string>
	<string name="IDS_EPI_CFG_LGF_DISABLE">השבת את מערכת המשוב של ESET LiveGrid®</string>

	<string name="IDS_EPI_CFG_PUA_CAPTION">איתור אפליקציות שעלולות להיות לא רצויות</string>
	<string name="IDS_EPI_CFG_PUA_TEXT">ESET יכולה לזהות &lt;a {{IDS_HELP_PUA_LINK}}&gt;אפליקציות שעלולות להיות לא רצויות&lt;/a&gt; ולבקש אישור לפני התקנתן. אפליקציות שעלולות להיות לא רצויות עשויות שלא להוות סיכון אבטחה אך הן עלולות להשפיע על הביצועים, המהירות והאמינות של המחשב או לגרום לשינויים בהתנהגותו. הן מצריכות בדרך-כלל את אישור המשתמש לפני התקנתן.</string>
	<string name="IDS_EPI_CFG_PUA_ENABLE">אפשר איתור אפליקציות העלולות להיות לא רצויות</string>
	<string name="IDS_EPI_CFG_PUA_DISABLE">בטל איתור אפליקציות העלולות להיות לא רצויות</string>

	<string name="IDS_EPI_CFG_CEIP_CAPTION">השתתף בתכנית לשיפור חוויית הלקוח</string>
	<string name="IDS_EPI_CFG_CEIP_TEXT">ברצוננו לאסוף מידע אנונימי על אופן השימוש במוצר זה. הנתונים שייאספו יסייעו לנו בשיפור החוויה שאנו מספקים לך ולעולם לא נשתף אותם עם גורמי צד שלישי.&lt;a type="command" href="gui.ceip.show" dir="rtl"&gt; איזה מידע אנו אוספים?&lt;/a&gt;</string>
	<string name="IDS_EPI_CFG_CEIP_YES">כן, ברצוני להשתתף בתכנית (מומלץ)</string>
	<string name="IDS_EPI_CFG_CEIP_NO">לא, אין ברצוני להשתתף בתכנית</string>

	<string name="IDS_EPI_CFG_EULA_CAPTION">הסכם רישיון למשתמש קצה</string>
	<string name="IDS_EPI_CFG_EULA_DESCRIPTION">בלחיצה על אחד מלחצני "המשך" להלן, אתה מסכים ל&lt;a {{IDS_LINK_SHOW_EULA}}&gt;הסכם הרישיון למשתמש הקצה&lt;/a&gt; ומאשר את &lt;a {{IDS_LINK_SHOW_PRIVACY_POLICY}}&gt;מדיניות הפרטיות&lt;/a&gt;.</string>
	<string name="IDS_EPI_CFG_EULA_MSGBOX_OK">אישור</string>
	<string name="IDS_EPI_CFG_EULA_MSGBOX_NOT_AGREE">אני לא מסכים</string>
	<string name="IDS_EPI_CFG_EULA_MSGBOX_SAVE">שמור</string>

	<string name="IDS_EPI_CFG_BUTTON_ADVANCED">שנה תיקיית התקנה</string>
	<string name="IDS_EPI_CFG_FOLDERS_INSTALL">תיקיית מוצר:</string>
	<string name="IDS_EPI_CFG_FOLDERS_DATA">תיקיית נתונים:</string>
	<string name="IDS_EPI_CFG_FOLDERS_MODULE">תיקיית מודולים:</string>
	<string name="IDS_EPI_CFG_FOLDERS_VALIDATOR_INVALID">נבחרה תיקיה לא חוקית.</string>

	<string name="IDS_EPI_CFG_ALREADY_CONFIGURED">תצורת הגדרות ההתקנה כבר נקבעה.</string>

	<string name="IDS_EPI_NONEMPTY_FOLDER_WARNING_TITLE">תיקיית ההתקנה חייבת להיות ריקה</string>
	<string name="IDS_EPI_NONEMPTY_FOLDER_WARNING_MESSAGE_SINGULAR">כדי להמשיך בהתקנה, התיקייה הקיימת תוסר:</string>
	<string name="IDS_EPI_NONEMPTY_FOLDER_WARNING_MESSAGE_PLURAL">כדי להמשיך בהתקנה, התיקיות הקיימות יוסרו:</string>
	<string name="IDS_EPI_NONEMPTY_FOLDER_QUESTION">&lt;b dir="rtl"&gt;האם אתה מסכים להסיר את התיקיות ולהמשיך בהתקנה?&lt;/b&gt;</string>

	<string name="IDS_EPI_DISKSPACE_TITLE">אין שטח דיסק פנוי</string>
	<string name="IDS_EPI_DISKSPACE_TEXT01">אין לך שטח פנוי בדיסק. לאמצעי האחסון המסומנים אין די מקום פנוי עבור ההתקנה. בדוק את שטח הדיסק הזמין ונסה שוב.</string>
	<string name="IDS_EPI_DISKSPACE_HEADER01">כונן</string>
	<string name="IDS_EPI_DISKSPACE_HEADER02">קיבולת</string>
	<string name="IDS_EPI_DISKSPACE_HEADER03">שטח פנוי</string>
	<string name="IDS_EPI_DISKSPACE_HEADER04">שטח נדרש</string>

	<string name="IDS_EPI_INSTALL_PACKAGE_SINGLE">מתקין...</string>
	<string name="IDS_EPI_INSTALL_PACKAGE_MULTI">מתקין את %1...</string>

	<string name="IDS_EPI_DONE_TITLE">ההתקנה בוצעה בהצלחה</string>
	<string name="IDS_EPI_DONE_TEXT01">${bts.package.[${bts.var.package.default}].name} הותקן בהצלחה במחשב שלך. המחשב שלך ייבדק באופן רציף לאיתור וירוסים ותוכנות זדוניות. &lt;br/&gt; &lt;br/&gt; תודה שבחרת ב-ESET! &lt;br/&gt; &lt;br/&gt; &lt;br/&gt; לחץ על &lt;i dir="rtl"&gt;סיום&lt;/i&gt; כדי להשלים את התקנת המוצר.</string>
	<string name="IDS_EPI_DONE_TEXT01_EPI">כל החבילות הותקנו בהצלחה במחשב שלך. &lt;br/&gt; &lt;br/&gt; לחץ על &lt;i dir="rtl"&gt;סיום&lt;/i&gt; כדי להשלים את התקנת המוצר.</string>
		<string name="IDS_EPI_DONE_PACKAGECACHE_CAPTION">הקבצים %1 ו-%2 צריכים להיות ממוקמים באותה תיקיה בעת ההפעלה.</string>
	<string name="IDS_EPI_DONE_PACKAGECACHE_DESCRIPTION">הקובץ %1 הורד ונשמר בתיקיה:&lt;br/&gt;</string>

	<string name="IDS_EPI_FAIL_FAILED_TITLE">ההתקנה נכשלה</string>
	<string name="IDS_EPI_FAIL_FINISH_TITLE">ההתקנה הסתיימה</string>
	<string name="IDS_EPI_FAIL_KNOWLEDGEBASE">חפש פתרון במאגר הידע של ESET.</string>
	<string name="IDS_EPI_FAIL_TROUBLESHOOT">הפעל את פותר הבעיות</string>
	<string name="IDS_EPI_FAIL_TS_LINK">צור קשר עם התמיכה הטכנית של ESET</string>
	<string name="IDS_EPI_FAIL_RESTART">הפעלה מחדש של המחשב</string>

	<string name="IDS_EPI_FAIL_TITLE_OS">גרסה מיושנת של Microsoft Windows</string>
	<string name="IDS_EPI_FAIL_TEXT_OS_OUTDATED">ESET Security לא תומך בגרסה המיושנת של Microsoft Windows שברשותך. לחץ על 'סגור' כדי לצאת מההתקנה.</string>
	<string name="IDS_EPI_FAIL_TEXT_OS_NOT_SUPPORTED">מוצר זה לא נתמך עוד בגרסה המיושנת של Microsoft Windows שברשותך. &lt;a {{IDS_LINK_PRODUCT_OPTIONS}}&gt;סקור את האפשרויות&lt;/a&gt;</string>
	<string name="IDS_EPI_FAIL_TEXT_OS_NOT_SUPPORTED_BUSINESS">מוצר זה לא נתמך עוד בגרסה המיושנת של Microsoft Windows שברשותך.</string>

	<string name="IDS_EPI_FAIL_TITLE_EULA_REJECTED">הסכם רישיון למשתמש קצה</string>
	<string name="IDS_EPI_FAIL_TEXT_EULA_REJECTED">הסכם הרישיון למשתמש קצה לא התקבל.</string>

	<string name="IDS_EPI_FAIL_TITLE_CONNECTION">שגיאת חיבור</string>
	<string name="IDS_EPI_FAIL_TEXT_CONNECTION">נראה שחיבור האינטרנט שלך לא פועל. לא ניתן להתקין את המוצר. &lt;a {{IDS_LINK_INTERNET_SETTINGS}}&gt;בדוק את חיבור האינטרנט שלך&lt;/a&gt; ונסה שוב לבצע את ההתקנה.&lt;br/&gt;&lt;br/&gt;האם אתה משתמש בשרת Proxy? שנה את הגדרות שרת ה-Proxy שלך ונסה שוב.</string>
	<string name="IDS_EPI_FAIL_TEXT_CONNECTION_EPI">נראה שחיבור האינטרנט שלך לא פועל. לא ניתן להתקין את החבילות. &lt;a {{IDS_LINK_INTERNET_SETTINGS}}&gt;בדוק את חיבור האינטרנט שלך&lt;/a&gt; ונסה שוב לבצע את ההתקנה.&lt;br/&gt;&lt;br/&gt;האם אתה משתמש בשרת Proxy? שנה את הגדרות שרת ה-Proxy שלך ונסה שוב.</string>

	<string name="IDS_EPI_FAIL_TITLE_DOWNLOAD_ERROR">שגיאת הורדה</string>
	<string name="IDS_EPI_FAIL_TEXT_DOWNLOAD_ERROR">אירעה שגיאה במהלך הורדת נתונים מהשרת. בדוק את החיבור לרשת ונסה שוב.&lt;br/&gt;&lt;br/&gt;אם אתה עדיין נתקל בבעיות, בקר באתר האינטרנט &lt;a {{IDS_LINK_OFFLINE_INSTALLER}}&gt;www.eset.com&lt;/a&gt; כדי להוריד מתקין לא מקוון.</string>
	<string name="IDS_EPI_FAIL_TEXT_DOWNLOAD_ERROR_EPI">אירעה שגיאה במהלך הורדת נתונים מהשרת. בדוק את החיבור לרשת ונסה שוב.</string>

	<string name="IDS_EPI_FAIL_TITLE_INVALID_SERVER_RESPONSE">תגובה לא חוקית</string>
	<string name="IDS_EPI_FAIL_TEXT_INVALID_SERVER_RESPONSE">קלט תגובה לא חוקי מהשרת.</string>

	<string name="IDS_EPI_FAIL_TITLE_INVALID_INSTALLER">מתקין לא חוקי</string>
	<string name="IDS_EPI_FAIL_TEXT_INVALID_INSTALLER">מתקין זה אינו חוקי עוד ויש להחליף אותו. הורד מתקין חדש כדי להתקין מוצר זה.</string>
	<string name="IDS_EPI_FAIL_TEXT_INVALID_INSTALLER_EPI">מתקין זה אינו חוקי עוד ויש להחליף אותו. צור מתקין חדש או פנה למנהל המערכת כדי להתקין מוצר זה.</string>

	<string name="IDS_EPI_FAIL_TITLE_VERSIONCHECK_NO_PACKAGES">לא נמצאה חבילה תואמת</string>
	<string name="IDS_EPI_FAIL_TEXT_VERSIONCHECK_NO_PACKAGES">אין חבילה תואמת זמינה בשרת. בקר באתר האינטרנט &lt;a {{IDS_LINK_OFFLINE_INSTALLER}}&gt;www.eset.com&lt;/a&gt; כדי להוריד מתקין לא מקוון.</string>
	<string name="IDS_EPI_FAIL_TEXT_VERSIONCHECK_NO_PACKAGES_EPI">מתקין זה אינו חוקי עוד ויש להחליף אותו. צור מתקין חדש או פנה למנהל המערכת כדי להתקין מוצר זה.</string>

	<string name="IDS_EPI_FAIL_TITLE_INCOMPATIBLE_OS">מערכת הפעלה לא תואמת</string>
	<string name="IDS_EPI_FAIL_TEXT_INCOMPATIBLE_OS">${bts.package.[0].name} אינו מיועד למערכת ההפעלה שלך. הורד והתקן מוצר מאתר האינטרנט &lt;a {{IDS_LINK_OFFLINE_INSTALLER}}&gt;www.eset.com&lt;/a&gt;.</string>
	<string name="IDS_EPI_FAIL_TEXT_INCOMPATIBLE_OS_EPI">${bts.package.[${bts.var.package.current}].name} אינו מיועד למערכות ההפעלה שלך.</string>

	<string name="IDS_EPI_FAIL_TITLE_INCOMPATIBLE_PACKAGE_X32">חבילה לא תואמת</string>
	<string name="IDS_EPI_FAIL_TEXT_INCOMPATIBLE_PACKAGE_X32">חבילת התקנה זו מיועדת למערכות הפעלה של 32 סיביות. השתמש בחבילת התקנה עבור מערכות הפעלה של 64 סיביות.</string>

	<string name="IDS_EPI_FAIL_TITLE_INCOMPATIBLE_PACKAGE_X64">חבילה לא תואמת</string>
	<string name="IDS_EPI_FAIL_TEXT_INCOMPATIBLE_PACKAGE_X64">חבילת התקנה זו מיועדת למערכות הפעלה של 64 סיביות. השתמש בחבילת התקנה עבור מערכות הפעלה של 32 סיביות.</string>

	<string name="IDS_EPI_FAIL_TITLE_INCOMPATIBLE_PRODUCT_INSTALLED">הותקן מוצר לא תואם</string>
	<string name="IDS_EPI_FAIL_TEXT_INCOMPATIBLE_PRODUCT_INSTALLED">מותר {PRODUCT} לא תואם מותקן כבר. הסר את ההתקנה שלו באופן ידני והפעל את ההתקנה שוב.</string>

	<string name="IDS_EPI_FAIL_TITLE_NEWER_VERSION_NOT_AVAILABLE">הגרסה העדכנית ביותר מותקנת כבר</string>
	<string name="IDS_EPI_FAIL_TEXT_NEWER_VERSION_NOT_AVAILABLE">הגרסה העדכנית ביותר של ${bts.package.[${bts.var.package.default}].name} מותקנת כבר במחשב זה.</string>

	<string name="IDS_EPI_FAIL_TITLE_REFERRAL">לא ניתן להתקין את המוצר</string>
	<string name="IDS_EPI_FAIL_TEXT_REFERRAL">לא ניתן להתקין את המוצר מפני שמוצר אחר של ESET מותקן כבר במכשיר זה.</string>
	<string name="IDS_EPI_FAIL_TEXT_REFERRAL_UPGRADE">הגרסה הקיימת של ESET לא עדכנית ולא מבטיחה לך עוד את ההגנה הטובה ביותר.&lt;br/&gt;&lt;b dir="rtl"&gt;שפר את הגנת האבטחה שלך על ידי שדרוג לגרסה החדשה ביותר ללא תשלום.&lt;/b&gt;</string>

	<string name="IDS_EPI_FAIL_TITLE_PACKAGE_NOT_FOUND">החבילה לא נמצאה</string>
	<string name="IDS_EPI_FAIL_TEXT_PACKAGE_NOT_FOUND">חבילת ההתקנה {PRODUCT} לא נמצאה.</string>

	<string name="IDS_EPI_FAIL_TITLE_PACKAGE_CORRUPTED">החבילה פגומה</string>
	<string name="IDS_EPI_FAIL_TEXT_PACKAGE_CORRUPTED">חבילת ההתקנה {PRODUCT} פגומה.</string>

	<string name="IDS_EPI_FAIL_TITLE_INSTALL_OUT_OF_SPACE">אין שטח דיסק פנוי</string>
	<string name="IDS_EPI_FAIL_TEXT_INSTALL_OUT_OF_SPACE">אין די שטח דיסק פנוי כדי להשלים את התקנת ${bts.package.[${bts.var.package.default}].name}.&lt;br/&gt;&lt;br/&gt;ודא שיש לך לפחות %u MB פנויים ונסה שוב.</string>
	<string name="IDS_EPI_FAIL_TEXT_INSTALL_OUT_OF_SPACE_EPI">אין די שטח דיסק פנוי כדי להשלים את ההתקנה של כל החבילות.&lt;br/&gt;&lt;br/&gt;ודא שיש לך לפחות %u MB פנויים ונסה שוב.</string>

	<string name="IDS_EPI_FAIL_TITLE_SETUP">ההתקנה לא הושלמה בהצלחה</string>
	<string name="IDS_EPI_FAIL_TEXT_SETUP">התקנת ${bts.package.[0].name} לא הושלמה בהצלחה. המערכת עלולה לא להיות מוגנת מפני איומי מחשב. כדי להתקין את ${bts.package.[0].name} במחשב שלך, הפעל שוב את ההתקנה.</string>
	<string name="IDS_EPI_FAIL_TEXT_SETUP_TROUBLESHOOT">אירעה בעיה בהתקנת מוצר ESET במכשיר. אנו ממליצים שתפעיל פותר בעיות. פותר הבעיות יפתור את הבעיה, אם ניתן.</string>
	<string name="IDS_EPI_FAIL_TEXT_SETUP_EPI">התקנת ${bts.package.[${bts.var.package.current}].name} לא הושלמה בהצלחה. המערכת עלולה לא להיות מוגנת מפני איומי מחשב. כדי להתקין את כל החבילות במחשב שלך, הפעל שוב את ההתקנה.</string>
	<string name="IDS_EPI_FAIL_TEXT_SETUP_ERROR_CODE">קוד שגיאה: %s</string>

	<string name="IDS_EPI_FAIL_TITLE_ABORT">ההתקנה הופסקה על-ידי המשתמש</string>
	<string name="IDS_EPI_FAIL_TEXT_ABORT">התקנת ${bts.package.[0].name} הופסקה על-ידי המשתמש. כדי להתקין את ${bts.package.[0].name} במחשב שלך, הפעל שוב את ההתקנה.</string>
	<string name="IDS_EPI_FAIL_TEXT_ABORT_EPI">ההתקנה הופסקה על-ידי המשתמש. כדי להתקין את כל החבילות במחשב שלך, הפעל שוב את ההתקנה.</string>

	<string name="IDS_EPI_FAIL_TITLE_INTERNAL_ERROR">שגיאה פנימית</string>
	<string name="IDS_EPI_FAIL_TEXT_INTERNAL_ERROR">אירעה שגיאה פנימית. נסה שוב כדי להתחיל בהתקנה.</string>

	<string name="IDS_EPI_TROUBLESHOOT_FINISH_TITLE">פותר הבעיות הסתיים</string>
	<string name="IDS_EPI_TROUBLESHOOT_SUCCESS_TITLE">פתרון הבעיות בוצע בהצלחה</string>
	<string name="IDS_EPI_TROUBLESHOOT_FAILED_TITLE">פתרון הבעיות לא הצליח</string>
	<string name="IDS_EPI_TROUBLESHOOT_TEXT">&lt;b dir="rtl"&gt;אנו ממליצים שתסגור חלון זה ותפעיל מחדש את המחשב. לאחר ההפעלה מחדש, הפעל שוב מתקין זה.&lt;/b&gt;</string>
	<string name="IDS_EPI_TROUBLESHOOT_REBOOT_TEXT">&lt;b dir="rtl"&gt;נדרש אתחול מחדש כדי לסיים את פתרון הבעיות. סגור חלון זה והפעל מחדש את המחשב. לאחר ההפעלה מחדש, הפעל שוב מתקין זה.&lt;/b&gt;</string>
	<string name="IDS_EPI_TROUBLESHOOT_CONTACT_TEXT">במקרה שהשגיאה נמשכת, פנה למנהל המערכת או &lt;a {{IDS_LINK_SUPPORT}}&gt;לתמיכה הטכנית של ESET.&lt;/a&gt;</string>

	<string name="IDS_EPI_CFG_SIMPLE_CAPTION">הגדרות הגנה והתקנה</string>
	<string name="IDS_EPI_CFG_RECOMMENDED_CAPTION">מומלץ</string>
	<string name="IDS_EPI_CFG_SIMPLE_PUA_CAPTION">אפשר איתור אפליקציות העלולות להיות לא רצויות</string>
	<string name="IDS_EPI_CFG_SIMPLE_CEIP_CAPTION">השתתף בתכנית לשיפור חוויית הלקוח &lt;br/&gt; &lt;a type="command" href="gui.ceip.show" dir="rtl"&gt; איזה מידע אנחנו אוספים?&lt;/a&gt;</string>
	<string name="IDS_EPI_CFG_SIMPLE_LGF_CAPTION">הפעל את מערכת המשוב של ESET LiveGrid®‎</string>
	<string name="IDS_EPI_CFG_SIMPLE_CEIP_TEXT">ברצוננו לאסוף מידע אנונימי על אופן השימוש במוצר זה. הנתונים שייאספו יסייעו לנו בשיפור החוויה שאנו מספקים לך ולעולם לא נשתף אותם עם גורמי צד שלישי.</string>
	<string name="IDS_EPI_CFG_SIMPLE_CONTINUE">המשך</string>
	<string name="IDS_EPI_CFG_SIMPLE_ALL_CONTINUE">אפשר הכל והמשך</string>

	<string name="IDS_EPI_BANNER_CAPTION1">מכין התקנה</string>
	<string name="IDS_EPI_BANNER_DESCRIPTION1">המתן בזמן שאנחנו מורידים את חבילת ההתקנה.</string>

	<string name="IDS_EPI_BANNER_CAPTION2">התקנה בתהליך</string>
	<string name="IDS_EPI_BANNER_DESCRIPTION2">כמעט סיימת! המתן עד שההתקנה תסתיים.</string>

	<string name="IDS_EPI_BANNER_CAPTION3">ביצועים ללא תחרות</string>
	<string name="IDS_EPI_BANNER_DESCRIPTION3">הטכנולוגיה הרב-שכבתית של ESET משתמשת במודיעין מ-100 מיליון חיישנים ברחבי העולם, כדי להבטיח שתקבלו את ההגנה המרבית, בשילוב עם דרישות נמוכות ממערכת ההפעלה.</string>

	<string name="IDS_EPI_BANNER_CAPTION4">תודה שבחרת ב-ESET!</string>
	<string name="IDS_EPI_BANNER_DESCRIPTION4">טכנולוגיית הזיהוי של ESET NOD32®‎ מחזיקה בשיא עולמי של זכיות רצופות במבחני VB100 לדירוג תוכנות אבטחה.</string>

	<string name="IDS_EPI_BANNER_CAPTION5">ניהול מרכזי ופשוט לפתרונות אבטחה</string>
	<string name="IDS_EPI_BANNER_DESCRIPTION5">לא משנה אם אתם משתמשים במסוף ניהול אבטחה מקומי או בענן; בכל מקרה תקבלו בקרה בחלונית יחידה שמעניקה לכם שליטה משופרת בכל אבטחת ESET בכל מקום ובכל זמן.</string>


</resources>
