﻿<?xml version="1.0" encoding="utf-8" ?>
<resources langname="한국어 (Korean)" lcid="0412">

	<string name="IDS_EPI_INSTALL_STEP">시작|사용권 계약|AV Remover|설치|마침</string>

	<string name="IDS_EPI_ACTION_INIT">초기화 중...</string>
	<string name="IDS_EPI_ACTION_EULA">EULA를 다운로드하는 중...</string>
	<string name="IDS_EPI_ACTION_DUMP">설치 패키지를 준비하는 중...</string>
	<string name="IDS_EPI_ACTION_CALC">사용 가능한 공간을 계산하는 중...</string>
	<string name="IDS_EPI_ACTION_DETECTAV">충돌할 수 있는 애플리케이션 확인 중...</string>
	<string name="IDS_EPI_ACTION_PACKAGECACHE">오프라인 패키지를 완료하는 중...</string>
	<string name="IDS_EPI_ACTION_CLEANUP_FOLDERS">폴더를 제거하는 중...</string>
	<string name="IDS_EPI_ACTION_TROUBLESHOOTING">문제 해결, 이 작업은 몇 분 정도 걸릴 수 있습니다...</string>

	<string name="IDS_EPI_HOME_TITLE_EAV">${bts.package.[0].name} 설치</string>
	<string name="IDS_EPI_HOME_TEXT_EAV">ESET으로 보호되는 컴퓨터를 이용하여 인터넷에 연결하고 작업하며 게임을 즐겨 보십시오.</string>
	<string name="IDS_EPI_HOME_TITLE_ESS">${bts.package.[0].name} 설치</string>
	<string name="IDS_EPI_HOME_TEXT_ESS">ESET으로 보호되는 컴퓨터를 이용하여 인터넷에 연결하고 작업하며 게임을 즐겨 보십시오.</string>
	<string name="IDS_EPI_HOME_TITLE_EIS">${bts.package.[0].name} 설치</string>
	<string name="IDS_EPI_HOME_TEXT_EIS">ESET으로 보호되는 컴퓨터를 이용하여 인터넷에 연결하고 작업하며 게임을 즐겨 보십시오.</string>
	<string name="IDS_EPI_HOME_TITLE_ESSP">${bts.package.[0].name} 설치</string>
	<string name="IDS_EPI_HOME_TEXT_ESSP">ESET으로 보호되는 컴퓨터를 이용하여 인터넷에 연결하고 작업하며 게임을 즐겨 보십시오.</string>
	<string name="IDS_EPI_HOME_TITLE_EHS">${bts.package.[0].name} 설치</string>
	<string name="IDS_EPI_HOME_TEXT_EHS">ESET으로 보호되는 컴퓨터를 이용하여 인터넷에 연결하고 작업하며 게임을 즐겨 보십시오.</string>
	<string name="IDS_EPI_HOME_TITLE_EEA">${bts.package.[0].name} 설치</string>
	<string name="IDS_EPI_HOME_SUBTITLE_EEA">비즈니스를 위한 고급 기준 보호</string>
	<string name="IDS_EPI_HOME_TEXT_EEA">수상 경력이 있는 ESET NOD32® 탐지 기술이 있는 ${bts.package.[0].name}은(는) 클라우드 기반 평판 시스템으로 향상된 경량의 고급 기준 보호를 제공합니다. 새롭게 디자인된 사용자에게 친숙한 ESET PROTECT 웹 콘솔로 모든 것을 쉽게 제어할 수 있습니다.</string>
	<string name="IDS_EPI_HOME_TITLE_EES">${bts.package.[0].name} 설치</string>
	<string name="IDS_EPI_HOME_SUBTITLE_EES">완전한 기능의 고급 보안 제품군</string>
	<string name="IDS_EPI_HOME_TEXT_EES">${bts.package.[0].name}은(는) 완전한 기능의 고급 보안 제품군으로 모든 유형의 맬웨어에 대해 종합적인 다중 계층 보호를 제공합니다. 그리고 낮은 시스템 요구 사항, 가상화 지원 및 모든 새로운 ESET PROTECT 웹 콘솔을 통한 관리를 제공합니다.</string>

	<string name="IDS_EPI_HOME_TITLE_MULTI">구성 요소 설치</string>
	<string name="IDS_EPI_INFO_TITLE_ERAA">이 컴퓨터는 ESET PROTECT에서 관리됩니다.</string>
	<string name="IDS_EPI_BUNDLE_TITLE">이 설치 관리자에 포함되는 구성 요소는 다음과 같습니다.</string>

	<string name="IDS_EPI_HOME_AVREMOVER_CHECK">호환되지 않는 보안 제품을 제거하겠습니다.</string>
	<string name="IDS_EPI_HOME_NEW_VERSION_TEXT">이 제품의 최신 버전을 온라인으로 사용할 수 있으며 포함된 버전 대신 자동으로 다운로드하여 설치할 수 있습니다.</string>
	<string name="IDS_EPI_HOME_NEW_VERSION_CHECKBOX">최신 버전 설치</string>

<string name="IDS_EPI_HOME_NEED_HELP">설치하는 데 도움이 필요하십니까?</string>
	<string name="IDS_EPI_HOME_OPEN_INSTRUCTIONS">설치 지침 열기</string>
	<string name="IDS_EPI_HOME_OPEN_GUIDE">사용자 설명서 열기</string>

	<string name="IDS_EPI_LOCK_PASSWORD_TITLE">ESET Security 설정은 패스워드로 보호됨</string>
	<string name="IDS_EPI_LOCK_PASSWORD_SUBTITLE">계속하려면 올바른 패스워드를 입력하십시오.</string>
	<string name="IDS_EPI_LOCK_PASSWORD_TEXT">패스워드</string>
	<string name="IDS_EPI_LOCK_PASSWORD_ERROR">패스워드가 잘못되었습니다. 제품 고급 설정에서&lt;br/&gt;패스워드를 복원할 수 있습니다.</string>

	<string name="IDS_EPI_EULA_SINGLE_TITLE">최종 사용자 라이선스 계약</string>
	<string name="IDS_EPI_EULA_SAVEAS_FILTER">텍스트(*.txt)|*.txt|HTML(*.html,*.htm)|*.html;*.htm||</string>
	<string name="IDS_EPI_EULA_BUTTON_ACCEPT">동의함</string>
	<string name="IDS_EPI_EULA_BUTTON_DECLINE">동의 안 함</string>
	<string name="IDS_EPI_EULA_DECLINE">최종 사용자 사용권 계약을 거부하면 설치 프로그램이 종료됩니다. 거부하시겠습니까?</string>

	<string name="IDS_EPI_DETECTAV_TITLE">검사 중</string>
	<string name="IDS_EPI_DETECTAV_TEXT01">다른 보안 제품이 발견됨</string>
	<string name="IDS_EPI_DETECTAV_TEXT02">동시에 두 개의 보안 솔루션을 실행하면 불안정해질 수 있습니다. 시스템에 있는 충돌하는 보안 소프트웨어를 제거하여 이 문제를 해결합니다.</string>
	<string name="IDS_EPI_DETECTAV_UNINSTALL">기타 안티바이러스 소프트웨어를 제거하는 방법</string>

	<string name="IDS_EPI_PACKAGECACHE_TITLE">구성 요소 미리 다운로드</string>
	<string name="IDS_EPI_PACKAGECACHE_TEXT">이 패키지 설치 관리자(라이브 설치 관리자)에 포함된 구성 요소를 미리 다운로드하여 인터넷 연결이 제한될 때 배포 프로세스 속도를 향상합니다.</string>
	<string name="IDS_EPI_PACKAGECACHE_HOW01">&lt;b&gt;다운로드 버튼을 클릭&lt;/b&gt;하면 %1이(가) 생성되어 컴퓨터에 다운로드 및 저장됩니다.</string>
	<string name="IDS_EPI_PACKAGECACHE_HOW02">&lt;b&gt;%1 및 %2을(를) 동일한 폴더에 복사합니다.&lt;/b&gt; 공유 네트워크 공간 또는 USB 드라이브를 사용할 수 있습니다.</string>
	<string name="IDS_EPI_PACKAGECACHE_HOW03">&lt;b&gt;컴퓨터의 공유 폴더 또는 USB 드라이브에서 %2을(를) 실행합니다.&lt;/b&gt; %2이(가) 구성 요소를 다시 다운로드하지 않고 미리 다운로드된 구성 요소를 사용합니다.</string>

	<string name="IDS_EPI_DOWNLOAD_PACKAGE_SINGLE">다운로드 중...</string>
	<string name="IDS_EPI_DOWNLOAD_PACKAGE_MULTI">%1 다운로드 중...</string>

	<string name="IDS_EPI_CFG_LGF_CAPTION_CONSUMER">제공되는 보호 수준은 다양합니다. 보호 수준을 최고로 설정하십시오.</string>
	<string name="IDS_EPI_CFG_LGF_TEXT_CONSUMER">ESET LiveGrid® 피드백 시스템은 감염이 의심되는 오브젝트에 대한 통계와 정보를 수집할 수 있으며, 이 정보를 자동으로 처리하여 당사 클라우드 시스템에서 진단 메커니즘을 생성합니다. 그럼 다음 이러한 메커니즘을 즉시 적용하여 고객에게 최고 수준의 보호 기능을 제공합니다.</string>
	<string name="IDS_EPI_CFG_LGF_CAPTION_BUSINESS">가장 뛰어난 보안을 제공하기 위해 도와주십시오.</string>
	<string name="IDS_EPI_CFG_LGF_TEXT_BUSINESS">ESET LiveGrid® 피드백 시스템은 1억 개가 넘는 센서로 전 세계에서 의심스러운 객체에 대한 정보를 수집할 수 있으며, 이 정보를 자동으로 처리하여 당사 클라우드 기반 평판 시스템에서 검색 메커니즘을 생성합니다. 그런 다음 이러한 메커니즘을 즉시 적용하여 고객에게 최고 수준의 보호 기능을 제공합니다.</string>
	<string name="IDS_EPI_CFG_LGF_ENABLE">ESET LiveGrid® 피드백 시스템 활성화(권장)</string>
	<string name="IDS_EPI_CFG_LGF_DISABLE">ESET LiveGrid® 피드백 시스템 비활성화</string>

	<string name="IDS_EPI_CFG_PUA_CAPTION">사용자가 원치 않는 애플리케이션 검색</string>
	<string name="IDS_EPI_CFG_PUA_TEXT">ESET에서는 &lt;a {{IDS_HELP_PUA_LINK}}&gt;사용자가 원치 않는&lt;/a&gt; 애플리케이션을 검색하여 설치 전 확인하도록 요청할 수 있습니다. 사용자가 원치 않는 애플리케이션이 보안 위험을 유발하지 않을 수도 있지만 컴퓨터의 성능와 속도, 안정성에 영향을 주거나 동작을 변경시킬 수 있습니다. 이러한 애플리케이션은 일반적으로 설치 전 사용자의 동의가 필요합니다.</string>
	<string name="IDS_EPI_CFG_PUA_ENABLE">사용자가 원치 않는 애플리케이션 검색 활성화</string>
	<string name="IDS_EPI_CFG_PUA_DISABLE">사용자가 원치 않는 애플리케이션 검색 비활성화</string>

	<string name="IDS_EPI_CFG_CEIP_CAPTION">사용자 환경 개선 프로그램에 참여</string>
	<string name="IDS_EPI_CFG_CEIP_TEXT">이 제품을 사용하는 방법에 대한 익명의 정보를 수집하고자 합니다. 수집된 정보는 사용자 환경을 개선하는 데 도움이 되며, 제3자와 공유하지 않습니다.&lt;a type="command" href="gui.ceip.show"&gt; 수집 정보?&lt;/a&gt;</string>
	<string name="IDS_EPI_CFG_CEIP_YES">예, 프로그램에 참여하겠습니다(권장).</string>
	<string name="IDS_EPI_CFG_CEIP_NO">아니요, 프로그램에 참여하지 않겠습니다.</string>

	<string name="IDS_EPI_CFG_EULA_CAPTION">최종 사용자 사용권 계약</string>
	<string name="IDS_EPI_CFG_EULA_DESCRIPTION">아래의 "계속" 버튼 중 하나를 클릭하면 &lt;a {{IDS_LINK_SHOW_EULA}}&gt;최종 사용자 사용권 계약&lt;/a&gt; 및 &lt;a {{IDS_LINK_SHOW_PRIVACY_POLICY}}&gt;개인 정보 보호 정책&lt;/a&gt;에 동의하는 것입니다.</string>
	<string name="IDS_EPI_CFG_EULA_MSGBOX_OK">확인</string>
	<string name="IDS_EPI_CFG_EULA_MSGBOX_NOT_AGREE">동의하지 않음</string>
	<string name="IDS_EPI_CFG_EULA_MSGBOX_SAVE">저장</string>

	<string name="IDS_EPI_CFG_BUTTON_ADVANCED">설치 폴더 변경</string>
	<string name="IDS_EPI_CFG_FOLDERS_INSTALL">제품 폴더:</string>
	<string name="IDS_EPI_CFG_FOLDERS_DATA">데이터 폴더:</string>
	<string name="IDS_EPI_CFG_FOLDERS_MODULE">모듈 폴더:</string>
	<string name="IDS_EPI_CFG_FOLDERS_VALIDATOR_INVALID">잘못된 폴더를 선택했습니다.</string>

	<string name="IDS_EPI_CFG_ALREADY_CONFIGURED">설치 설정이 이미 구성되었습니다.</string>

	<string name="IDS_EPI_NONEMPTY_FOLDER_WARNING_TITLE">설치 폴더가 비어 있어야 함</string>
	<string name="IDS_EPI_NONEMPTY_FOLDER_WARNING_MESSAGE_SINGULAR">계속 설치하기 위해 기존 폴더가 삭제됩니다.</string>
	<string name="IDS_EPI_NONEMPTY_FOLDER_WARNING_MESSAGE_PLURAL">계속 설치하기 위해 기존 폴더가 삭제됩니다.</string>
	<string name="IDS_EPI_NONEMPTY_FOLDER_QUESTION">&lt;b&gt;폴더를 삭제하고 계속 설치하는 데 동의하십니까?&lt;/b&gt;</string>

	<string name="IDS_EPI_DISKSPACE_TITLE">디스크 공간 부족</string>
	<string name="IDS_EPI_DISKSPACE_TEXT01">디스크 공간이 부족합니다. 강조 표시된 볼륨에 설치에 사용할 수 있는 공간이 부족합니다. 사용 가능한 디스크 공간을 확인하고 다시 시도하십시오.</string>
	<string name="IDS_EPI_DISKSPACE_HEADER01">드라이브</string>
	<string name="IDS_EPI_DISKSPACE_HEADER02">용량</string>
	<string name="IDS_EPI_DISKSPACE_HEADER03">사용 가능한 공간</string>
	<string name="IDS_EPI_DISKSPACE_HEADER04">필요한 공간</string>

	<string name="IDS_EPI_INSTALL_PACKAGE_SINGLE">설치 중...</string>
	<string name="IDS_EPI_INSTALL_PACKAGE_MULTI">%1 설치 중...</string>

	<string name="IDS_EPI_DONE_TITLE">설치 성공</string>
	<string name="IDS_EPI_DONE_TEXT01">${bts.package.[${bts.var.package.default}].name}이(가) 컴퓨터에 성공적으로 설치되었습니다. 컴퓨터에서 바이러스와 악성코드가 계속 확인됩니다. &lt;br/&gt; &lt;br/&gt; ESET를 선택해 주셔서 감사합니다! &lt;br/&gt; &lt;br/&gt; &lt;br/&gt; &lt;i&gt;완료&lt;/i&gt;를 클릭하여 제품 설치를 완료하십시오.</string>
	<string name="IDS_EPI_DONE_TEXT01_EPI">모든 패키지가 컴퓨터에 성공적으로 설치되었습니다. &lt;br/&gt; &lt;br/&gt; &lt;i&gt;완료&lt;/i&gt;를 클릭하여 제품 설치를 완료하십시오.</string>
		<string name="IDS_EPI_DONE_PACKAGECACHE_CAPTION">%1 및 %2은(는) 실행 시 동일한 폴더에 있어야 합니다.</string>
	<string name="IDS_EPI_DONE_PACKAGECACHE_DESCRIPTION">%1이(가) 폴더에 다운로드 및 저장되었습니다.&lt;br/&gt;</string>

	<string name="IDS_EPI_FAIL_FAILED_TITLE">설치에 실패했습니다</string>
	<string name="IDS_EPI_FAIL_FINISH_TITLE">설치가 완료됨</string>
	<string name="IDS_EPI_FAIL_KNOWLEDGEBASE">ESET 지식 베이스에서 해결 방법을 검색합니다.</string>
	<string name="IDS_EPI_FAIL_TROUBLESHOOT">문제 해결사 실행</string>
	<string name="IDS_EPI_FAIL_TS_LINK">ESET 기술 지원에 문의</string>
	<string name="IDS_EPI_FAIL_RESTART">컴퓨터 다시 시작</string>

	<string name="IDS_EPI_FAIL_TITLE_OS">오래된 버전의 Microsoft Windows</string>
	<string name="IDS_EPI_FAIL_TEXT_OS_OUTDATED">ESET Security는 오래된 버전의 Microsoft Windows를 지원하지 않습니다. 설치를 종료하려면 닫기를 클릭하십시오.</string>
	<string name="IDS_EPI_FAIL_TEXT_OS_NOT_SUPPORTED">이 제품은 더 이상 오래된 버전의 Microsoft Windows에서 지원되지 않습니다. &lt;a {{IDS_LINK_PRODUCT_OPTIONS}}&gt;옵션 참조&lt;/a&gt;</string>
	<string name="IDS_EPI_FAIL_TEXT_OS_NOT_SUPPORTED_BUSINESS">이 제품은 더 이상 오래된 버전의 Microsoft Windows에서 지원되지 않습니다.</string>

	<string name="IDS_EPI_FAIL_TITLE_EULA_REJECTED">최종 사용자 라이선스 계약</string>
	<string name="IDS_EPI_FAIL_TEXT_EULA_REJECTED">최종 사용자 사용권 계약이 수락되지 않았습니다.</string>

	<string name="IDS_EPI_FAIL_TITLE_CONNECTION">연결 오류</string>
	<string name="IDS_EPI_FAIL_TEXT_CONNECTION">인터넷 연결이 작동하지 않는 것 같습니다. 제품을 설치할 수 없습니다. &lt;a {{IDS_LINK_INTERNET_SETTINGS}}&gt;인터넷 연결을 확인&lt;/a&gt;한 후 설치를 다시 시도하십시오&lt;br/&gt;&lt;br/&gt;프록시 서버를 사용하고 있습니까? 프록시 서버 설정을 변경한 후 다시 시도하십시오.</string>
	<string name="IDS_EPI_FAIL_TEXT_CONNECTION_EPI">인터넷 연결이 작동하지 않는 것 같습니다. 패키지를 설치할 수 없습니다. &lt;a {{IDS_LINK_INTERNET_SETTINGS}}&gt;인터넷 연결을 확인&lt;/a&gt;한 후 설치를 다시 시도하십시오.&lt;br/&gt;&lt;br/&gt;프록시 서버를 사용하고 있습니까? 프록시 서버 설정을 변경한 후 다시 시도하십시오.</string>

	<string name="IDS_EPI_FAIL_TITLE_DOWNLOAD_ERROR">다운로드 오류</string>
	<string name="IDS_EPI_FAIL_TEXT_DOWNLOAD_ERROR">서버에서 데이터를 다운로드하는 동안 오류가 발생했습니다. 네트워크 연결을 확인하고 다시 시도하십시오.&lt;br/&gt;&lt;br/&gt;문제가 계속 발생하면 &lt;a {{IDS_LINK_OFFLINE_INSTALLER}}&gt;www.eset.com&lt;/a&gt;을 방문하여 오프라인 설치 관리자를 다운로드하십시오.</string>
	<string name="IDS_EPI_FAIL_TEXT_DOWNLOAD_ERROR_EPI">서버에서 데이터를 다운로드하는 동안 오류가 발생했습니다. 네트워크 연결을 확인하고 다시 시도하십시오.</string>

	<string name="IDS_EPI_FAIL_TITLE_INVALID_SERVER_RESPONSE">잘못된 응답</string>
	<string name="IDS_EPI_FAIL_TEXT_INVALID_SERVER_RESPONSE">서버에서 잘못된 응답이 수신되었습니다.</string>

	<string name="IDS_EPI_FAIL_TITLE_INVALID_INSTALLER">잘못된 설치 관리자</string>
	<string name="IDS_EPI_FAIL_TEXT_INVALID_INSTALLER">설치 관리자가 더 이상 유효하지 않으므로 교체해야 합니다. 새 설치 관리자를 다운로드하여 이 제품을 설치하십시오.</string>
	<string name="IDS_EPI_FAIL_TEXT_INVALID_INSTALLER_EPI">설치 관리자가 더 이상 유효하지 않으므로 교체해야 합니다. 새 설치 관리자를 생성하거나 관리자에게 문의하여 이 제품을 설치하십시오.</string>

	<string name="IDS_EPI_FAIL_TITLE_VERSIONCHECK_NO_PACKAGES">호환되는 패키지를 찾을 수 없음</string>
	<string name="IDS_EPI_FAIL_TEXT_VERSIONCHECK_NO_PACKAGES">서버에서 사용할 수 있는 호환되는 설치 패키지가 없습니다. &lt;a {{IDS_LINK_OFFLINE_INSTALLER}}&gt;www.eset.com&lt;/a&gt;을 방문하여 오프라인 설치 관리자를 다운로드하십시오.</string>
	<string name="IDS_EPI_FAIL_TEXT_VERSIONCHECK_NO_PACKAGES_EPI">설치 관리자가 더 이상 유효하지 않으므로 교체해야 합니다. 새 설치 관리자를 생성하거나 관리자에게 문의하여 이 제품을 설치하십시오.</string>

	<string name="IDS_EPI_FAIL_TITLE_INCOMPATIBLE_OS">호환되지 않는 운영 체제</string>
	<string name="IDS_EPI_FAIL_TEXT_INCOMPATIBLE_OS">${bts.package.[${bts.var.package.current}].name}은(는) 사용 중인 운영 체제용 제품이 아닙니다. &lt;a {{IDS_LINK_OFFLINE_INSTALLER}}&gt;www.eset.com&lt;/a&gt;에서 제품을 다운로드하여 설치하십시오.</string>
	<string name="IDS_EPI_FAIL_TEXT_INCOMPATIBLE_OS_EPI">${bts.package.[${bts.var.package.current}].name}은(는) 사용 중인 운영 체제용 제품이 아닙니다.</string>

	<string name="IDS_EPI_FAIL_TITLE_INCOMPATIBLE_PACKAGE_X32">호환되지 않는 패키지</string>
	<string name="IDS_EPI_FAIL_TEXT_INCOMPATIBLE_PACKAGE_X32">이 설치 패키지는 32비트 운영 체제용 제품입니다. 64비트 운영 체제용 설치 패키지를 사용하십시오.</string>

	<string name="IDS_EPI_FAIL_TITLE_INCOMPATIBLE_PACKAGE_X64">호환되지 않는 패키지</string>
	<string name="IDS_EPI_FAIL_TEXT_INCOMPATIBLE_PACKAGE_X64">이 설치 패키지는 64비트 운영 체제용 제품입니다. 32비트 운영 체제용 설치 패키지를 사용하십시오.</string>

	<string name="IDS_EPI_FAIL_TITLE_INCOMPATIBLE_PRODUCT_INSTALLED">호환되지 않는 제품이 설치됨</string>
	<string name="IDS_EPI_FAIL_TEXT_INCOMPATIBLE_PRODUCT_INSTALLED">호환되지 않는 {PRODUCT} 제품이 이미 설치되어 있습니다. 이 제품을 수동으로 제거하고 설치를 다시 시작하십시오.</string>

	<string name="IDS_EPI_FAIL_TITLE_NEWER_VERSION_NOT_AVAILABLE">최신 버전이 이미 설치됨</string>
	<string name="IDS_EPI_FAIL_TEXT_NEWER_VERSION_NOT_AVAILABLE">최신 버전의 ${bts.package.[${bts.var.package.default}].name}이(가) 이 컴퓨터에 이미 설치되어 있습니다.</string>

	<string name="IDS_EPI_FAIL_TITLE_REFERRAL">제품을 설치할 수 없습니다</string>
	<string name="IDS_EPI_FAIL_TEXT_REFERRAL">이 장치에 이미 다른 ESET 제품이 설치되어 있으므로 제품을 설치할 수 없습니다.</string>
	<string name="IDS_EPI_FAIL_TEXT_REFERRAL_UPGRADE">기존 ESET 버전은 오래된 버전이며 더 이상 최상의 보호를 보장하지 않습니다.&lt;br/&gt;&lt;b&gt;무료로 최신 버전으로 업그레이드하여 보안 보호 기능을 향상하십시오.&lt;/b&gt;</string>

	<string name="IDS_EPI_FAIL_TITLE_PACKAGE_NOT_FOUND">패키지 없음</string>
	<string name="IDS_EPI_FAIL_TEXT_PACKAGE_NOT_FOUND">{PRODUCT} 설치 패키지가 없습니다.</string>

	<string name="IDS_EPI_FAIL_TITLE_PACKAGE_CORRUPTED">패키지가 손상됨</string>
	<string name="IDS_EPI_FAIL_TEXT_PACKAGE_CORRUPTED">{PRODUCT} 설치 패키지가 손상되었습니다.</string>

	<string name="IDS_EPI_FAIL_TITLE_INSTALL_OUT_OF_SPACE">디스크 공간 부족</string>
	<string name="IDS_EPI_FAIL_TEXT_INSTALL_OUT_OF_SPACE">${bts.package.[${bts.var.package.default}].name}의 설치를 완료하기 위한 디스크 공간이 부족합니다.&lt;br/&gt;&lt;br/&gt;%u MB 이상의 여유 공간이 있는지 확인하고 다시 시도하십시오.</string>
	<string name="IDS_EPI_FAIL_TEXT_INSTALL_OUT_OF_SPACE_EPI">모든 패키지의 설치를 완료하기 위한 디스크 공간이 부족합니다.&lt;br/&gt;&lt;br/&gt;%u MB 이상의 여유 공간이 있는지 확인하고 다시 시도하십시오.</string>

	<string name="IDS_EPI_FAIL_TITLE_SETUP">설치가 완료되지 않음</string>
	<string name="IDS_EPI_FAIL_TEXT_SETUP">${bts.package.[${bts.var.package.current}].name}의 설치가 완료되지 않았습니다. 시스템이 컴퓨터 위협으로부터 보호되지 않을 수 있습니다. 컴퓨터에 ${bts.package.[${bts.var.package.current}].name}을(를) 설치하려면 설치를 다시 실행하십시오.</string>
	<string name="IDS_EPI_FAIL_TEXT_SETUP_TROUBLESHOOT">장치에 ESET 제품을 설치하는 데 문제가 있었습니다. 문제 해결사를 실행하는 것이 좋습니다. 가능하면 문제 해결사에서 문제를 해결합니다.</string>
	<string name="IDS_EPI_FAIL_TEXT_SETUP_EPI">${bts.package.[${bts.var.package.current}].name}의 설치가 완료되지 않았습니다. 시스템이 컴퓨터 위협으로부터 보호되지 않을 수 있습니다. 컴퓨터에 모든 패키지를 설치하려면 설치를 다시 실행하십시오.</string>
	<string name="IDS_EPI_FAIL_TEXT_SETUP_ERROR_CODE">오류 코드: %s</string>

	<string name="IDS_EPI_FAIL_TITLE_ABORT">사용자가 설치를 중단함</string>
	<string name="IDS_EPI_FAIL_TEXT_ABORT">사용자가 ${bts.package.[${bts.var.package.default}].name}의 설치를 중단했습니다. 컴퓨터에 ${bts.package.[${bts.var.package.default}].name}을(를) 설치하려면 다시 설치를 실행하십시오.</string>
	<string name="IDS_EPI_FAIL_TEXT_ABORT_EPI">사용자가 설치를 중단했습니다. 컴퓨터에 모든 패키지를 설치하려면 설치를 다시 실행하십시오.</string>

	<string name="IDS_EPI_FAIL_TITLE_INTERNAL_ERROR">내부 오류</string>
	<string name="IDS_EPI_FAIL_TEXT_INTERNAL_ERROR">내부 오류가 발생했습니다. 설치를 다시 시작해 보십시오.</string>

	<string name="IDS_EPI_TROUBLESHOOT_FINISH_TITLE">문제 해결사 완료</string>
	<string name="IDS_EPI_TROUBLESHOOT_SUCCESS_TITLE">문제 해결에 성공했습니다.</string>
	<string name="IDS_EPI_TROUBLESHOOT_FAILED_TITLE">문제 해결에 성공하지 못했습니다.</string>
	<string name="IDS_EPI_TROUBLESHOOT_TEXT">&lt;b&gt;이 창을 닫고 컴퓨터를 다시 시작하는 것이 좋습니다. 다시 시작한 후에 이 설치 프로그램을 다시 실행하십시오.&lt;/b&gt;</string>
	<string name="IDS_EPI_TROUBLESHOOT_REBOOT_TEXT">&lt;b&gt;문제 해결을 완료하려면 재부팅해야 합니다. 이 창을 닫고 컴퓨터를 다시 시작하십시오. 다시 시작한 후에 이 설치 프로그램을 다시 실행하십시오.&lt;/b&gt;</string>
	<string name="IDS_EPI_TROUBLESHOOT_CONTACT_TEXT">오류가 지속되는 경우 시스템 관리자 또는 &lt;a {{IDS_LINK_SUPPORT}}&gt;ESET 기술 지원에 문의하십시오.&lt;/a&gt;</string>

	<string name="IDS_EPI_CFG_SIMPLE_CAPTION">보호 및 설치 설정</string>
	<string name="IDS_EPI_CFG_RECOMMENDED_CAPTION">권장됨</string>
	<string name="IDS_EPI_CFG_SIMPLE_PUA_CAPTION">사용자가 원치 않는 애플리케이션 검색 활성화</string>
	<string name="IDS_EPI_CFG_SIMPLE_CEIP_CAPTION">사용자 환경 개선 프로그램에 참여 &lt;br/&gt; &lt;a type="command" href="gui.ceip.show"&gt; ESET이 수집하는 정보는 무엇입니까?&lt;/a&gt;</string>
	<string name="IDS_EPI_CFG_SIMPLE_LGF_CAPTION">ESET LiveGrid® 피드백 시스템 활성화</string>
	<string name="IDS_EPI_CFG_SIMPLE_CEIP_TEXT">이 제품을 사용하는 방법에 대한 익명의 정보를 수집하고자 합니다. 수집된 정보는 사용자 환경을 개선하는 데 도움이 되며, 제3자와 공유하지 않습니다.</string>
	<string name="IDS_EPI_CFG_SIMPLE_CONTINUE">계속</string>
	<string name="IDS_EPI_CFG_SIMPLE_ALL_CONTINUE">모두 허용 후 계속</string>

	<string name="IDS_EPI_BANNER_CAPTION1">설치를 준비하는 중</string>
	<string name="IDS_EPI_BANNER_DESCRIPTION1">설치 패키지를 다운로드하는 동안 기다려 주십시오.</string>

	<string name="IDS_EPI_BANNER_CAPTION2">설치 진행 중</string>
	<string name="IDS_EPI_BANNER_DESCRIPTION2">거의 끝났습니다! 설치가 완료되는 동안 기다려 주십시오.</string>

	<string name="IDS_EPI_BANNER_CAPTION3">비교할 수 없는 성능</string>
	<string name="IDS_EPI_BANNER_DESCRIPTION3">ESET의 다계층 기술은, 최소한의 시스템 요구 사항으로 최대 수준의 보호를 보장하기 위해 전 세계 1억 이상의 센서로부터 얻은 지식과 경험을 이용합니다.</string>

	<string name="IDS_EPI_BANNER_CAPTION4">ESET를 선택해 주셔서 감사합니다!</string>
	<string name="IDS_EPI_BANNER_DESCRIPTION4">ESET NOD32® 기술은 VB100 인증 획득의 연속성과 누적 횟수에서 세계 기록을 보유하고 있습니다.</string>

	<string name="IDS_EPI_BANNER_CAPTION5">IT 보안의 손쉬운 중앙 집중식 관리</string>
	<string name="IDS_EPI_BANNER_DESCRIPTION5">클라우드 또는 온-프레미스 보안 관리 콘솔을 사용하는 경우에도 시간, 장소에 구애받지 않고 모든 ESET 보안에 대한 향상된 명령을 제공하는 단일 창 컨트롤러가 제공됩니다.</string>


</resources>
