﻿<?xml version="1.0" encoding="utf-8" ?>
<resources langname="Lietuviškai" lcid="0427">

	<string name="IDS_EPI_INSTALL_STEP">Sveiki|Licencijos sutartis|AV Remover|Diegimas|Baigti</string>

	<string name="IDS_EPI_ACTION_INIT">Inicijuojama...</string>
	<string name="IDS_EPI_ACTION_EULA">Atsisiunčiamos GVLS...</string>
	<string name="IDS_EPI_ACTION_DUMP">Ruošiamas diegimo paketas...</string>
	<string name="IDS_EPI_ACTION_CALC">Skaičiuojama pasiekiama vieta...</string>
	<string name="IDS_EPI_ACTION_DETECTAV">Ieškoma galimų konfliktinių programų...</string>
	<string name="IDS_EPI_ACTION_PACKAGECACHE">Baigiamas autonominis paketas ...</string>
	<string name="IDS_EPI_ACTION_CLEANUP_FOLDERS">Naikinami aplankai...</string>
	<string name="IDS_EPI_ACTION_TROUBLESHOOTING">Vykdoma trikčių diagnostika. Tai gali šiek tiek užtrukti...</string>

	<string name="IDS_EPI_HOME_TITLE_EAV">Diegti ${bts.package.[0].name}</string>
	<string name="IDS_EPI_HOME_TEXT_EAV">Dirbdami, žaisdami ir naršydami internete mėgaukitės savo kompiuterio veikimu, apsaugotu ESET.</string>
	<string name="IDS_EPI_HOME_TITLE_ESS">Diegti ${bts.package.[0].name}</string>
	<string name="IDS_EPI_HOME_TEXT_ESS">Dirbdami, žaisdami ir naršydami internete mėgaukitės savo kompiuterio veikimu, apsaugotu ESET.</string>
	<string name="IDS_EPI_HOME_TITLE_EIS">Diegti ${bts.package.[0].name}</string>
	<string name="IDS_EPI_HOME_TEXT_EIS">Dirbdami, žaisdami ir naršydami internete mėgaukitės savo kompiuterio veikimu, apsaugotu ESET.</string>
	<string name="IDS_EPI_HOME_TITLE_ESSP">Diegti ${bts.package.[0].name}</string>
	<string name="IDS_EPI_HOME_TEXT_ESSP">Dirbdami, žaisdami ir naršydami internete mėgaukitės savo kompiuterio veikimu, apsaugotu ESET.</string>
	<string name="IDS_EPI_HOME_TITLE_EHS">Diegti ${bts.package.[0].name}</string>
	<string name="IDS_EPI_HOME_TEXT_EHS">Dirbdami, žaisdami ir naršydami internete mėgaukitės savo kompiuterio veikimu, apsaugotu ESET.</string>
	<string name="IDS_EPI_HOME_TITLE_EEA">Diegti ${bts.package.[0].name}</string>
	<string name="IDS_EPI_HOME_SUBTITLE_EEA">Moderni bazinė apsauga jūsų verslui</string>
	<string name="IDS_EPI_HOME_TEXT_EEA">${bts.package.[0].name} su apdovanojimų pelniusia ESET NOD32® aptikimo technologija suteikia jūsų verslui paprastą, modernią bazinę apsaugą, kurią papildo debesų pagrindu veikianti reputacijos sistema. Viską galite lengvai valdyti visiškai naujo dizaino, patogiu naudoti „ESET PROTECT“ saityno valdymo pultu.</string>
	<string name="IDS_EPI_HOME_TITLE_EES">Diegti ${bts.package.[0].name}</string>
	<string name="IDS_EPI_HOME_SUBTITLE_EES">Funkcionalus, modernus apsaugos programų paketas</string>
	<string name="IDS_EPI_HOME_TEXT_EES">${bts.package.[0].name} yra funkcionalus, modernus apsaugos programų paketas, suteikiantis visapusišką, daugiasluoksnę apsaugą nuo visų tipų kenkėjiškų programų. Mėgaukitės maža sistemos apkrova, virtualizacijos palaikymu ir kontrole su visiškai nauja „ESET PROTECT“ internetine valdymo konsole.</string>

	<string name="IDS_EPI_HOME_TITLE_MULTI">Įdiegti komponentus</string>
	<string name="IDS_EPI_INFO_TITLE_ERAA">Šis kompiuteris bus valdomas naudojant „ESET PROTECT“</string>
	<string name="IDS_EPI_BUNDLE_TITLE">Šioje diegimo programoje yra toliau nurodyti komponentai</string>

	<string name="IDS_EPI_HOME_AVREMOVER_CHECK">Noriu pašalinti nesuderinamus saugos produktus</string>
	<string name="IDS_EPI_HOME_NEW_VERSION_TEXT">Išleista naujesnė šio produkto versija, kurią galima automatiškai atsisiųsti ir įdiegti vietoj pridėtosios.</string>
	<string name="IDS_EPI_HOME_NEW_VERSION_CHECKBOX">Diegti naujesnę versiją</string>

<string name="IDS_EPI_HOME_NEED_HELP">Reikia pagalbos diegiant?</string>
	<string name="IDS_EPI_HOME_OPEN_INSTRUCTIONS">Atidaryti diegimo instrukcijas</string>
	<string name="IDS_EPI_HOME_OPEN_GUIDE">Atidaryti naudotojo vadovą</string>

	<string name="IDS_EPI_LOCK_PASSWORD_TITLE">„ESET Security“ nustatymai apsaugoti slaptažodžiu</string>
	<string name="IDS_EPI_LOCK_PASSWORD_SUBTITLE">Įveskite galiojantį slaptažodį, kad galėtumėte tęsti.</string>
	<string name="IDS_EPI_LOCK_PASSWORD_TEXT">Slaptažodis</string>
	<string name="IDS_EPI_LOCK_PASSWORD_ERROR">Neteisingas slaptažodis. Galite atkurti slaptažodį&lt;br/&gt;produkto išplėstiniame nustatyme.</string>

	<string name="IDS_EPI_EULA_SINGLE_TITLE">Galutinio vartotojo licencijos sutartis</string>
	<string name="IDS_EPI_EULA_SAVEAS_FILTER">Tekstas (*.txt)|*.txt|HTML (*.html,*.htm)|*.html;*.htm||</string>
	<string name="IDS_EPI_EULA_BUTTON_ACCEPT">Sutinku</string>
	<string name="IDS_EPI_EULA_BUTTON_DECLINE">Nesutinku</string>
	<string name="IDS_EPI_EULA_DECLINE">Nesutikus su Galutinio Naudotojo licencijos sutartimi, diegimo programa bus uždaryta. Ar tikrai norite tai padaryti?</string>

	<string name="IDS_EPI_DETECTAV_TITLE">Nuskaitoma</string>
	<string name="IDS_EPI_DETECTAV_TEXT01">Aptikta kitų saugumo produktų</string>
	<string name="IDS_EPI_DETECTAV_TEXT02">Vykdant du apsaugos sprendimus vienu metu, galimas nestabilumas. Išspręskite šią problemą pašalindami sistemoje esančią nesuderinamą saugos programinę įrangą.</string>
	<string name="IDS_EPI_DETECTAV_UNINSTALL">Kaip išdiegti kitas antivirusines programas</string>

	<string name="IDS_EPI_PACKAGECACHE_TITLE">Iš anksto atsisiųsti komponentus</string>
	<string name="IDS_EPI_PACKAGECACHE_TEXT">Iš anksto atsisiųskite komponentus, įtrauktus į šį „Package Installer“ („Live Installer“), kad paspartintumėte diegimo procesą, kai turite ribotą interneto ryšį.</string>
	<string name="IDS_EPI_PACKAGECACHE_HOW01">&lt;b&gt;Spustelėkite atsisiuntimo mygtuką&lt;/b&gt; ir %1 bus sukurta, atsisiųsta bei išsaugota jūsų kompiuteryje.</string>
	<string name="IDS_EPI_PACKAGECACHE_HOW02">&lt;b&gt;Nukopijuokite %1 ir %2 į tą patį aplanką.&lt;/b&gt; Galite naudoti bendrą tinklo vietą arba USB įrenginį.</string>
	<string name="IDS_EPI_PACKAGECACHE_HOW03">&lt;b&gt;Vykdykite %2 bet kuriame kompiuteryje iš bendrinamo aplanko arba USB įrenginio.&lt;/b&gt; %2 naudos jau iš anksto atsisiųstus komponentus ir nesiųs jų pakartotinai.</string>

	<string name="IDS_EPI_DOWNLOAD_PACKAGE_SINGLE">Atsisiunčiama...</string>
	<string name="IDS_EPI_DOWNLOAD_PACKAGE_MULTI">Atsisiunčiama %1 ...</string>

	<string name="IDS_EPI_CFG_LGF_CAPTION_CONSUMER">Svarbiausia – rezultatai. Išnaudokite visas apsaugos galimybes.</string>
	<string name="IDS_EPI_CFG_LGF_TEXT_CONSUMER">Grįžtamojo ryšio sistema „ESET LiveGrid“® leidžia mums rinkti informaciją apie įtartinus objektus, kuriuos mes apdorojame automatiškai, kad savo debesijos sistemoje sukurtume aptikimo mechanizmus. Siekiame, kad mūsų klientų apsaugos lygis būtų maksimalus, todėl nedelsdami juos pritaikome.</string>
	<string name="IDS_EPI_CFG_LGF_CAPTION_BUSINESS">Padėkite mums suteikti jums pačią geriausią apsaugą.</string>
	<string name="IDS_EPI_CFG_LGF_TEXT_BUSINESS">Daugiau nei 110 mln. jutiklių visame pasaulyje grįžtamojo ryšio sistemai „ESET LiveGrid®“ leidžia kaupti statistiką ir informaciją apie įtartinus objektus, kuriuos automatiškai apdorojame, kad debesų pagrindu veikiančioje reputacijos sistemoje sukurtume aptikimo mechanizmus. Siekiame užtikrinti maksimalaus lygio apsaugą, todėl nedelsdami juos pritaikome.</string>
	<string name="IDS_EPI_CFG_LGF_ENABLE">Įjungti grįžtamojo ryšio sistemą „ESET LiveGrid®“ (rekomenduojama)</string>
	<string name="IDS_EPI_CFG_LGF_DISABLE">Išjungti grįžtamojo ryšio sistemą „ESET LiveGrid®“</string>

	<string name="IDS_EPI_CFG_PUA_CAPTION">Galimų nepageidaujamų programų aptikimas</string>
	<string name="IDS_EPI_CFG_PUA_TEXT">ESET gali aptikti &lt;a {{IDS_HELP_PUA_LINK}}&gt;galimas nepageidaujamas programas&lt;/a&gt; ir prašyti patvirtinimo prieš jas diegiant. Galimos nepageidaujamos programos gali nekelti saugumo pavojaus, tačiau gali paveikti kompiuterio našumą, spartą ir patikimumą arba sukelti elgsenos pokyčių. Prieš jas diegiant paprastai reikia naudotojo sutikimo.</string>
	<string name="IDS_EPI_CFG_PUA_ENABLE">Įjungti galimų nepageidaujamų programų aptikimą</string>
	<string name="IDS_EPI_CFG_PUA_DISABLE">Išjungti galimų nepageidaujamų programų aptikimą</string>

	<string name="IDS_EPI_CFG_CEIP_CAPTION">Dalyvaukite tobulinimo pagal naudotojų patirtį programoje</string>
	<string name="IDS_EPI_CFG_CEIP_TEXT">Mes norėtume rinkti anoniminę informaciją, kaip naudojamas šis produktas. Surinkti duomenys mums padės tobulinti jūsų patirtį, bet duomenimis nebus dalijamasi su trečiosiomis šalimis.&lt;a type="command" href="gui.ceip.show"&gt; Kokią informaciją renkame?&lt;/a&gt;</string>
	<string name="IDS_EPI_CFG_CEIP_YES">Taip, noriu dalyvauti programoje (rekomenduojama)</string>
	<string name="IDS_EPI_CFG_CEIP_NO">Ne, nenoriu dalyvauti programoje</string>

	<string name="IDS_EPI_CFG_EULA_CAPTION">Galutinio vartotojo licencijos sutartis</string>
	<string name="IDS_EPI_CFG_EULA_DESCRIPTION">Spustelėję bet kurį iš žemiau esančių mygtukų „Tęsti“, sutinkate su &lt;a {{IDS_LINK_SHOW_EULA}}&gt;galutinio naudotojo licencijos sutartimi&lt;/a&gt; ir patvirtinate &lt;a {{IDS_LINK_SHOW_PRIVACY_POLICY}}&gt;privatumo politiką.&lt;/a&gt;</string>
	<string name="IDS_EPI_CFG_EULA_MSGBOX_OK">Gerai</string>
	<string name="IDS_EPI_CFG_EULA_MSGBOX_NOT_AGREE">Nesutinku</string>
	<string name="IDS_EPI_CFG_EULA_MSGBOX_SAVE">Įrašyti</string>

	<string name="IDS_EPI_CFG_BUTTON_ADVANCED">Keisti diegimo aplanką</string>
	<string name="IDS_EPI_CFG_FOLDERS_INSTALL">Produkto aplankas:</string>
	<string name="IDS_EPI_CFG_FOLDERS_DATA">Duomenų aplankas:</string>
	<string name="IDS_EPI_CFG_FOLDERS_MODULE">Modulio aplankas:</string>
	<string name="IDS_EPI_CFG_FOLDERS_VALIDATOR_INVALID">Parinktas negaliojantis aplankas.</string>

	<string name="IDS_EPI_CFG_ALREADY_CONFIGURED">Diegimo nustatymai jau sukonfigūruoti.</string>

	<string name="IDS_EPI_NONEMPTY_FOLDER_WARNING_TITLE">Diegimo aplankas turi būti tuščias</string>
	<string name="IDS_EPI_NONEMPTY_FOLDER_WARNING_MESSAGE_SINGULAR">Kad galėtumėte diegti toliau, esamas aplankas bus pašalintas:</string>
	<string name="IDS_EPI_NONEMPTY_FOLDER_WARNING_MESSAGE_PLURAL">Kad galėtumėte diegti toliau, esami aplankai bus pašalinti:</string>
	<string name="IDS_EPI_NONEMPTY_FOLDER_QUESTION">&lt;b&gt;Ar sutinkate pašalinti aplankus ir tęsti diegimą?&lt;/b&gt;</string>

	<string name="IDS_EPI_DISKSPACE_TITLE">Diske nebėra vietos</string>
	<string name="IDS_EPI_DISKSPACE_TEXT01">Diske nepakanka vietos. Pažymėtuose tomuose nepakanka vietos, kad būtų galima diegti. Patikrinkite, ar diske yra laisvos vietos, ir bandykite dar kartą.</string>
	<string name="IDS_EPI_DISKSPACE_HEADER01">Diskas</string>
	<string name="IDS_EPI_DISKSPACE_HEADER02">Talpa</string>
	<string name="IDS_EPI_DISKSPACE_HEADER03">Laisvos vietos</string>
	<string name="IDS_EPI_DISKSPACE_HEADER04">Reikia vietos</string>

	<string name="IDS_EPI_INSTALL_PACKAGE_SINGLE">Diegiama...</string>
	<string name="IDS_EPI_INSTALL_PACKAGE_MULTI">Diegiama %1 ...</string>

	<string name="IDS_EPI_DONE_TITLE">Įdiegta sėkmingai</string>
	<string name="IDS_EPI_DONE_TEXT01">${bts.package.[${bts.var.package.default}].name} sėkmingai įdiegta jūsų kompiuteryje. Dabar kompiuteryje bus nuolat ieškoma virusų ir kenkėjiškos programinės įrangos. &lt;br/&gt; &lt;br/&gt; Dėkojame, kad pasirinkote ESET! &lt;br/&gt; &lt;br/&gt; &lt;br/&gt; Spustelėkite &lt;i&gt;Atlikta&lt;/i&gt;, kad užbaigtumėte produkto diegimą.</string>
	<string name="IDS_EPI_DONE_TEXT01_EPI">Visi paketai buvo sėkmingai įdiegti jūsų kompiuteryje. &lt;br/&gt; &lt;br/&gt; Spustelėkite &lt;i&gt;Atlikta&lt;/i&gt;, kad užbaigtumėte produkto konfigūravimą.</string>
		<string name="IDS_EPI_DONE_PACKAGECACHE_CAPTION">Įvykdžius %1 ir %2 turi būti tame pačiame aplanke.</string>
	<string name="IDS_EPI_DONE_PACKAGECACHE_DESCRIPTION">%1 buvo atsisiųsta ir išsaugota aplanke:&lt;br/&gt;</string>

	<string name="IDS_EPI_FAIL_FAILED_TITLE">Įdiegti nepavyko</string>
	<string name="IDS_EPI_FAIL_FINISH_TITLE">Diegimas baigtas</string>
	<string name="IDS_EPI_FAIL_KNOWLEDGEBASE">Ieškoti sprendimo ESET žinių bazėje.</string>
	<string name="IDS_EPI_FAIL_TROUBLESHOOT">Paleisti trikčių diagnostikos priemonę</string>
	<string name="IDS_EPI_FAIL_TS_LINK">Susisiekti su ESET techninės pagalbos tarnyba</string>
	<string name="IDS_EPI_FAIL_RESTART">Paleisti kompiuterį iš naujo</string>

	<string name="IDS_EPI_FAIL_TITLE_OS">Pasenusi „Microsoft Windows“ versija</string>
	<string name="IDS_EPI_FAIL_TEXT_OS_OUTDATED">„ESET Security“ nepalaiko pasenusios „Microsoft Windows“ versijos. Spustelėkite Uždaryti, kad išeitumėte iš diegimo.</string>
	<string name="IDS_EPI_FAIL_TEXT_OS_NOT_SUPPORTED">Šis produktas nebėra palaikomas jūsų pasenusioje „Microsoft Windows“ versijoje &lt;a {{IDS_LINK_PRODUCT_OPTIONS}}&gt;Žr. galimus pasirinkimus&lt;/a&gt;</string>
	<string name="IDS_EPI_FAIL_TEXT_OS_NOT_SUPPORTED_BUSINESS">Šis produktas nebėra palaikomas jūsų pasenusioje „Microsoft Windows“ versijoje.</string>

	<string name="IDS_EPI_FAIL_TITLE_EULA_REJECTED">Galutinio vartotojo licencijos sutartis</string>
	<string name="IDS_EPI_FAIL_TEXT_EULA_REJECTED">Nebuvo sutikta su Galutinio Naudotojo licencijos sutartimi.</string>

	<string name="IDS_EPI_FAIL_TITLE_CONNECTION">Ryšio klaida</string>
	<string name="IDS_EPI_FAIL_TEXT_CONNECTION">Jūsų interneto ryšys neveikia. Produkto įdiegti negalima. &lt;a {{IDS_LINK_INTERNET_SETTINGS}}&gt;Patikrinkite interneto ryšį &lt;/a&gt; ir vėl įdiekite.&lt;br/&gt;&lt;br/&gt;Ar naudojate tarpinį serverį? Paleiskite tarpinio serverio nuostatas ir vėl bandykite.</string>
	<string name="IDS_EPI_FAIL_TEXT_CONNECTION_EPI">Jūsų interneto ryšys neveikia. Paketų įdiegti negalima. &lt;a {{IDS_LINK_INTERNET_SETTINGS}}&gt;Patikrinkite interneto ryšį&lt;/a&gt; ir vėl įdiekite.&lt;br/&gt;&lt;br/&gt;Ar naudojate tarpinį serverį? Pakeiskite tarpinio serverio nuostatas ir vėl bandykite.</string>

	<string name="IDS_EPI_FAIL_TITLE_DOWNLOAD_ERROR">Atsisiuntimo klaida</string>
	<string name="IDS_EPI_FAIL_TEXT_DOWNLOAD_ERROR">Atsisiunčiant duomenis iš serverio, įvyko klaida. Patikrinkite savo tinklo ryšį ir bandykite dar kartą.&lt;br/&gt;&lt;br/&gt;Jei problemos nesiliauja, apsilankykite &lt;a {{IDS_LINK_OFFLINE_INSTALLER}}&gt;www.eset.com&lt;/a&gt; ir atsisiųskite atjungtinio diegimo priemonę.</string>
	<string name="IDS_EPI_FAIL_TEXT_DOWNLOAD_ERROR_EPI">Atsisiunčiant duomenis iš serverio, įvyko klaida. Patikrinkite savo tinklo ryšį ir bandykite dar kartą.</string>

	<string name="IDS_EPI_FAIL_TITLE_INVALID_SERVER_RESPONSE">Negaliojantis atsakas</string>
	<string name="IDS_EPI_FAIL_TEXT_INVALID_SERVER_RESPONSE">Iš serverio gautas negaliojantis atsakas.</string>

	<string name="IDS_EPI_FAIL_TITLE_INVALID_INSTALLER">Netinkama diegimo programa</string>
	<string name="IDS_EPI_FAIL_TEXT_INVALID_INSTALLER">Ši diegimo programa netinkama ir turi būti pakeista. Šiam produktui diegti atsisiųskite naują diegimo programą.</string>
	<string name="IDS_EPI_FAIL_TEXT_INVALID_INSTALLER_EPI">Ši diegimo programa netinkama ir turi būti pakeista. Generuokite naują diegimo programą arba kreipkitės į savo administratorių, kad įdiegtų šį produktą.</string>

	<string name="IDS_EPI_FAIL_TITLE_VERSIONCHECK_NO_PACKAGES">Nerasta derančio paketo</string>
	<string name="IDS_EPI_FAIL_TEXT_VERSIONCHECK_NO_PACKAGES">Serveryje nėra derančio diegimo paketo. Apsilankykite &lt;a {{IDS_LINK_OFFLINE_INSTALLER}}&gt;www.eset.com&lt;/a&gt; ir atsisiųskite atjungtinio diegimo priemonę.</string>
	<string name="IDS_EPI_FAIL_TEXT_VERSIONCHECK_NO_PACKAGES_EPI">Ši diegimo programa netinkama ir turi būti pakeista. Generuokite naują diegimo programą arba kreipkitės į savo administratorių, kad įdiegtų šį produktą.</string>

	<string name="IDS_EPI_FAIL_TITLE_INCOMPATIBLE_OS">Nederanti operacinė sistema</string>
	<string name="IDS_EPI_FAIL_TEXT_INCOMPATIBLE_OS">${bts.package.[${bts.var.package.current}].name} neskirtas jūsų operacinėms sistemoms. Atsisiųskite iš &lt;a {{IDS_LINK_OFFLINE_INSTALLER}}&gt;www.eset.com&lt;/a&gt; ir įdiekite produktą.</string>
	<string name="IDS_EPI_FAIL_TEXT_INCOMPATIBLE_OS_EPI">${bts.package.[${bts.var.package.current}].name} neskirtas jūsų operacinėms sistemoms.</string>

	<string name="IDS_EPI_FAIL_TITLE_INCOMPATIBLE_PACKAGE_X32">Nederantis paketas</string>
	<string name="IDS_EPI_FAIL_TEXT_INCOMPATIBLE_PACKAGE_X32">Šis diegimo paketas yra skirtas 32 bitų operacinėms sistemoms. Naudokite diegimo paketą, skirtą 64 bitų operacinėms sistemoms.</string>

	<string name="IDS_EPI_FAIL_TITLE_INCOMPATIBLE_PACKAGE_X64">Nederantis paketas</string>
	<string name="IDS_EPI_FAIL_TEXT_INCOMPATIBLE_PACKAGE_X64">Šis diegimo paketas skirtas 64&nbsp;bitų operacinėms sistemoms. Naudokite diegimo paketą, skirtą 32&nbsp;bitų operacinėms sistemoms.</string>

	<string name="IDS_EPI_FAIL_TITLE_INCOMPATIBLE_PRODUCT_INSTALLED">Įdiegtas nederantis produktas</string>
	<string name="IDS_EPI_FAIL_TEXT_INCOMPATIBLE_PRODUCT_INSTALLED">Jau įdiegtas nederantis produktas {PRODUCT}. Išdiekite jį rankiniu būdu ir vėl paleiskite diegimo procesą.</string>

	<string name="IDS_EPI_FAIL_TITLE_NEWER_VERSION_NOT_AVAILABLE">Jau įdiegta vėliausia versija</string>
	<string name="IDS_EPI_FAIL_TEXT_NEWER_VERSION_NOT_AVAILABLE">Šiame kompiuteryje jau įdiegta naujausia ${bts.package.[${bts.var.package.default}].name} versija.</string>

	<string name="IDS_EPI_FAIL_TITLE_REFERRAL">Produkto įdiegti negalima</string>
	<string name="IDS_EPI_FAIL_TEXT_REFERRAL">Produkto įdiegti negalima, nes įrenginyje įdiegtas kitas ESET produktas.</string>
	<string name="IDS_EPI_FAIL_TEXT_REFERRAL_UPGRADE">Jūsų naudojama ESET versija pasenusi ir jau neužtikrina geriausios apsaugos.&lt;br/&gt;&lt;b&gt;Pagerinkite saugumą NEMOKAMAI atnaujindami naujausia versija.&lt;/b&gt;</string>

	<string name="IDS_EPI_FAIL_TITLE_PACKAGE_NOT_FOUND">Nepavyko rasti paketo</string>
	<string name="IDS_EPI_FAIL_TEXT_PACKAGE_NOT_FOUND">Nepavyko rasti {PRODUCT} diegimo paketo.</string>

	<string name="IDS_EPI_FAIL_TITLE_PACKAGE_CORRUPTED">Paketas yra sugadintas</string>
	<string name="IDS_EPI_FAIL_TEXT_PACKAGE_CORRUPTED">Sugadintas {PRODUCT} diegimo paketas.</string>

	<string name="IDS_EPI_FAIL_TITLE_INSTALL_OUT_OF_SPACE">Diske nepakanka vietos</string>
	<string name="IDS_EPI_FAIL_TEXT_INSTALL_OUT_OF_SPACE">Diske nepakanka vietos, kad būtų galima užbaigti ${bts.package.[${bts.var.package.default}].name} diegimą.&lt;br/&gt;&lt;br/&gt;Pasirūpinkite, kad liktų bent %u MB laisvos vietos, ir bandykite dar kartą.</string>
	<string name="IDS_EPI_FAIL_TEXT_INSTALL_OUT_OF_SPACE_EPI">Diske nepakanka vietos, kad būtų galima užbaigti visų paketų diegimą.&lt;br/&gt;&lt;br/&gt;Pasirūpinkite, kad liktų bent %u MB laisvos vietos, ir bandykite dar kartą.</string>

	<string name="IDS_EPI_FAIL_TITLE_SETUP">Diegimo procesas nebuvo užbaigtas sėkmingai</string>
	<string name="IDS_EPI_FAIL_TEXT_SETUP">${bts.package.[${bts.var.package.current}].name} diegimo nepavyko sėkmingai užbaigti. Sistema gali būti nesaugoma nuo kompiuterinių grėsmių. Kad įdiegtumėte ${bts.package.[${bts.var.package.current}].name} savo kompiuteryje, pakartotinai paleiskite diegimo failą.</string>
	<string name="IDS_EPI_FAIL_TEXT_SETUP_TROUBLESHOOT">Diegiant ESET produktą jūsų įrenginyje iškilo problema. Rekomenduojame paleisti trikčių diagnostikos priemonę. Jei įmanoma, trikčių diagnostikos priemone problema bus išspręsta.</string>
	<string name="IDS_EPI_FAIL_TEXT_SETUP_EPI">${bts.package.[${bts.var.package.current}].name} diegimo nepavyko sėkmingai užbaigti. Sistema gali būti nesaugoma nuo kompiuterinių grėsmių. Kad įdiegtumėte visus paketus savo kompiuteryje, pakartotinai paleiskite diegimo failą.</string>
	<string name="IDS_EPI_FAIL_TEXT_SETUP_ERROR_CODE">Klaidos kodas: %s</string>

	<string name="IDS_EPI_FAIL_TITLE_ABORT">Naudotojas pertraukė diegimo procesą</string>
	<string name="IDS_EPI_FAIL_TEXT_ABORT">Naudojas pertraukė ${bts.package.[${bts.var.package.default}].name} diegimo procesą. Norėdami įdiegti ${bts.package.[${bts.var.package.default}].name} savo kompiuteryje, paleiskite diegimo procesą dar kartą.</string>
	<string name="IDS_EPI_FAIL_TEXT_ABORT_EPI">Naudotojas pertraukė diegimo procesą. Norėdami įdiegti visus paketus savo kompiuteryje, paleiskite diegimo procesą dar kartą.</string>

	<string name="IDS_EPI_FAIL_TITLE_INTERNAL_ERROR">Vidinė klaida</string>
	<string name="IDS_EPI_FAIL_TEXT_INTERNAL_ERROR">Įvyko vidinė klaida. Bandykite dar kartą arba vėl paleiskite diegimo procesą.</string>

	<string name="IDS_EPI_TROUBLESHOOT_FINISH_TITLE">Trikčių diagnostika baigta</string>
	<string name="IDS_EPI_TROUBLESHOOT_SUCCESS_TITLE">Trikčių diagnostika atlikta sėkmingai</string>
	<string name="IDS_EPI_TROUBLESHOOT_FAILED_TITLE">Trikčių diagnostika atlikta nesėkmingai</string>
	<string name="IDS_EPI_TROUBLESHOOT_TEXT">&lt;b&gt;Rekomenduojame uždaryti šį langą ir paleisti kompiuterį iš naujo. Paleidę kompiuterį iš naujo, dar kartą paleiskite diegimo programą.&lt;/b&gt;</string>
	<string name="IDS_EPI_TROUBLESHOOT_REBOOT_TEXT">&lt;b&gt;Norint užbaigti trikčių diagnostiką, būtina paleisti iš naujo. Uždarykite šį langą ir paleiskite kompiuterį iš naujo. Paleidę kompiuterį iš naujo, dar kartą paleiskite diegimo programą.&lt;/b&gt;</string>
	<string name="IDS_EPI_TROUBLESHOOT_CONTACT_TEXT">Jei klaida išlieka, kreipkitės į sistemos administratorių arba &lt;a {{IDS_LINK_SUPPORT}}&gt;ESET techninės pagalbos tarnybą.&lt;/a&gt;</string>

	<string name="IDS_EPI_CFG_SIMPLE_CAPTION">Apsaugos ir diegimo parametrai</string>
	<string name="IDS_EPI_CFG_RECOMMENDED_CAPTION">Rekomenduojama</string>
	<string name="IDS_EPI_CFG_SIMPLE_PUA_CAPTION">Įjungti galimų nepageidaujamų programų aptikimą</string>
	<string name="IDS_EPI_CFG_SIMPLE_CEIP_CAPTION">Dalyvaukite Tobulinimo pagal naudotojų patirtį programoje &lt;br/&gt; &lt;a type="command" href="gui.ceip.show"&gt; Kokią informaciją renkame?&lt;/a&gt;</string>
	<string name="IDS_EPI_CFG_SIMPLE_LGF_CAPTION">Įgalinti atgalinio ryšio sistemą „ESET LiveGrid®“</string>
	<string name="IDS_EPI_CFG_SIMPLE_CEIP_TEXT">Mes norėtume rinkti anoniminę informaciją, kaip naudojamas šis produktas. Surinkti duomenys mums padės tobulinti jūsų patirtį, bet duomenimis nebus dalijamasi su trečiosiomis šalimis.</string>
	<string name="IDS_EPI_CFG_SIMPLE_CONTINUE">Tęsti</string>
	<string name="IDS_EPI_CFG_SIMPLE_ALL_CONTINUE">Leisti viską ir tęsti</string>

	<string name="IDS_EPI_BANNER_CAPTION1">Ruošiamasi diegti</string>
	<string name="IDS_EPI_BANNER_DESCRIPTION1">Palaukite, kol atsisiųsime diegimo paketą.</string>

	<string name="IDS_EPI_BANNER_CAPTION2">Diegiama</string>
	<string name="IDS_EPI_BANNER_DESCRIPTION2">Beveik baigta! Palaukite, kol diegimas bus užbaigtas.</string>

	<string name="IDS_EPI_BANNER_CAPTION3">Nepralenkiamas našumas</string>
	<string name="IDS_EPI_BANNER_DESCRIPTION3">ESET daugiasluoksnė technologija yra paremta įžvalgomis iš daugiau nei 100 milijonų šaltinių visame pasaulyje. Tai užtikrina didžiausią apsaugą su mažiausiu resursų naudojimu.</string>

	<string name="IDS_EPI_BANNER_CAPTION4">Dėkojame, kad pasirinkote ESET!</string>
	<string name="IDS_EPI_BANNER_DESCRIPTION4">ESET NOD32® technologija yra pelniusi absoliučiai daugiausiai VB100 įvertinimų.</string>

	<string name="IDS_EPI_BANNER_CAPTION5">Lengva visos IT sistemos kontrolė vienoje panelėje</string>
	<string name="IDS_EPI_BANNER_DESCRIPTION5">Nesvarbu, ar naudojate debesijos ar vietinę saugos valdymo konsolę, vienos srities valdiklis leis bet kur ir bet kuriuo metu geriau valdyti visą ESET saugą.</string>


</resources>
