﻿<?xml version="1.0" encoding="utf-8" ?>
<resources langname="Nederlands" lcid="0413">

	<string name="IDS_EPI_INSTALL_STEP">Welkom|Licentieovereenkomst|AV Remover|Installatie|Voltooien</string>

	<string name="IDS_EPI_ACTION_INIT">Initialiseren...</string>
	<string name="IDS_EPI_ACTION_EULA">EULA('s) downloaden...</string>
	<string name="IDS_EPI_ACTION_DUMP">Installatiepakket voorbereiden...</string>
	<string name="IDS_EPI_ACTION_CALC">Beschikbare ruimte berekenen...</string>
	<string name="IDS_EPI_ACTION_DETECTAV">Controleren op mogelijk conflicterende toepassingen...</string>
	<string name="IDS_EPI_ACTION_PACKAGECACHE">Offlinepakket wordt voltooid...</string>
	<string name="IDS_EPI_ACTION_CLEANUP_FOLDERS">Mappen verwijderen...</string>
	<string name="IDS_EPI_ACTION_TROUBLESHOOTING">Problemen worden opgelost. Een ogenblik geduld...</string>

	<string name="IDS_EPI_HOME_TITLE_EAV">${bts.package.[0].name} installeren</string>
	<string name="IDS_EPI_HOME_TEXT_EAV">Gebruik uw computer voor uw werk, ontspanning en om te surfen, beveiligd door ESET.</string>
	<string name="IDS_EPI_HOME_TITLE_ESS">${bts.package.[0].name} installeren</string>
	<string name="IDS_EPI_HOME_TEXT_ESS">Gebruik uw computer voor uw werk, ontspanning en om te surfen, beveiligd door ESET.</string>
	<string name="IDS_EPI_HOME_TITLE_EIS">${bts.package.[0].name} installeren</string>
	<string name="IDS_EPI_HOME_TEXT_EIS">Gebruik uw computer voor uw werk, ontspanning en om te surfen, beveiligd door ESET.</string>
	<string name="IDS_EPI_HOME_TITLE_ESSP">${bts.package.[0].name} installeren</string>
	<string name="IDS_EPI_HOME_TEXT_ESSP">Gebruik uw computer voor uw werk, ontspanning en om te surfen, beveiligd door ESET.</string>
	<string name="IDS_EPI_HOME_TITLE_EHS">${bts.package.[0].name} installeren</string>
	<string name="IDS_EPI_HOME_TEXT_EHS">Gebruik uw computer voor uw werk, ontspanning en om te surfen, beveiligd door ESET.</string>
	<string name="IDS_EPI_HOME_TITLE_EEA">${bts.package.[0].name} installeren</string>
	<string name="IDS_EPI_HOME_SUBTITLE_EEA">Geavanceerde beveiliging voor uw bedrijf</string>
	<string name="IDS_EPI_HOME_TEXT_EEA">${bts.package.[0].name}, met bekroonde ESET NOD32®-detectietechnologie, biedt uw bedrijf processorvriendelijke, geavanceerde beveiliging, aangevuld door ons reputatiesysteem in de cloud. U bedient alles moeiteloos in onze geheel opnieuw vormgegeven, gebruikersvriendelijke ESET PROTECT-webconsole.</string>
	<string name="IDS_EPI_HOME_TITLE_EES">${bts.package.[0].name} installeren</string>
	<string name="IDS_EPI_HOME_SUBTITLE_EES">Uw geavanceerde beveiligingssuite vol functionaliteit</string>
	<string name="IDS_EPI_HOME_TEXT_EES">${bts.package.[0].name} is uw geavanceerde beveiligingssuite vol functionaliteit, die allesomvattende, meerlagige beveiliging biedt tegen allerlei typen malware. Profiteer van de lage systeemvereisten, ondersteuning voor virtualisatie en het overzicht dat u in de geheel vernieuwde ESET PROTECT-webconsole hebt.</string>

	<string name="IDS_EPI_HOME_TITLE_MULTI">Onderdelen installeren</string>
	<string name="IDS_EPI_INFO_TITLE_ERAA">Deze computer wordt beheerd door ESET PROTECT</string>
	<string name="IDS_EPI_BUNDLE_TITLE">De volgende onderdelen zijn in dit installatieprogramma opgenomen</string>

	<string name="IDS_EPI_HOME_AVREMOVER_CHECK">Ik wil incompatibele beveiligingsproducten verwijderen</string>
	<string name="IDS_EPI_HOME_NEW_VERSION_TEXT">Er is via internet een nieuwere versie van dit product beschikbaar en dit kan automatisch worden gedownload en geïnstalleerd, in plaats van de meegeleverde versie.</string>
	<string name="IDS_EPI_HOME_NEW_VERSION_CHECKBOX">Nieuwere versie installeren</string>

<string name="IDS_EPI_HOME_NEED_HELP">Hulp nodig bij de installatie?</string>
	<string name="IDS_EPI_HOME_OPEN_INSTRUCTIONS">Installatie-instructies openen</string>
	<string name="IDS_EPI_HOME_OPEN_GUIDE">Gebruikershandleiding openen</string>

	<string name="IDS_EPI_LOCK_PASSWORD_TITLE">Instellingen van ESET Security zijn niet met een wachtwoord beveiligd</string>
	<string name="IDS_EPI_LOCK_PASSWORD_SUBTITLE">Geef een geldig wachtwoord op om door te gaan.</string>
	<string name="IDS_EPI_LOCK_PASSWORD_TEXT">Wachtwoord</string>
	<string name="IDS_EPI_LOCK_PASSWORD_ERROR">Onjuist wachtwoord. U kunt het wachtwoord&lt;br/&gt;herstellen in Geavanceerde instellingen in het product.</string>

	<string name="IDS_EPI_EULA_SINGLE_TITLE">Licentieovereenkomst voor eindgebruikers</string>
	<string name="IDS_EPI_EULA_SAVEAS_FILTER">Tekstbestanden (*.txt)|*.txt|HTML (*.html,*.htm)|*.html;*.htm||</string>
	<string name="IDS_EPI_EULA_BUTTON_ACCEPT">Ik ga akkoord</string>
	<string name="IDS_EPI_EULA_BUTTON_DECLINE">Ik ga niet akkoord</string>
	<string name="IDS_EPI_EULA_DECLINE">Het installatieprogramma wordt gesloten als u niet akkoord gaat met de licentieovereenkomst voor eindgebruikers. Weet u zeker dat u dit wilt doen?</string>

	<string name="IDS_EPI_DETECTAV_TITLE">Scannen</string>
	<string name="IDS_EPI_DETECTAV_TEXT01">Er zijn andere beveiligingsproducten gevonden</string>
	<string name="IDS_EPI_DETECTAV_TEXT02">Het tegelijkertijd uitvoeren van twee beveiligingsoplossingen kan instabiliteit veroorzaken. Los dit probleem op door de conflicterende beveiligingssoftware op uw systeem te verwijderen.</string>
	<string name="IDS_EPI_DETECTAV_UNINSTALL">Andere antivirussoftware verwijderen</string>

	<string name="IDS_EPI_PACKAGECACHE_TITLE">Onderdelen vooraf downloaden</string>
	<string name="IDS_EPI_PACKAGECACHE_TEXT">Download the onderdelen in dit installatiepakket (Live Installer) vooraf, zodat het implementatieproces sneller plaatsvindt wanneer uw internetverbinding beperkt is.</string>
	<string name="IDS_EPI_PACKAGECACHE_HOW01">&lt;b&gt;Klik op de downloadknop&lt;/b&gt; en %1 wordt gemaakt, gedownload en op uw computer opgeslagen.</string>
	<string name="IDS_EPI_PACKAGECACHE_HOW02">&lt;b&gt;Kopieer %1 en %2 naar dezelfde map.&lt;/b&gt; U kunt een gedeelde netwerklocatie of een USB-station gebruiken.</string>
	<string name="IDS_EPI_PACKAGECACHE_HOW03">&lt;b&gt;Voer %2 uit op een computer vanaf de gedeelde map of het USB-station.&lt;/b&gt; %2 maakt gebruik van de vooraf gedownloade onderdelen zonder ze opnieuw te downloaden.</string>

	<string name="IDS_EPI_DOWNLOAD_PACKAGE_SINGLE">Downloaden…</string>
	<string name="IDS_EPI_DOWNLOAD_PACKAGE_MULTI">%1 wordt gedownload…</string>

	<string name="IDS_EPI_CFG_LGF_CAPTION_CONSUMER">Samen staan we sterk. Profiteer van maximale beveiliging.</string>
	<string name="IDS_EPI_CFG_LGF_TEXT_CONSUMER">Met het ESET LiveGrid®-feedbacksysteem kunnen wij statistieken en informatie verzamelen over verdachte objecten. Deze gegevens verwerken wij automatisch om detectiemechanismen in ons cloudsysteem te ontwikkelen. Deze detectiemechanismen passen wij vervolgens direct toe om ervoor te zorgen dat onze klanten maximaal zijn beveiligd.</string>
	<string name="IDS_EPI_CFG_LGF_CAPTION_BUSINESS">Help ons om u een nóg betere beveiliging te leveren.</string>
	<string name="IDS_EPI_CFG_LGF_TEXT_BUSINESS">Het ESET LiveGrid®-feedbacksysteem maakt gebruik van meer dan 100 miljoen sensoren wereldwijd waarmee wij informatie over verdachte objecten verzamelen, die wij automatisch verwerken om detectiemechanismen in ons reputatiesysteem in de cloud te ontwikkelen. Deze passen wij direct toe om ervoor te zorgen dat u over het maximale beveiligingsniveau beschikt.</string>
	<string name="IDS_EPI_CFG_LGF_ENABLE">ESET LiveGrid®-feedbacksysteem inschakelen (aanbevolen)</string>
	<string name="IDS_EPI_CFG_LGF_DISABLE">ESET LiveGrid®-feedbacksysteem uitschakelen</string>

	<string name="IDS_EPI_CFG_PUA_CAPTION">Detectie van potentieel ongewenste toepassingen</string>
	<string name="IDS_EPI_CFG_PUA_TEXT">ESET kan &lt;a {{IDS_HELP_PUA_LINK}}&gt;potentieel ongewenste toepassingen&lt;/a&gt; detecteren en om bevestiging vragen voordat ze worden geïnstalleerd. Potentieel ongewenste toepassingen hoeven geen beveiligingsrisico op te leveren, maar ze kunnen van invloed zijn op de prestaties, snelheid en betrouwbaarheid van de computer of wijzigingen in het gedrag ervan veroorzaken. Meestal is voorafgaand aan de installatie toestemming van de gebruiker vereist.</string>
	<string name="IDS_EPI_CFG_PUA_ENABLE">Detectie van potentieel ongewenste toepassingen inschakelen</string>
	<string name="IDS_EPI_CFG_PUA_DISABLE">Detectie van potentieel ongewenste toepassingen uitschakelen</string>

	<string name="IDS_EPI_CFG_CEIP_CAPTION">Deelnemen aan Programma voor kwaliteitsverbetering</string>
	<string name="IDS_EPI_CFG_CEIP_TEXT">Wij willen graag anonieme informatie verzamelen over hoe dit product wordt gebruikt. Met de verzamelde gegevens kunnen wij de ervaring voor u verbeteren. Wij zullen deze gegevens nooit met derden delen.&lt;a type="command" href="gui.ceip.show"&gt; Welke informatie verzamelen wij?&lt;/a&gt;</string>
	<string name="IDS_EPI_CFG_CEIP_YES">Ja, ik wil deelnemen aan het programma (aanbevolen)</string>
	<string name="IDS_EPI_CFG_CEIP_NO">Nee, ik wil niet deelnemen aan het programma</string>

	<string name="IDS_EPI_CFG_EULA_CAPTION">Licentieovereenkomst voor eindgebruikers</string>
	<string name="IDS_EPI_CFG_EULA_DESCRIPTION">Door op een van de onderstaande knoppen 'Doorgaan' te klikken, accepteert u de &lt;a {{IDS_LINK_SHOW_EULA}}&gt;Licentieovereenkomst voor eindgebruikers&lt;/a&gt; en erkent u het &lt;a {{IDS_LINK_SHOW_PRIVACY_POLICY}}&gt;Privacybeleid&lt;/a&gt;.</string>
	<string name="IDS_EPI_CFG_EULA_MSGBOX_OK">OK</string>
	<string name="IDS_EPI_CFG_EULA_MSGBOX_NOT_AGREE">Ik ga niet akkoord</string>
	<string name="IDS_EPI_CFG_EULA_MSGBOX_SAVE">Opslaan</string>

	<string name="IDS_EPI_CFG_BUTTON_ADVANCED">Installatiemap wijzigen</string>
	<string name="IDS_EPI_CFG_FOLDERS_INSTALL">Productmap:</string>
	<string name="IDS_EPI_CFG_FOLDERS_DATA">Gegevensmap:</string>
	<string name="IDS_EPI_CFG_FOLDERS_MODULE">Modulemap:</string>
	<string name="IDS_EPI_CFG_FOLDERS_VALIDATOR_INVALID">Ongeldige map geselecteerd.</string>

	<string name="IDS_EPI_CFG_ALREADY_CONFIGURED">De installatie-instellingen zijn al geconfigureerd.</string>

	<string name="IDS_EPI_NONEMPTY_FOLDER_WARNING_TITLE">De installatiemap moet leeg zijn</string>
	<string name="IDS_EPI_NONEMPTY_FOLDER_WARNING_MESSAGE_SINGULAR">De bestaande map wordt geleegd als u doorgaat met installeren:</string>
	<string name="IDS_EPI_NONEMPTY_FOLDER_WARNING_MESSAGE_PLURAL">De bestaande mappen worden geleegd als u doorgaat met installeren:</string>
	<string name="IDS_EPI_NONEMPTY_FOLDER_QUESTION">&lt;b&gt;Ga u ermee akkoord dat de mappen worden geleegd als u doorgaat met installeren?&lt;/b&gt;</string>

	<string name="IDS_EPI_DISKSPACE_TITLE">Geen schijfruimte meer</string>
	<string name="IDS_EPI_DISKSPACE_TEXT01">Er is geen schijfruimte meer. De gemarkeerde volumes hebben onvoldoende ruimte beschikbaar voor de installatie. Controleer de beschikbare schijfruimte en probeer het opnieuw.</string>
	<string name="IDS_EPI_DISKSPACE_HEADER01">Station</string>
	<string name="IDS_EPI_DISKSPACE_HEADER02">Capaciteit</string>
	<string name="IDS_EPI_DISKSPACE_HEADER03">Vrije ruimte</string>
	<string name="IDS_EPI_DISKSPACE_HEADER04">Vereiste ruimte</string>

	<string name="IDS_EPI_INSTALL_PACKAGE_SINGLE">Installeren...</string>
	<string name="IDS_EPI_INSTALL_PACKAGE_MULTI">%1 wordt geïnstalleerd...</string>

	<string name="IDS_EPI_DONE_TITLE">Geïnstalleerd</string>
	<string name="IDS_EPI_DONE_TEXT01">${bts.package.[${bts.var.package.default}].name} is op uw computer geïnstalleerd. Uw computer wordt continu op virussen en malware gecontroleerd. &lt;br/&gt; &lt;br/&gt; Hartelijk dank dat u voor ESET hebt gekozen! &lt;br/&gt; &lt;br/&gt; &lt;br/&gt; Klik op &lt;i&gt;Gereed&lt;/i&gt; om de installatie van het product te voltooien.</string>
	<string name="IDS_EPI_DONE_TEXT01_EPI">Alle pakketten zijn op uw computer geïnstalleerd. &lt;br/&gt; &lt;br/&gt; Klik op &lt;i&gt;Gereed&lt;/i&gt; om de productinstallatie te voltooien.</string>
		<string name="IDS_EPI_DONE_PACKAGECACHE_CAPTION">%1 en %2 moeten zich in dezelfde map bevinden wanneer ze worden uitgevoerd.</string>
	<string name="IDS_EPI_DONE_PACKAGECACHE_DESCRIPTION">%1 is gedownload en opgeslagen in de map:&lt;br/&gt;</string>

	<string name="IDS_EPI_FAIL_FAILED_TITLE">Installatie mislukt</string>
	<string name="IDS_EPI_FAIL_FINISH_TITLE">Installatie voltooid</string>
	<string name="IDS_EPI_FAIL_KNOWLEDGEBASE">Oplossing zoeken in ESET-kennisbank.</string>
	<string name="IDS_EPI_FAIL_TROUBLESHOOT">Probleemoplosser voor uitvoeren</string>
	<string name="IDS_EPI_FAIL_TS_LINK">Neem contact op met ESET Technische ondersteuning</string>
	<string name="IDS_EPI_FAIL_RESTART">Computer opnieuw opstarten</string>

	<string name="IDS_EPI_FAIL_TITLE_OS">Verouderde versie van Microsoft Windows</string>
	<string name="IDS_EPI_FAIL_TEXT_OS_OUTDATED">ESET Security biedt geen ondersteuning voor uw verouderde versie van Microsoft Windows. Klik op Sluiten om de installatie af te sluiten.</string>
	<string name="IDS_EPI_FAIL_TEXT_OS_NOT_SUPPORTED">Dit product wordt niet langer ondersteund op uw verouderde versie van Microsoft Windows. &lt;a {{IDS_LINK_PRODUCT_OPTIONS}}&gt;Bekijk de mogelijkheden&lt;/a&gt;</string>
	<string name="IDS_EPI_FAIL_TEXT_OS_NOT_SUPPORTED_BUSINESS">Dit product wordt niet meer ondersteund op uw verouderde versie van Microsoft Windows.</string>

	<string name="IDS_EPI_FAIL_TITLE_EULA_REJECTED">Licentieovereenkomst voor eindgebruikers</string>
	<string name="IDS_EPI_FAIL_TEXT_EULA_REJECTED">De licentieovereenkomst voor eindgebruikers is niet geaccepteerd.</string>

	<string name="IDS_EPI_FAIL_TITLE_CONNECTION">Verbindingsfout</string>
	<string name="IDS_EPI_FAIL_TEXT_CONNECTION">Uw internetverbinding werkt niet. Het product kan niet worden geïnstalleerd. &lt;a {{IDS_LINK_INTERNET_SETTINGS}}&gt;Controleer uw internetverbinding&lt;/a&gt; en probeer opnieuw te installeren.&lt;br/&gt;&lt;br/&gt;Maakt u gebruik van een proxyserver? Wijzig de proxyserverinstellingen en probeer het opnieuw.</string>
	<string name="IDS_EPI_FAIL_TEXT_CONNECTION_EPI">Uw internetverbinding werkt niet. De pakketten kunnen niet worden geïnstalleerd. &lt;a {{IDS_LINK_INTERNET_SETTINGS}}&gt;Controleer uw internetverbinding&lt;/a&gt; en probeer de installatie opnieuw uit te voeren.&lt;br/&gt;&lt;br/&gt;Maakt u gebruik van een proxyserver? Wijzig de proxyserverinstellingen en probeer het opnieuw.</string>

	<string name="IDS_EPI_FAIL_TITLE_DOWNLOAD_ERROR">Downloadfout</string>
	<string name="IDS_EPI_FAIL_TEXT_DOWNLOAD_ERROR">Er is een fout opgetreden tijdens het downloaden van gegevens van de server. Controleer uw netwerkverbinding en probeer het opnieuw.&lt;br/&gt;&lt;br/&gt;Als u nog steeds problemen ervaart, ga dan naar &lt;a {{IDS_LINK_OFFLINE_INSTALLER}}&gt;www.eset.com&lt;/a&gt; om het offline-installatieprogramma te downloaden.</string>
	<string name="IDS_EPI_FAIL_TEXT_DOWNLOAD_ERROR_EPI">Er is een fout opgetreden tijdens het downloaden van gegevens van de server. Controleer uw netwerkverbinding en probeer het opnieuw.</string>

	<string name="IDS_EPI_FAIL_TITLE_INVALID_SERVER_RESPONSE">Ongeldige reactie</string>
	<string name="IDS_EPI_FAIL_TEXT_INVALID_SERVER_RESPONSE">Er is een ongeldige reactie van de server ontvangen.</string>

	<string name="IDS_EPI_FAIL_TITLE_INVALID_INSTALLER">Ongeldig installatieprogramma</string>
	<string name="IDS_EPI_FAIL_TEXT_INVALID_INSTALLER">Dit installatieprogramma is niet geldig meer en moet worden vervangen. Download een nieuw installatieprogramma om dit product te installeren.</string>
	<string name="IDS_EPI_FAIL_TEXT_INVALID_INSTALLER_EPI">Dit installatieprogramma is niet meer geldig en moet worden vervangen. Genereer een nieuw installatieprogramma of neem contact op met uw beheerder om dit product te installeren.</string>

	<string name="IDS_EPI_FAIL_TITLE_VERSIONCHECK_NO_PACKAGES">Compatibel pakket niet gevonden</string>
	<string name="IDS_EPI_FAIL_TEXT_VERSIONCHECK_NO_PACKAGES">Er is geen compatibel installatiepakket beschikbaar op de server. Ga naar &lt;a {{IDS_LINK_OFFLINE_INSTALLER}}&gt;www.eset.com&lt;/a&gt; om het offline-installatieprogramma te downloaden.</string>
	<string name="IDS_EPI_FAIL_TEXT_VERSIONCHECK_NO_PACKAGES_EPI">Dit installatieprogramma is niet meer geldig en moet worden vervangen. Genereer een nieuw installatieprogramma of neem contact op met uw beheerder om dit product te installeren.</string>

	<string name="IDS_EPI_FAIL_TITLE_INCOMPATIBLE_OS">Incompatibel besturingssysteem</string>
	<string name="IDS_EPI_FAIL_TEXT_INCOMPATIBLE_OS">${bts.package.[${bts.var.package.current}].name} is niet bedoeld voor uw besturingssystemen. Download en installeer een product bij &lt;a {{IDS_LINK_OFFLINE_INSTALLER}}&gt;www.eset.com&lt;/a&gt;.</string>
	<string name="IDS_EPI_FAIL_TEXT_INCOMPATIBLE_OS_EPI">${bts.package.[${bts.var.package.current}].name} is niet bedoeld voor uw besturingssystemen.</string>

	<string name="IDS_EPI_FAIL_TITLE_INCOMPATIBLE_PACKAGE_X32">Incompatibel pakket</string>
	<string name="IDS_EPI_FAIL_TEXT_INCOMPATIBLE_PACKAGE_X32">Dit installatiepakket is bedoeld voor 32-bits besturingssystemen. Gebruik een installatiepakket voor 64-bits besturingssystemen.</string>

	<string name="IDS_EPI_FAIL_TITLE_INCOMPATIBLE_PACKAGE_X64">Incompatibel pakket</string>
	<string name="IDS_EPI_FAIL_TEXT_INCOMPATIBLE_PACKAGE_X64">Dit installatiepakket is bedoeld voor 64-bits besturingssystemen. Gebruik een installatiepakket voor 32-bits besturingssystemen.</string>

	<string name="IDS_EPI_FAIL_TITLE_INCOMPATIBLE_PRODUCT_INSTALLED">Incompatibel product geïnstalleerd</string>
	<string name="IDS_EPI_FAIL_TEXT_INCOMPATIBLE_PRODUCT_INSTALLED">Er is al een incompatibel {PRODUCT} product geïnstalleerd. Verwijder dit handmatig en start de installatie daarna opnieuw.</string>

	<string name="IDS_EPI_FAIL_TITLE_NEWER_VERSION_NOT_AVAILABLE">Nieuwste versie is al geïnstalleerd</string>
	<string name="IDS_EPI_FAIL_TEXT_NEWER_VERSION_NOT_AVAILABLE">Er is al een nieuwste versie van ${bts.package.[${bts.var.package.default}].name} op deze computer geïnstalleerd.</string>

	<string name="IDS_EPI_FAIL_TITLE_REFERRAL">Het product kan niet worden geïnstalleerd</string>
	<string name="IDS_EPI_FAIL_TEXT_REFERRAL">Het product kan niet worden geïnstalleerd, omdat er al een ander ESET-product op dit apparaat is geïnstalleerd.</string>
	<string name="IDS_EPI_FAIL_TEXT_REFERRAL_UPGRADE">Uw bestaande versie van ESET is verouderd. De beste beveiliging is niet langer gegarandeerd.&lt;br/&gt;&lt;b&gt;Verbeter uw beveiliging door nu GRATIS een upgrade naar de nieuwste versie uit te voeren.&lt;/b&gt;</string>

	<string name="IDS_EPI_FAIL_TITLE_PACKAGE_NOT_FOUND">Pakket niet gevonden</string>
	<string name="IDS_EPI_FAIL_TEXT_PACKAGE_NOT_FOUND">Het {PRODUCT}-installatiepakket is niet gevonden.</string>

	<string name="IDS_EPI_FAIL_TITLE_PACKAGE_CORRUPTED">Pakket is beschadigd</string>
	<string name="IDS_EPI_FAIL_TEXT_PACKAGE_CORRUPTED">Het {PRODUCT}-installatiepakket is beschadigd.</string>

	<string name="IDS_EPI_FAIL_TITLE_INSTALL_OUT_OF_SPACE">Geen schijfruimte meer</string>
	<string name="IDS_EPI_FAIL_TEXT_INSTALL_OUT_OF_SPACE">Er is onvoldoende schijfruimte om de installatie van ${bts.package.[${bts.var.package.default}].name} te voltooien.&lt;br/&gt;&lt;br/&gt;Zorg dat u minimaal %u MB beschikbaar hebt en probeer het opnieuw.</string>
	<string name="IDS_EPI_FAIL_TEXT_INSTALL_OUT_OF_SPACE_EPI">Er is niet genoeg schijfruimte om de installatie van alle pakketten te voltooien.&lt;br/&gt;&lt;br/&gt;Zorg ervoor dat u ten minste %u MB vrij hebt en probeer het opnieuw.</string>

	<string name="IDS_EPI_FAIL_TITLE_SETUP">De installatie is niet voltooid</string>
	<string name="IDS_EPI_FAIL_TEXT_SETUP">De installatie van ${bts.package.[${bts.var.package.current}].name} is niet volledig gelukt. Het systeem is mogelijk niet beveiligd tegen computerdreigingen. Voer de installatie opnieuw uit om ${bts.package.[${bts.var.package.current}].name} op uw computer te installeren.</string>
	<string name="IDS_EPI_FAIL_TEXT_SETUP_TROUBLESHOOT">Er is een probleem opgetreden bij het installeren van een ESET-product op uw apparaat. We raden u aan een probleemoplosser uit te voeren. Het probleem wordt zo mogelijk door de probleemoplosser opgelost.</string>
	<string name="IDS_EPI_FAIL_TEXT_SETUP_EPI">De installatie van ${bts.package.[${bts.var.package.current}].name} is niet gelukt. Het systeem is mogelijk niet beschermd tegen computerbedreigingen. Om alle pakketten op uw computer te installeren, dient u de installatie opnieuw uit te voeren.</string>
	<string name="IDS_EPI_FAIL_TEXT_SETUP_ERROR_CODE">Foutcode: %s</string>

	<string name="IDS_EPI_FAIL_TITLE_ABORT">Installatie is tijdelijk uitgeschakeld door de gebruiker</string>
	<string name="IDS_EPI_FAIL_TEXT_ABORT">De installatie van ${bts.package.[${bts.var.package.default}].name} is onderbroken door de gebruiker. Voer de installatie opnieuw uit om ${bts.package.[${bts.var.package.default}].name} op uw computer te installeren.</string>
	<string name="IDS_EPI_FAIL_TEXT_ABORT_EPI">De installatie is onderbroken door de gebruiker. Als u alle pakketten op uw computer wilt installeren, voer de installatie dan opnieuw uit.</string>

	<string name="IDS_EPI_FAIL_TITLE_INTERNAL_ERROR">Interne fout</string>
	<string name="IDS_EPI_FAIL_TEXT_INTERNAL_ERROR">Er is een interne fout opgetreden. Probeer het opnieuw om de installatie opnieuw te starten.</string>

	<string name="IDS_EPI_TROUBLESHOOT_FINISH_TITLE">Probleemoplosser is voltooid</string>
	<string name="IDS_EPI_TROUBLESHOOT_SUCCESS_TITLE">De probleemoplossing is gelukt</string>
	<string name="IDS_EPI_TROUBLESHOOT_FAILED_TITLE">De probleemoplossing is niet gelukt</string>
	<string name="IDS_EPI_TROUBLESHOOT_TEXT">&lt;b&gt;Wij raden u aan dit venster te sluiten en uw computer opnieuw op te starten. Na het opnieuw opstarten, moet u dit installatieprogramma opnieuw uitvoeren.&lt;/b&gt;</string>
	<string name="IDS_EPI_TROUBLESHOOT_REBOOT_TEXT">&lt;b&gt;Een herstart is nodig om het oplossen van problemen af te ronden. Sluit dit venster en start uw computer opnieuw op. Start na het opnieuw opstarten dit installatieprogramma opnieuw.&lt;/b&gt;</string>
	<string name="IDS_EPI_TROUBLESHOOT_CONTACT_TEXT">Als de fout blijft bestaan, neem dan contact op met uw systeembeheerder of met &lt;a {{IDS_LINK_SUPPORT}}&gt;ESET Technische ondersteuning.&lt;/a&gt;</string>

	<string name="IDS_EPI_CFG_SIMPLE_CAPTION">Beveiligings- en installatie-instellingen</string>
	<string name="IDS_EPI_CFG_RECOMMENDED_CAPTION">Aanbevolen</string>
	<string name="IDS_EPI_CFG_SIMPLE_PUA_CAPTION">Detectie van potentieel ongewenste toepassingen inschakelen</string>
	<string name="IDS_EPI_CFG_SIMPLE_CEIP_CAPTION">Deelnemen aan Programma voor kwaliteitsverbetering &lt;br/&gt; &lt;a type="command" href="gui.ceip.show"&gt; Welke informatie verzamelen wij?&lt;/a&gt;</string>
	<string name="IDS_EPI_CFG_SIMPLE_LGF_CAPTION">ESET LiveGrid®-feedbacksysteem inschakelen</string>
	<string name="IDS_EPI_CFG_SIMPLE_CEIP_TEXT">Wij willen graag anonieme informatie verzamelen over hoe dit product wordt gebruikt. Met de verzamelde gegevens kunnen wij de ervaring voor u verbeteren. Wij zullen deze gegevens nooit met derden delen.</string>
	<string name="IDS_EPI_CFG_SIMPLE_CONTINUE">Doorgaan</string>
	<string name="IDS_EPI_CFG_SIMPLE_ALL_CONTINUE">Alles toestaan en doorgaan</string>

	<string name="IDS_EPI_BANNER_CAPTION1">Installatie voorbereiden</string>
	<string name="IDS_EPI_BANNER_DESCRIPTION1">Het installatiepakket wordt gedownload. Een ogenblik geduld.</string>

	<string name="IDS_EPI_BANNER_CAPTION2">Installatie wordt uitgevoerd</string>
	<string name="IDS_EPI_BANNER_DESCRIPTION2">Bijna klaar! Wacht tot de installatie is voltooid.</string>

	<string name="IDS_EPI_BANNER_CAPTION3">Ongeëvenaarde prestaties</string>
	<string name="IDS_EPI_BANNER_DESCRIPTION3">ESET’s meer gelaagde technologie gebruikt informatie van 100 miljoen verschillende sensoren wereldwijd om ervoor te zorgen dat u de maximale bescherming krijgt met de minste druk op uw systeem.</string>

	<string name="IDS_EPI_BANNER_CAPTION4">Hartelijk dank dat u voor ESET hebt gekozen!</string>
	<string name="IDS_EPI_BANNER_DESCRIPTION4">ESET NOD32® technologie houdt het wereldrecord voor opeenvolgende en cumulatieve VB100 awards.</string>

	<string name="IDS_EPI_BANNER_CAPTION5">Eenvoudige, gecentraliseerde controle over uw IT-beveiliging</string>
	<string name="IDS_EPI_BANNER_DESCRIPTION5">Het maakt niet uit of u een cloud of lokale console gebruikt om de beveiliging te beheren, u beschikt over één venster waarin u een betere controle hebt over alle aspecten van uw ESET-beveiliging, overal en altijd.</string>


</resources>
