﻿<?xml version="1.0" encoding="utf-8" ?>
<resources langname="日本語 (Japanese)" lcid="0411">

	<string name="IDS_EPI_INSTALL_STEP">ようこそ|使用許諾契約|AV Remover|インストール|完了</string>

	<string name="IDS_EPI_ACTION_INIT">初期化しています...</string>
	<string name="IDS_EPI_ACTION_EULA">エンドユーザーライセンス契約をダウンロードしています...</string>
	<string name="IDS_EPI_ACTION_DUMP">インストールパッケージを準備しています...</string>
	<string name="IDS_EPI_ACTION_CALC">空き領域を計算しています...</string>
	<string name="IDS_EPI_ACTION_DETECTAV">競合している可能性があるアプリケーションを確認しています...</string>
	<string name="IDS_EPI_ACTION_PACKAGECACHE">オフラインパッケージを確定しています...</string>
	<string name="IDS_EPI_ACTION_CLEANUP_FOLDERS">フォルダーを削除しています...</string>
	<string name="IDS_EPI_ACTION_TROUBLESHOOTING">トラブルシューティング中です。少し時間がかかる場合があります...</string>

	<string name="IDS_EPI_HOME_TITLE_EAV">${bts.package.[0].name}のインストール</string>
	<string name="IDS_EPI_HOME_TEXT_EAV">仕事、遊び、ソーシャルネットワークではESETによって保護されたコンピューターを利用してください。</string>
	<string name="IDS_EPI_HOME_TITLE_ESS">${bts.package.[0].name}のインストール</string>
	<string name="IDS_EPI_HOME_TEXT_ESS">仕事、遊び、ソーシャルネットワークではESETによって保護されたコンピューターを利用してください。</string>
	<string name="IDS_EPI_HOME_TITLE_EIS">${bts.package.[0].name}のインストール</string>
	<string name="IDS_EPI_HOME_TEXT_EIS">仕事、遊び、ソーシャルネットワークではESETによって保護されたコンピューターを利用してください。</string>
	<string name="IDS_EPI_HOME_TITLE_ESSP">${bts.package.[0].name}のインストール</string>
	<string name="IDS_EPI_HOME_TEXT_ESSP">仕事、遊び、ソーシャルネットワークではESETによって保護されたコンピューターを利用してください。</string>
	<string name="IDS_EPI_HOME_TITLE_EHS">${bts.package.[0].name}のインストール</string>
	<string name="IDS_EPI_HOME_TEXT_EHS">仕事、遊び、ソーシャルネットワークではESETによって保護されたコンピューターを利用してください。</string>
	<string name="IDS_EPI_HOME_TITLE_EEA">${bts.package.[0].name}のインストール</string>
	<string name="IDS_EPI_HOME_SUBTITLE_EEA">ビジネス向けの高度なベースライン保護</string>
	<string name="IDS_EPI_HOME_TEXT_EEA">${bts.package.[0].name}は受賞経験があるESET NOD32®検出技術を搭載し、ESETのクラウドベースのレピュテーションシステムによって強化された軽量の高度なベースライン保護をビジネス向けに提供します。完全に再設計された使いやすいESET  PROTECT Webコンソールですべてを容易に制御できます。</string>
	<string name="IDS_EPI_HOME_TITLE_EES">${bts.package.[0].name}のインストール</string>
	<string name="IDS_EPI_HOME_SUBTITLE_EES">全機能が揃った高度なセキュリティスイート</string>
	<string name="IDS_EPI_HOME_TEXT_EES">${bts.package.[0].name}は全機能が揃った高度なセキュリティスイートであり、あらゆるタイプのマルウェアに対する包括的なマルチレイヤーの保護を提供します。システム負荷が少なく、仮想化がサポートされ、完全に新しいESET PROTECT Webコンソールから監視することができます。</string>

	<string name="IDS_EPI_HOME_TITLE_MULTI">コンポーネントのインストール</string>
	<string name="IDS_EPI_INFO_TITLE_ERAA">このコンピューターはESET PROTECTによって管理されています</string>
	<string name="IDS_EPI_BUNDLE_TITLE">このインストーラーには次のコンポーネントが含まれます</string>

	<string name="IDS_EPI_HOME_AVREMOVER_CHECK">互換性がないセキュリティ製品をアンインストールする</string>
	<string name="IDS_EPI_HOME_NEW_VERSION_TEXT">この製品の新しいバージョンはオンラインで利用可能であり、含まれているものの代わりに、自動的にダウンロードおよびインストールされます。</string>
	<string name="IDS_EPI_HOME_NEW_VERSION_CHECKBOX">新しいバージョンのインストール</string>

<string name="IDS_EPI_HOME_NEED_HELP">インストールのヘルプが必要な場合</string>
	<string name="IDS_EPI_HOME_OPEN_INSTRUCTIONS">インストール手順を開く</string>
	<string name="IDS_EPI_HOME_OPEN_GUIDE">ユーザーガイドを開く</string>

	<string name="IDS_EPI_LOCK_PASSWORD_TITLE">ESET Security設定はパスワードで保護されていません。</string>
	<string name="IDS_EPI_LOCK_PASSWORD_SUBTITLE">続行するには、有効なパスワードを入力してください。</string>
	<string name="IDS_EPI_LOCK_PASSWORD_TEXT">パスワード</string>
	<string name="IDS_EPI_LOCK_PASSWORD_ERROR">パスワードが正しくありません。製品の詳細設定で&lt;br/&gt;パスワードを復元できます。</string>

	<string name="IDS_EPI_EULA_SINGLE_TITLE">エンドユーザーライセンス契約</string>
	<string name="IDS_EPI_EULA_SAVEAS_FILTER">テキスト(*.txt)|*.txt|HTML (*.html,*.htm)|*.html;*.htm||</string>
	<string name="IDS_EPI_EULA_BUTTON_ACCEPT">同意します</string>
	<string name="IDS_EPI_EULA_BUTTON_DECLINE">同意しない</string>
	<string name="IDS_EPI_EULA_DECLINE">エンドユーザーライセンス契約を拒否すると、インストーラーが終了します。よろしいですか?</string>

	<string name="IDS_EPI_DETECTAV_TITLE">検査中...</string>
	<string name="IDS_EPI_DETECTAV_TEXT01">他のセキュリティ製品が見つかりました</string>
	<string name="IDS_EPI_DETECTAV_TEXT02">2つのセキュリティソリューションを同時に実行すると、動作が不安定になる可能性があります。システムの存在する競合するセキュリティソフトウェアをアンインストールし、この問題を解決してください。</string>
	<string name="IDS_EPI_DETECTAV_UNINSTALL">他のウイルス対策ソフトウェアをアンインストールする方法</string>

	<string name="IDS_EPI_PACKAGECACHE_TITLE">コンポーネントをあらかじめダウンロード</string>
	<string name="IDS_EPI_PACKAGECACHE_TEXT">インターネット接続が制限されているときに、このパッケージインストーラー(ライブインストーラー)に含まれるコンポーネントをあらかじめダウンロードし、展開処理を高速化します。</string>
	<string name="IDS_EPI_PACKAGECACHE_HOW01">&lt;b&gt;[ダウンロード]ボタンをクリック&lt;/b&gt;すると、%1が作成され、コンピューターにダウンロードされ、保存されます。</string>
	<string name="IDS_EPI_PACKAGECACHE_HOW02">&lt;b&gt;%1および%2を同じフォルダーにコピーします。&lt;/b&gt;共有されたネットワーク領域またはUSBドライブドライブを使用できます。</string>
	<string name="IDS_EPI_PACKAGECACHE_HOW03">&lt;b&gt;コンピューターの共有フォルダーまたはUSBドライブで%2を実行します。&lt;/b&gt;%2は、あらかじめダウンロードされたコンポーネントを、再ダウンロードせずに使用します。</string>

	<string name="IDS_EPI_DOWNLOAD_PACKAGE_SINGLE">ダウンロード中...</string>
	<string name="IDS_EPI_DOWNLOAD_PACKAGE_MULTI">%1のダウンロード中...</string>

	<string name="IDS_EPI_CFG_LGF_CAPTION_CONSUMER">数には力があります。最高レベルの保護を実現しましょう。</string>
	<string name="IDS_EPI_CFG_LGF_TEXT_CONSUMER">ESET LiveGrid®フィードバックシステムでは、ESET社が不審なオブジェクトの情報と統計を収集します。これは自動的に実行され、ESETのクラウドシステムで検出メカニズムを構築します。これはただちに適用され、ESETユーザーが最大レベルの保護を得ることができます。</string>
	<string name="IDS_EPI_CFG_LGF_CAPTION_BUSINESS">さらに強化されたセキュリティを実現できるように支援してください。</string>
	<string name="IDS_EPI_CFG_LGF_TEXT_BUSINESS">ESET LiveGrid®フィードバックシステムでは、世界中の1億以上のセンサーを使用します。これにより、ESETが不審なオブジェクトの情報と統計を収集できます。これは自動的に処理され、ESETのクラウドレピュテーションシステムで検出メカニズムを作成します。これらはただちに適用され、ESETユーザーが最大レベルの保護を得られることを保証します。この設定はインストール後に変更することができます。</string>
	<string name="IDS_EPI_CFG_LGF_ENABLE">ESET LiveGrid®フィードバックシステムを有効にする（推奨）</string>
	<string name="IDS_EPI_CFG_LGF_DISABLE">ESET LiveGrid®フィードバックシステムを無効にする</string>

	<string name="IDS_EPI_CFG_PUA_CAPTION">望ましくない可能性があるアプリケーションの検出</string>
	<string name="IDS_EPI_CFG_PUA_TEXT">望ましくない可能性がある&lt;a {{IDS_HELP_PUA_LINK}}&gt;アプリケーションは&lt;/a&gt;、コンピュータのパフォーマンス、速度、信頼性に影響したり、動作が変わる可能性があります。これらのプログラムを検出するには、検出を有効にしてください。ただし、これらのプログラムは必ずしもセキュリティ上の危険をもたらすとは限らず、ユーザの同意なくインストールされることもないため、問題ないと判断できる場合は、検出を無効にしてください。  この設定はインストール後に変更することができます。</string>
	<string name="IDS_EPI_CFG_PUA_ENABLE">検出を有効にする</string>
	<string name="IDS_EPI_CFG_PUA_DISABLE">検出を無効にする</string>

	<string name="IDS_EPI_CFG_CEIP_CAPTION">カスタマーエクスペリエンス改善プログラムに参加する</string>
	<string name="IDS_EPI_CFG_CEIP_TEXT">ESETはこの製品の使用方法に関する匿名の情報を収集します。収集されたデータにより、ESETはお客様のエクスペリエンスを改善することができます。ESETは収集したデータを第三者と共有することはありません。&lt;a type="command" href="gui.ceip.show"&gt; 収集される情報?&lt;/a&gt;</string>
	<string name="IDS_EPI_CFG_CEIP_YES">はい、プログラムに参加します(推奨)</string>
	<string name="IDS_EPI_CFG_CEIP_NO">いいえ、プログラムに参加しません</string>

	<string name="IDS_EPI_CFG_EULA_CAPTION">エンドユーザーライセンス契約</string>
	<string name="IDS_EPI_CFG_EULA_DESCRIPTION">以下の[続行]ボタンをクリックすると、&lt;a {{IDS_LINK_SHOW_EULA}}&gt;エンドユーザーライセンス契約&lt;/a&gt;に同意し、&lt;a {{IDS_LINK_SHOW_PRIVACY_POLICY}}&gt;プライバシーポリシー&lt;/a&gt;を確認します。</string>
	<string name="IDS_EPI_CFG_EULA_MSGBOX_OK">OK</string>
	<string name="IDS_EPI_CFG_EULA_MSGBOX_NOT_AGREE">同意しない</string>
	<string name="IDS_EPI_CFG_EULA_MSGBOX_SAVE">保存</string>

	<string name="IDS_EPI_CFG_BUTTON_ADVANCED">インストールフォルダの変更</string>
	<string name="IDS_EPI_CFG_FOLDERS_INSTALL">製品フォルダ:</string>
	<string name="IDS_EPI_CFG_FOLDERS_DATA">データフォルダ:</string>
	<string name="IDS_EPI_CFG_FOLDERS_MODULE">モジュールフォルダ:</string>
	<string name="IDS_EPI_CFG_FOLDERS_VALIDATOR_INVALID">無効なフォルダが選択されました。</string>

	<string name="IDS_EPI_CFG_ALREADY_CONFIGURED">インストール設定は既に設定されています。</string>

	<string name="IDS_EPI_NONEMPTY_FOLDER_WARNING_TITLE">インストールフォルダーは空でなければなりません</string>
	<string name="IDS_EPI_NONEMPTY_FOLDER_WARNING_MESSAGE_SINGULAR">インストールを続行するには、既存のフォルダーが削除されます。</string>
	<string name="IDS_EPI_NONEMPTY_FOLDER_WARNING_MESSAGE_PLURAL">インストールを続行するには、既存のフォルダーが削除されます。</string>
	<string name="IDS_EPI_NONEMPTY_FOLDER_QUESTION">&lt;b&gt;フォルダーを削除して、インストールを続行しますか?&lt;/b&gt;</string>

	<string name="IDS_EPI_DISKSPACE_TITLE">ディスクスペースがありません。</string>
	<string name="IDS_EPI_DISKSPACE_TEXT01">ディスク領域が不足しています。強調表示されたボリュームには、インストールに使用できる十分な領域がありません。使用可能なディスク領域を確認して、やり直してください。</string>
	<string name="IDS_EPI_DISKSPACE_HEADER01">ドライブ</string>
	<string name="IDS_EPI_DISKSPACE_HEADER02">能力</string>
	<string name="IDS_EPI_DISKSPACE_HEADER03">空き領域</string>
	<string name="IDS_EPI_DISKSPACE_HEADER04">必要な領域</string>

	<string name="IDS_EPI_INSTALL_PACKAGE_SINGLE">インストール中...</string>
	<string name="IDS_EPI_INSTALL_PACKAGE_MULTI">%1のインストール中...</string>

	<string name="IDS_EPI_DONE_TITLE">インストール成功</string>
	<string name="IDS_EPI_DONE_TEXT01">${bts.package.[${bts.var.package.default}].name}は正常にコンピューターにインストールされました。コンピューターのウイルスとマルウェアの存在は継続的に確認されます。 &lt;br/&gt; &lt;br/&gt; ESETをお選びいただき、誠にありがとうございます。&lt;br/&gt; &lt;br/&gt; &lt;br/&gt; &lt;i&gt;[完了]&lt;/i&gt;をクリックすると、製品のインストールを完了します。</string>
	<string name="IDS_EPI_DONE_TEXT01_EPI">すべてのパッケージは正常にコンピューターにインストールされました。&lt;br/&gt;&lt;br/&gt;&lt;i&gt;完了&lt;/i&gt;をクリックして、製品設定を完了してください。</string>
		<string name="IDS_EPI_DONE_PACKAGECACHE_CAPTION">%1および%2は実行時と同じフォルダーにある必要があります。</string>
	<string name="IDS_EPI_DONE_PACKAGECACHE_DESCRIPTION">%1は次のフォルダーにダウンロードされ、保存されました。&lt;br/&gt;</string>

	<string name="IDS_EPI_FAIL_FAILED_TITLE">インストールは失敗しました</string>
	<string name="IDS_EPI_FAIL_FINISH_TITLE">インストールが完了しました</string>
	<string name="IDS_EPI_FAIL_KNOWLEDGEBASE">ESETナレッジベースで解決方法を探します。</string>
	<string name="IDS_EPI_FAIL_TROUBLESHOOT">トラブルシューティングツールの実行</string>
	<string name="IDS_EPI_FAIL_TS_LINK">ESETテクニカルサポートへのお問い合わせ</string>
	<string name="IDS_EPI_FAIL_RESTART">コンピュータを再起動する</string>

	<string name="IDS_EPI_FAIL_TITLE_OS">古いバージョンのMicrosoft Windows</string>
	<string name="IDS_EPI_FAIL_TEXT_OS_OUTDATED">ESETセキュリティは、古いバージョンのWindowsをサポートしていません。[閉じる]をクリックして、インストールを終了してください。</string>
	<string name="IDS_EPI_FAIL_TEXT_OS_NOT_SUPPORTED">この製品は、ご使用の古いバージョンのMicrosoft Windowsではサポートされていません。&lt;a {{IDS_LINK_PRODUCT_OPTIONS}}&gt;オプションを参照してください&lt;/a&gt;</string>
	<string name="IDS_EPI_FAIL_TEXT_OS_NOT_SUPPORTED_BUSINESS">この製品は、古いバージョンのMicrosoft Windowsではサポートされなくなりました。</string>

	<string name="IDS_EPI_FAIL_TITLE_EULA_REJECTED">エンドユーザーライセンス契約</string>
	<string name="IDS_EPI_FAIL_TEXT_EULA_REJECTED">エンドユーザーライセンス契約に同意しませんでした。</string>

	<string name="IDS_EPI_FAIL_TITLE_CONNECTION">接続エラー</string>
	<string name="IDS_EPI_FAIL_TEXT_CONNECTION">インターネット接続が動作していない可能性があります。 製品をインストールできません。 &lt;a {{IDS_LINK_INTERNET_SETTINGS}}&gt;インターネット接続を確認&lt;/a&gt;して、インストールを再試行してください。&lt;br/&gt;&lt;br/&gt;プロキシサーバーを使用していますか? プロキシサーバー設定を変更して、再試行してください</string>
	<string name="IDS_EPI_FAIL_TEXT_CONNECTION_EPI">インターネット接続が動作していない可能性があります。パッケージをインストールできません。&lt;a {{IDS_LINK_INTERNET_SETTINGS}}&gt;インターネット接続を確認&lt;/a&gt;して、インストールを再試行してください。&lt;br/&gt;&lt;br/&gt;プロキシサーバーを使用していますか? プロキシサーバー設定を変更して、再試行してください</string>

	<string name="IDS_EPI_FAIL_TITLE_DOWNLOAD_ERROR">ダウンロードエラー</string>
	<string name="IDS_EPI_FAIL_TEXT_DOWNLOAD_ERROR">サーバーからのデータのダウンロード中にエラーが発生しました。ネットワーク接続を確認し、再試行してください。&lt;br/&gt;&lt;br/&gt;問題が解決しない場合は、&lt;a {{IDS_LINK_OFFLINE_INSTALLER}}&gt;www.eset.com&lt;/a&gt;にアクセスして、オフラインインストーラをダウンロードしてください。</string>
	<string name="IDS_EPI_FAIL_TEXT_DOWNLOAD_ERROR_EPI">サーバーからのデータのダウンロード中にエラーが発生しました。ネットワーク接続を確認し、再試行してください。</string>

	<string name="IDS_EPI_FAIL_TITLE_INVALID_SERVER_RESPONSE">無効な応答</string>
	<string name="IDS_EPI_FAIL_TEXT_INVALID_SERVER_RESPONSE">サーバーから無効な応答が受信されました。</string>

	<string name="IDS_EPI_FAIL_TITLE_INVALID_INSTALLER">無効なインストーラー</string>
	<string name="IDS_EPI_FAIL_TEXT_INVALID_INSTALLER">このインストーラーは有効ではなく、置換する必要があります。新しいインストーラーをダウンロードしてこの製品をインストールしてください。</string>
	<string name="IDS_EPI_FAIL_TEXT_INVALID_INSTALLER_EPI">このインストーラーは有効ではなく、置換する必要があります。新しいインストーラーを生成するか、管理者に連絡してこの製品をインストールしてください。</string>

	<string name="IDS_EPI_FAIL_TITLE_VERSIONCHECK_NO_PACKAGES">互換性があるパッケージが見つかりません</string>
	<string name="IDS_EPI_FAIL_TEXT_VERSIONCHECK_NO_PACKAGES">サーバーには互換性があるインストールパッケージがありません。&lt;a {{IDS_LINK_OFFLINE_INSTALLER}}&gt;www.eset.com&lt;/a&gt;にアクセスして、オフラインインストーラをダウンロードしてください。</string>
	<string name="IDS_EPI_FAIL_TEXT_VERSIONCHECK_NO_PACKAGES_EPI">このインストーラーは有効ではなく、置換する必要があります。新しいインストーラーを生成するか、管理者に連絡してこの製品をインストールしてください。</string>

	<string name="IDS_EPI_FAIL_TITLE_INCOMPATIBLE_OS">互換性がないオペレーティングシステム</string>
	<string name="IDS_EPI_FAIL_TEXT_INCOMPATIBLE_OS">${bts.package.[${bts.var.package.current}].name}は現在のオペレーティングシステム用ではありません。&lt;a {{IDS_LINK_OFFLINE_INSTALLER}}&gt;www.eset.com&lt;/a&gt;から製品をダウンロードしてインストールしてください。</string>
	<string name="IDS_EPI_FAIL_TEXT_INCOMPATIBLE_OS_EPI">${bts.package.[${bts.var.package.current}].name}は現在のオペレーティングシステム用ではありません。</string>

	<string name="IDS_EPI_FAIL_TITLE_INCOMPATIBLE_PACKAGE_X32">互換性がないパッケージ</string>
	<string name="IDS_EPI_FAIL_TEXT_INCOMPATIBLE_PACKAGE_X32">このインストールパッケージは32ビットオペレーティングシステム用です。64ビットオペレーティングシステムのインストールパッケージを使用してください。</string>

	<string name="IDS_EPI_FAIL_TITLE_INCOMPATIBLE_PACKAGE_X64">互換性がないパッケージ</string>
	<string name="IDS_EPI_FAIL_TEXT_INCOMPATIBLE_PACKAGE_X64">このインストールパッケージは64ビットオペレーティングシステム用です。32ビットオペレーティングシステムのインストールパッケージを使用してください。</string>

	<string name="IDS_EPI_FAIL_TITLE_INCOMPATIBLE_PRODUCT_INSTALLED">互換性のない製品がインストールされています</string>
	<string name="IDS_EPI_FAIL_TEXT_INCOMPATIBLE_PRODUCT_INSTALLED">互換性がない{PRODUCT}製品が既にインストールされています。手動でアンインストールし、インストールを再開してください。</string>

	<string name="IDS_EPI_FAIL_TITLE_NEWER_VERSION_NOT_AVAILABLE">最新バージョンは既にインストールされています</string>
	<string name="IDS_EPI_FAIL_TEXT_NEWER_VERSION_NOT_AVAILABLE">最新バージョンの${bts.package.[${bts.var.package.default}].name}は既にこのコンピュータにインストールされています。</string>

	<string name="IDS_EPI_FAIL_TITLE_REFERRAL">製品をインストールできません</string>
	<string name="IDS_EPI_FAIL_TEXT_REFERRAL">別のESET製品が既にこのデバイスにインストールされているため、製品をインストールできません。</string>
	<string name="IDS_EPI_FAIL_TEXT_REFERRAL_UPGRADE">既存のバージョンのESETは古いため、最適な保護は保証されません。&lt;br/&gt;&lt;b&gt;無料で最新バージョンにアップグレードして、セキュリティ保護を強化してください。&lt;/b&gt;</string>

	<string name="IDS_EPI_FAIL_TITLE_PACKAGE_NOT_FOUND">パッケージが見つかりません</string>
	<string name="IDS_EPI_FAIL_TEXT_PACKAGE_NOT_FOUND">{PRODUCT}インストールパッケージが見つかりませんでした。</string>

	<string name="IDS_EPI_FAIL_TITLE_PACKAGE_CORRUPTED">パッケージが破損しています</string>
	<string name="IDS_EPI_FAIL_TEXT_PACKAGE_CORRUPTED">{PRODUCT}インストールパッケージが破損しています。</string>

	<string name="IDS_EPI_FAIL_TITLE_INSTALL_OUT_OF_SPACE">ディスクスペースがありません。</string>
	<string name="IDS_EPI_FAIL_TEXT_INSTALL_OUT_OF_SPACE">${bts.package.[${bts.var.package.default}].name}のインストールを完了するための十分なディスク領域がありません。&lt;br/&gt;&lt;br/&gt;%u MB以上の空き領域があることを確認して、再試行してください。</string>
	<string name="IDS_EPI_FAIL_TEXT_INSTALL_OUT_OF_SPACE_EPI">すべてのパッケージのインストールを完了するための十分なディスク領域がありません。&lt;br/&gt;&lt;br/&gt;%u MB以上の空き領域があることを確認して、再試行してください。</string>

	<string name="IDS_EPI_FAIL_TITLE_SETUP">インストールは正常に完了しませんでした</string>
	<string name="IDS_EPI_FAIL_TEXT_SETUP">${bts.package.[${bts.var.package.current}].name}のインストールは正常に完了しませんでした。システムはコンピュータ脅威から保護されていない可能性があります。${bts.package.[${bts.var.package.current}].name}をコンピュータにインストールするには、インストールを再実行してください。</string>
	<string name="IDS_EPI_FAIL_TEXT_SETUP_TROUBLESHOOT">デバイスにESET製品をインストールする際に問題が発生しました。トラブルシューティングツールを実行することをお勧めします。可能な場合は、トラブルシューティングツールによって問題が解決します。</string>
	<string name="IDS_EPI_FAIL_TEXT_SETUP_EPI">${bts.package.[${bts.var.package.current}].name}のインストールは正常に完了しませんでした。システムはコンピューター脅威から保護されていない可能性があります。すべてのパッケージをコンピューターにインストールするには、インストールを再実行してください。</string>
	<string name="IDS_EPI_FAIL_TEXT_SETUP_ERROR_CODE">エラーコード: %s</string>

	<string name="IDS_EPI_FAIL_TITLE_ABORT">インストールはユーザーによって中断されました</string>
	<string name="IDS_EPI_FAIL_TEXT_ABORT">${bts.package.[${bts.var.package.default}].name}のインストールはユーザーによって中断されました。${bts.package.[${bts.var.package.default}].name}をコンピュータにインストールするには、インストールを再実行してください。</string>
	<string name="IDS_EPI_FAIL_TEXT_ABORT_EPI">インストールがユーザーによって中断されました。すべてのパッケージをコンピューターにインストールするには、インストールを再度実行してください。</string>

	<string name="IDS_EPI_FAIL_TITLE_INTERNAL_ERROR">内部エラー</string>
	<string name="IDS_EPI_FAIL_TEXT_INTERNAL_ERROR">内部エラーが発生しました。再試行して、インストールを再開してください。</string>

	<string name="IDS_EPI_TROUBLESHOOT_FINISH_TITLE">トラブルシューティングが完了しました</string>
	<string name="IDS_EPI_TROUBLESHOOT_SUCCESS_TITLE">トラブルシューティングが成功しました</string>
	<string name="IDS_EPI_TROUBLESHOOT_FAILED_TITLE">トラブルシューティングが成功しませんでした</string>
	<string name="IDS_EPI_TROUBLESHOOT_TEXT">&lt;b&gt;このウィンドウを閉じて、コンピューターを再起動することをお勧めします。再起動後に、このインストーラーをもう一度実行してください。&lt;/b&gt;</string>
	<string name="IDS_EPI_TROUBLESHOOT_REBOOT_TEXT">&lt;b&gt;トラブルシューティングを完了するには、再起動する必要があります。このウィンドウを閉じて、コンピューターを再起動してください。再起動後に、このインストーラーをもう一度実行してください。&lt;/b&gt;</string>
	<string name="IDS_EPI_TROUBLESHOOT_CONTACT_TEXT">エラーが解決されない場合は、システム管理者または&lt;a {{IDS_LINK_SUPPORT}}&gt;ESETカスタマーサポート&lt;/a&gt;に連絡してください。</string>

	<string name="IDS_EPI_CFG_SIMPLE_CAPTION">保護およびインストール設定</string>
	<string name="IDS_EPI_CFG_RECOMMENDED_CAPTION">推奨</string>
	<string name="IDS_EPI_CFG_SIMPLE_PUA_CAPTION">望ましくない可能性のあるアプリケーションの検出を有効にする</string>
	<string name="IDS_EPI_CFG_SIMPLE_CEIP_CAPTION">カスタマーエクスペリエンス改善プログラムに参加する&lt;br/&gt;&lt;a type="command" href="gui.ceip.show"&gt;収集される情報&lt;/a&gt;</string>
	<string name="IDS_EPI_CFG_SIMPLE_LGF_CAPTION">ESET LiveGrid®フィードバックシステムを有効にする</string>
	<string name="IDS_EPI_CFG_SIMPLE_CEIP_TEXT">ESETはこの製品の使用方法に関する匿名の情報を収集します。収集されたデータにより、ESETはお客様のエクスペリエンスを改善することができます。ESETは収集したデータを第三者と共有することはありません。</string>
	<string name="IDS_EPI_CFG_SIMPLE_CONTINUE">続行</string>
	<string name="IDS_EPI_CFG_SIMPLE_ALL_CONTINUE">許可して続行</string>

	<string name="IDS_EPI_BANNER_CAPTION1">インストールを準備しています</string>
	<string name="IDS_EPI_BANNER_DESCRIPTION1">インストールパッケージをダウンロードしています。しばらくお待ちください。</string>

	<string name="IDS_EPI_BANNER_CAPTION2">インストール中</string>
	<string name="IDS_EPI_BANNER_DESCRIPTION2">まもなく完了します。インストールが完了するまでお待ちください。</string>

	<string name="IDS_EPI_BANNER_CAPTION3">比類なきパフォーマンス</string>
	<string name="IDS_EPI_BANNER_DESCRIPTION3">ESETの多層防御機能は、最低限のシステム負荷で最高レベルの保護機能を実現するため、世界中の1億以上のセンサーから集めた情報を利用します。</string>

	<string name="IDS_EPI_BANNER_CAPTION4">ESETをお選びいただき、誠にありがとうございます。</string>
	<string name="IDS_EPI_BANNER_DESCRIPTION4">ESET NOD32®テクノロジーは、VB100アワードで連続受賞、および、最多受賞の世界記録を保持しています。</string>

	<string name="IDS_EPI_BANNER_CAPTION5">簡単なITセキュリティの集中管理</string>
	<string name="IDS_EPI_BANNER_DESCRIPTION5">クラウド版またはオンプレミス版のセキュリティ管理コンソールのいずれを使用していても、一元化されたコントローラーによって、時間や場所に関係なく、すべてのESET製品のコマンドが改善されます。</string>


</resources>
