﻿<?xml version="1.0" encoding="utf-8" ?>
<resources langname="简体中文 (simplified Chinese)" lcid="0804">

	<string name="IDS_EPI_INSTALL_STEP">欢迎使用|许可协议|AV Remover|安装|完成</string>

	<string name="IDS_EPI_ACTION_INIT">正在初始化...</string>
	<string name="IDS_EPI_ACTION_EULA">正在下载 EULA...</string>
	<string name="IDS_EPI_ACTION_DUMP">正在准备安装程序包...</string>
	<string name="IDS_EPI_ACTION_CALC">正在计算可用空间...</string>
	<string name="IDS_EPI_ACTION_DETECTAV">正在检查是否存在可能冲突的应用程序...</string>
	<string name="IDS_EPI_ACTION_PACKAGECACHE">正在完成离线程序包...</string>
	<string name="IDS_EPI_ACTION_CLEANUP_FOLDERS">正在删除文件夹...</string>
	<string name="IDS_EPI_ACTION_TROUBLESHOOTING">正在排除故障，这可能需要花费一些时间...</string>

	<string name="IDS_EPI_HOME_TITLE_EAV">安裝 ${bts.package.[0].name}</string>
	<string name="IDS_EPI_HOME_TEXT_EAV">借助 ESET 防护，在工作、娱乐和联网时尽情使用您的计算机。</string>
	<string name="IDS_EPI_HOME_TITLE_ESS">安裝 ${bts.package.[0].name}</string>
	<string name="IDS_EPI_HOME_TEXT_ESS">借助 ESET 防护，在工作、娱乐和联网时尽情使用您的计算机。</string>
	<string name="IDS_EPI_HOME_TITLE_EIS">安裝 ${bts.package.[0].name}</string>
	<string name="IDS_EPI_HOME_TEXT_EIS">借助 ESET 防护，在工作、娱乐和联网时尽情使用您的计算机。</string>
	<string name="IDS_EPI_HOME_TITLE_ESSP">安裝 ${bts.package.[0].name}</string>
	<string name="IDS_EPI_HOME_TEXT_ESSP">借助 ESET 防护，在工作、娱乐和联网时尽情使用您的计算机。</string>
	<string name="IDS_EPI_HOME_TITLE_EHS">安裝 ${bts.package.[0].name}</string>
	<string name="IDS_EPI_HOME_TEXT_EHS">借助 ESET 防护，在工作、娱乐和联网时尽情使用您的计算机。</string>
	<string name="IDS_EPI_HOME_TITLE_EEA">安裝 ${bts.package.[0].name}</string>
	<string name="IDS_EPI_HOME_SUBTITLE_EEA">为您的企业提供高级基准保护</string>
	<string name="IDS_EPI_HOME_TEXT_EEA">${bts.package.[0].name} 搭配屡获殊荣的 ESET NOD32® 检测技术，为您的企业提供轻量、高级的基准保护，并通过我们基于云的声誉良好的系统得到增强。利用我们完全重新设计的、用户友好的 ESET PROTECT Web 控制台轻松控制它。</string>
	<string name="IDS_EPI_HOME_TITLE_EES">安裝 ${bts.package.[0].name}</string>
	<string name="IDS_EPI_HOME_SUBTITLE_EES">全功能的高级安全套件</string>
	<string name="IDS_EPI_HOME_TEXT_EES">${bts.package.[0].name} 是全功能的高级安全套件，针对所有类型的恶意软件提供全面、多层保护。通过全新的 ESET PROTECT Web 控制台，尽情享用低系统要求、虚拟化支持和监控。</string>

	<string name="IDS_EPI_HOME_TITLE_MULTI">安装组件</string>
	<string name="IDS_EPI_INFO_TITLE_ERAA">本计算机将由 ESET PROTECT 进行管理</string>
	<string name="IDS_EPI_BUNDLE_TITLE">本安装程序中包括以下组件</string>

	<string name="IDS_EPI_HOME_AVREMOVER_CHECK">我要卸载不兼容的安全产品</string>
	<string name="IDS_EPI_HOME_NEW_VERSION_TEXT">此产品的更高版本可联机获取，并且可以自动下载和安装，以代替已有版本。</string>
	<string name="IDS_EPI_HOME_NEW_VERSION_CHECKBOX">安装更高版本</string>

<string name="IDS_EPI_HOME_NEED_HELP">需要安装帮助？</string>
	<string name="IDS_EPI_HOME_OPEN_INSTRUCTIONS">打开安装说明</string>
	<string name="IDS_EPI_HOME_OPEN_GUIDE">打开用户指南</string>

	<string name="IDS_EPI_LOCK_PASSWORD_TITLE">ESET Security 设置受密码保护</string>
	<string name="IDS_EPI_LOCK_PASSWORD_SUBTITLE">请输入有效密码以继续。</string>
	<string name="IDS_EPI_LOCK_PASSWORD_TEXT">密码</string>
	<string name="IDS_EPI_LOCK_PASSWORD_ERROR">密码错误。您可以在产品的&lt;br/&gt;“高级”设置中恢复密码。</string>

	<string name="IDS_EPI_EULA_SINGLE_TITLE">最终用户许可协议</string>
	<string name="IDS_EPI_EULA_SAVEAS_FILTER">文本 (*.txt)|*.txt|HTML (*.html,*.htm)|*.html;*.htm||</string>
	<string name="IDS_EPI_EULA_BUTTON_ACCEPT">我接受</string>
	<string name="IDS_EPI_EULA_BUTTON_DECLINE">我不同意</string>
	<string name="IDS_EPI_EULA_DECLINE">拒绝最终用户许可协议将关闭安装程序。确定要拒绝吗？</string>

	<string name="IDS_EPI_DETECTAV_TITLE">正在扫描</string>
	<string name="IDS_EPI_DETECTAV_TEXT01">发现其他安全产品</string>
	<string name="IDS_EPI_DETECTAV_TEXT02">同时运行两个安全解决方案可能会导致系统不稳定。通过卸载系统中存在冲突的安全软件来解决此问题。</string>
	<string name="IDS_EPI_DETECTAV_UNINSTALL">如何卸载其他病毒防护软件</string>

	<string name="IDS_EPI_PACKAGECACHE_TITLE">预下载组件</string>
	<string name="IDS_EPI_PACKAGECACHE_TEXT">预下载此安装程序包(Live Installer)中包含的组件，以便在 Internet 连接受限时加快部署过程。</string>
	<string name="IDS_EPI_PACKAGECACHE_HOW01">&lt;b&gt;单击下载按钮&lt;/b&gt;，将创建、下载 %1，并将其保存到您的计算机。</string>
	<string name="IDS_EPI_PACKAGECACHE_HOW02">&lt;b&gt;将 %1 和 %2 保存到同一文件夹中。&lt;/b&gt; 您可以使用共享网络空间或 USB 驱动器。</string>
	<string name="IDS_EPI_PACKAGECACHE_HOW03">&lt;b&gt;在任何计算机上从共享文件夹或 USB 驱动器执行 %2。&lt;/b&gt;%2 将使用已预下载的组件，而无需再次下载它们。</string>

	<string name="IDS_EPI_DOWNLOAD_PACKAGE_SINGLE">正在下载...</string>
	<string name="IDS_EPI_DOWNLOAD_PACKAGE_MULTI">正在下载 %1 ...</string>

	<string name="IDS_EPI_CFG_LGF_CAPTION_CONSUMER">人多力量大，您的参与将有助于获得最大级别的防护。</string>
	<string name="IDS_EPI_CFG_LGF_TEXT_CONSUMER">ESET LiveGrid® 反馈系统允许我们收集有关可疑对象的数据和信息，我们将自动处理这些信息以在云系统中创建检测机制。然后，我们会立即应用这些机制以确保客户获得最大级别的防护。</string>
	<string name="IDS_EPI_CFG_LGF_CAPTION_BUSINESS">帮助我们提供有史以来最好的安全性。</string>
	<string name="IDS_EPI_CFG_LGF_TEXT_BUSINESS">ESET LiveGrid® 反馈系统使用全球超过 1 亿的传感器，允许我们收集有关可疑对象的信息，我们将使用基于云的声誉良好的系统自动处理这些信息以创建检测机制。然后，我们会立即应用这些机制以确保客户获得最大级别的防护。</string>
	<string name="IDS_EPI_CFG_LGF_ENABLE">启用 ESET LiveGrid® 反馈系统(建议)</string>
	<string name="IDS_EPI_CFG_LGF_DISABLE">禁用 ESET LiveGrid® 反馈系统</string>

	<string name="IDS_EPI_CFG_PUA_CAPTION">检测潜在不受欢迎的应用程序</string>
	<string name="IDS_EPI_CFG_PUA_TEXT">ESET 可以检测&lt;a {{IDS_HELP_PUA_LINK}}&gt;潜在不受欢迎的应用程序&lt;/a&gt;并在安装之前要求确认。潜在不受欢迎的应用程序可能不会带来安全风险，但它们可能会影响计算机的性能、速度和可靠性，或者引起行为的改变。它们通常需要经过用户许可才能安装。</string>
	<string name="IDS_EPI_CFG_PUA_ENABLE">启用潜在不受欢迎的应用程序检测</string>
	<string name="IDS_EPI_CFG_PUA_DISABLE">禁用潜在不受欢迎的应用程序检测</string>

	<string name="IDS_EPI_CFG_CEIP_CAPTION">参与客户体验改进计划</string>
	<string name="IDS_EPI_CFG_CEIP_TEXT">我们想要收集有关此产品使用情况的匿名信息。收集的数据将帮助我们改进用户的体验，绝不会与第三方共享此数据。&lt;a type="command" href="gui.ceip.show"&gt; 我们收集哪些信息？&lt;/a&gt;</string>
	<string name="IDS_EPI_CFG_CEIP_YES">是，我想要参与该计划(建议)</string>
	<string name="IDS_EPI_CFG_CEIP_NO">否，我不想参与该计划</string>

	<string name="IDS_EPI_CFG_EULA_CAPTION">最终用户许可协议</string>
	<string name="IDS_EPI_CFG_EULA_DESCRIPTION">单击下面的任意“继续”按钮，即表示您接受&lt;a {{IDS_LINK_SHOW_EULA}}&gt;最终用户许可协议&lt;/a&gt;并确认&lt;a {{IDS_LINK_SHOW_PRIVACY_POLICY}}&gt;隐私政策&lt;/a&gt;。</string>
	<string name="IDS_EPI_CFG_EULA_MSGBOX_OK">确定</string>
	<string name="IDS_EPI_CFG_EULA_MSGBOX_NOT_AGREE">我不同意</string>
	<string name="IDS_EPI_CFG_EULA_MSGBOX_SAVE">保存</string>

	<string name="IDS_EPI_CFG_BUTTON_ADVANCED">更改安装文件夹</string>
	<string name="IDS_EPI_CFG_FOLDERS_INSTALL">产品文件夹:</string>
	<string name="IDS_EPI_CFG_FOLDERS_DATA">数据文件夹:</string>
	<string name="IDS_EPI_CFG_FOLDERS_MODULE">模块文件夹:</string>
	<string name="IDS_EPI_CFG_FOLDERS_VALIDATOR_INVALID">选择的文件夹无效。</string>

	<string name="IDS_EPI_CFG_ALREADY_CONFIGURED">安装设置已配置。</string>

	<string name="IDS_EPI_NONEMPTY_FOLDER_WARNING_TITLE">安装文件夹必须为空</string>
	<string name="IDS_EPI_NONEMPTY_FOLDER_WARNING_MESSAGE_SINGULAR">若要继续安装，将删除现有文件夹:</string>
	<string name="IDS_EPI_NONEMPTY_FOLDER_WARNING_MESSAGE_PLURAL">若要继续安装，将删除现有文件夹:</string>
	<string name="IDS_EPI_NONEMPTY_FOLDER_QUESTION">&lt;b&gt;是否同意删除文件夹并继续安装？&lt;/b&gt;</string>

	<string name="IDS_EPI_DISKSPACE_TITLE">磁盘空间不够</string>
	<string name="IDS_EPI_DISKSPACE_TEXT01">磁盘空间不足。亮显的卷没有足够的空间用于安装。请检查可用空间并重试。</string>
	<string name="IDS_EPI_DISKSPACE_HEADER01">驱动器</string>
	<string name="IDS_EPI_DISKSPACE_HEADER02">容量</string>
	<string name="IDS_EPI_DISKSPACE_HEADER03">可用空间</string>
	<string name="IDS_EPI_DISKSPACE_HEADER04">需要空间</string>

	<string name="IDS_EPI_INSTALL_PACKAGE_SINGLE">正在安装...</string>
	<string name="IDS_EPI_INSTALL_PACKAGE_MULTI">正在安装 %1 ...</string>

	<string name="IDS_EPI_DONE_TITLE">安装成功</string>
	<string name="IDS_EPI_DONE_TEXT01">${bts.package.[${bts.var.package.default}].name} 已成功安装在您的计算机上。将持续检查您的计算机是否存在病毒和恶意软件。&lt;br/&gt; &lt;br/&gt; 感谢您选择 ESET！&lt;br/&gt; &lt;br/&gt; &lt;br/&gt; 单击&lt;i&gt;完成&lt;/i&gt;以完成产品安装。</string>
	<string name="IDS_EPI_DONE_TEXT01_EPI">所有程序包都已成功安装在您的计算机上。&lt;br/&gt; &lt;br/&gt; 单击&lt;i&gt;“完成”&lt;/i&gt;以完成产品设置。</string>
		<string name="IDS_EPI_DONE_PACKAGECACHE_CAPTION">执行 %1 和 %2 时，它们必须位于同一文件夹中。</string>
	<string name="IDS_EPI_DONE_PACKAGECACHE_DESCRIPTION">%1 已下载并保存到文件夹:&lt;br/&gt;</string>

	<string name="IDS_EPI_FAIL_FAILED_TITLE">安装失败</string>
	<string name="IDS_EPI_FAIL_FINISH_TITLE">安装完成</string>
	<string name="IDS_EPI_FAIL_KNOWLEDGEBASE">在 ESET 知识库中搜索解决方案。</string>
	<string name="IDS_EPI_FAIL_TROUBLESHOOT">运行故障排除程序</string>
	<string name="IDS_EPI_FAIL_TS_LINK">联系 ESET 技术支持</string>
	<string name="IDS_EPI_FAIL_RESTART">重新启动计算机</string>

	<string name="IDS_EPI_FAIL_TITLE_OS">过时的 Microsoft Windows 版本</string>
	<string name="IDS_EPI_FAIL_TEXT_OS_OUTDATED">ESET Security 不支持过时的 Microsoft Windows 版本。单击“关闭”以退出安装。</string>
	<string name="IDS_EPI_FAIL_TEXT_OS_NOT_SUPPORTED">在过时的 Microsoft Windows 版本上不再支持此产品。&lt;a {{IDS_LINK_PRODUCT_OPTIONS}}&gt;查看您的选项&lt;/a&gt;</string>
	<string name="IDS_EPI_FAIL_TEXT_OS_NOT_SUPPORTED_BUSINESS">在过时的 Microsoft Windows 版本上不再支持此产品。</string>

	<string name="IDS_EPI_FAIL_TITLE_EULA_REJECTED">最终用户许可协议</string>
	<string name="IDS_EPI_FAIL_TEXT_EULA_REJECTED">未接受最终用户许可协议。</string>

	<string name="IDS_EPI_FAIL_TITLE_CONNECTION">连接出错</string>
	<string name="IDS_EPI_FAIL_TEXT_CONNECTION">您的 Internet 连接似乎不工作。 无法安装此产品。 &lt;a {{IDS_LINK_INTERNET_SETTINGS}}&gt;检查 Internet 连接&lt;/a&gt;，然后重新尝试安装。&lt;br/&gt;&lt;br/&gt;您是否正在使用代理服务器？ 更改代理服务器设置，然后重试。</string>
	<string name="IDS_EPI_FAIL_TEXT_CONNECTION_EPI">您的 Internet 连接似乎不工作。无法安装此程序包。&lt;a {{IDS_LINK_INTERNET_SETTINGS}}&gt;检查 Internet 连接&lt;/a&gt;，然后重新尝试安装。&lt;br/&gt;&lt;br/&gt;您是否正在使用代理服务器？请更改代理服务器设置，然后重试。</string>

	<string name="IDS_EPI_FAIL_TITLE_DOWNLOAD_ERROR">下载出错</string>
	<string name="IDS_EPI_FAIL_TEXT_DOWNLOAD_ERROR">从服务器下载数据时发生错误。请检查网络连接，然后重试。&lt;br/&gt;&lt;br/&gt;如果仍遇到问题，请访问 &lt;a {{IDS_LINK_OFFLINE_INSTALLER}}&gt;www.eset.com&lt;/a&gt; 下载脱机安装程序。</string>
	<string name="IDS_EPI_FAIL_TEXT_DOWNLOAD_ERROR_EPI">从服务器下载数据时发生错误。请检查网络连接，然后重试。</string>

	<string name="IDS_EPI_FAIL_TITLE_INVALID_SERVER_RESPONSE">响应无效</string>
	<string name="IDS_EPI_FAIL_TEXT_INVALID_SERVER_RESPONSE">服务器的响应接收方无效。</string>

	<string name="IDS_EPI_FAIL_TITLE_INVALID_INSTALLER">无效的安装程序</string>
	<string name="IDS_EPI_FAIL_TEXT_INVALID_INSTALLER">此安装程序不再有效，且必须进行更换。请下载新安装程序以安装此产品。</string>
	<string name="IDS_EPI_FAIL_TEXT_INVALID_INSTALLER_EPI">此安装程序不再有效，且必须进行更换。请生成新安装程序或联系管理员以安装此产品。</string>

	<string name="IDS_EPI_FAIL_TITLE_VERSIONCHECK_NO_PACKAGES">未找到兼容程序包</string>
	<string name="IDS_EPI_FAIL_TEXT_VERSIONCHECK_NO_PACKAGES">服务器上没有可用的兼容安装程序包。请访问 &lt;a {{IDS_LINK_OFFLINE_INSTALLER}}&gt;www.eset.com&lt;/a&gt; 下载脱机安装程序。</string>
	<string name="IDS_EPI_FAIL_TEXT_VERSIONCHECK_NO_PACKAGES_EPI">此安装程序不再有效，且必须进行更换。请生成新安装程序或联系管理员以安装此产品。</string>

	<string name="IDS_EPI_FAIL_TITLE_INCOMPATIBLE_OS">操作系统不兼容</string>
	<string name="IDS_EPI_FAIL_TEXT_INCOMPATIBLE_OS">${bts.package.[${bts.var.package.current}].name} 不适用于操作系统。请从 &lt;a {{IDS_LINK_OFFLINE_INSTALLER}}&gt;www.eset.com&lt;/a&gt; 下载并安装相应产品。</string>
	<string name="IDS_EPI_FAIL_TEXT_INCOMPATIBLE_OS_EPI">${bts.package.[${bts.var.package.current}].name} 不适用于操作系统。</string>

	<string name="IDS_EPI_FAIL_TITLE_INCOMPATIBLE_PACKAGE_X32">程序包不兼容</string>
	<string name="IDS_EPI_FAIL_TEXT_INCOMPATIBLE_PACKAGE_X32">此安装程序包适用于 32 位的操作系统。请使用适用于 64 位操作系统的安装程序包。</string>

	<string name="IDS_EPI_FAIL_TITLE_INCOMPATIBLE_PACKAGE_X64">程序包不兼容</string>
	<string name="IDS_EPI_FAIL_TEXT_INCOMPATIBLE_PACKAGE_X64">此安装程序包适用于 64 位的操作系统。请使用适用于 32 位操作系统的安装程序包。</string>

	<string name="IDS_EPI_FAIL_TITLE_INCOMPATIBLE_PRODUCT_INSTALLED">已安装产品不兼容</string>
	<string name="IDS_EPI_FAIL_TEXT_INCOMPATIBLE_PRODUCT_INSTALLED">已安装不兼容的 {PRODUCT} 产品。请手动将其卸载并重新开始安装。</string>

	<string name="IDS_EPI_FAIL_TITLE_NEWER_VERSION_NOT_AVAILABLE">已安装最新版本</string>
	<string name="IDS_EPI_FAIL_TEXT_NEWER_VERSION_NOT_AVAILABLE">最新版本的 ${bts.package.[${bts.var.package.default}].name} 已安装在此计算机上。</string>

	<string name="IDS_EPI_FAIL_TITLE_REFERRAL">无法安装此产品</string>
	<string name="IDS_EPI_FAIL_TEXT_REFERRAL">此设备上已安装有其他 ESET 产品，因此无法安装此产品。</string>
	<string name="IDS_EPI_FAIL_TEXT_REFERRAL_UPGRADE">现有 ESET 版本已过期，不再保证可提供最佳保护。&lt;br/&gt;&lt;b&gt;通过免费升级到最新版本，可增强安全保护。&lt;/b&gt;</string>

	<string name="IDS_EPI_FAIL_TITLE_PACKAGE_NOT_FOUND">找不到程序包</string>
	<string name="IDS_EPI_FAIL_TEXT_PACKAGE_NOT_FOUND">找不到 {PRODUCT} 安装包。</string>

	<string name="IDS_EPI_FAIL_TITLE_PACKAGE_CORRUPTED">程序包已损坏</string>
	<string name="IDS_EPI_FAIL_TEXT_PACKAGE_CORRUPTED">{PRODUCT} 安装包已损坏。</string>

	<string name="IDS_EPI_FAIL_TITLE_INSTALL_OUT_OF_SPACE">磁盘空间不足</string>
	<string name="IDS_EPI_FAIL_TEXT_INSTALL_OUT_OF_SPACE">没有足够的磁盘空间完成 ${bts.package.[${bts.var.package.default}].name} 的安装。&lt;br/&gt;&lt;br/&gt;请确保您至少有 %u MB 可用空间并重试。</string>
	<string name="IDS_EPI_FAIL_TEXT_INSTALL_OUT_OF_SPACE_EPI">没有足够的磁盘空间完成所有程序包的安装。&lt;br/&gt;&lt;br/&gt;请确保您至少有 %u MB 可用空间并重试。</string>

	<string name="IDS_EPI_FAIL_TITLE_SETUP">安装未成功完成</string>
	<string name="IDS_EPI_FAIL_TEXT_SETUP">${bts.package.[${bts.var.package.current}].name} 安装尚未成功完成。未能保护系统远离计算机威胁。若要在计算机上安装 ${bts.package.[${bts.var.package.current}].name}，请重新运行安装。</string>
	<string name="IDS_EPI_FAIL_TEXT_SETUP_TROUBLESHOOT">在您的设备上安装 ESET 产品出现问题。我们建议您运行故障排除程序。该程序将解决此问题(如果可能)。</string>
	<string name="IDS_EPI_FAIL_TEXT_SETUP_EPI">${bts.package.[${bts.var.package.current}].name} 安装尚未成功完成。未能保护系统远离计算机威胁。若要在计算机上安装所有程序包，请重新运行安装。</string>
	<string name="IDS_EPI_FAIL_TEXT_SETUP_ERROR_CODE">错误代码: %s</string>

	<string name="IDS_EPI_FAIL_TITLE_ABORT">安装已由用户中断</string>
	<string name="IDS_EPI_FAIL_TEXT_ABORT">${bts.package.[${bts.var.package.default}].name} 安装已由用户中断。若要在计算机上安装 ${bts.package.[${bts.var.package.default}].name}，请重新运行安装。</string>
	<string name="IDS_EPI_FAIL_TEXT_ABORT_EPI">安装已由用户中断。若要在计算机上安装所有程序包，请重新运行安装。</string>

	<string name="IDS_EPI_FAIL_TITLE_INTERNAL_ERROR">内部错误</string>
	<string name="IDS_EPI_FAIL_TEXT_INTERNAL_ERROR">发生内部错误。请重新尝试再次启动安装。</string>

	<string name="IDS_EPI_TROUBLESHOOT_FINISH_TITLE">故障排除程序已完成</string>
	<string name="IDS_EPI_TROUBLESHOOT_SUCCESS_TITLE">故障排除已成功</string>
	<string name="IDS_EPI_TROUBLESHOOT_FAILED_TITLE">故障排除未成功</string>
	<string name="IDS_EPI_TROUBLESHOOT_TEXT">&lt;b&gt;我们建议您关闭此窗口并重新启动计算机。重新启动后，重新运行此安装程序。&lt;/b&gt;</string>
	<string name="IDS_EPI_TROUBLESHOOT_REBOOT_TEXT">&lt;b&gt;需要重新启动来完成故障排除。请关闭此窗口并重新启动计算机。重新启动后，重新运行此安装程序。&lt;/b&gt;</string>
	<string name="IDS_EPI_TROUBLESHOOT_CONTACT_TEXT">如果仍然发生错误，请联系系统管理员或 &lt;a {{IDS_LINK_SUPPORT}}&gt;ESET 技术支持&lt;/a&gt;。</string>

	<string name="IDS_EPI_CFG_SIMPLE_CAPTION">保护和安装设置</string>
	<string name="IDS_EPI_CFG_RECOMMENDED_CAPTION">建议</string>
	<string name="IDS_EPI_CFG_SIMPLE_PUA_CAPTION">启用潜在不受欢迎的应用程序检测</string>
	<string name="IDS_EPI_CFG_SIMPLE_CEIP_CAPTION">参与客户体验改进计划 &lt;br/&gt; &lt;a type="command" href="gui.ceip.show"&gt;我们会收集哪些信息？&lt;/a&gt;</string>
	<string name="IDS_EPI_CFG_SIMPLE_LGF_CAPTION">启用 ESET LiveGrid® 反馈系统</string>
	<string name="IDS_EPI_CFG_SIMPLE_CEIP_TEXT">我们想要收集有关此产品使用情况的匿名信息。收集的数据将帮助我们改进用户的体验，绝不会与第三方共享此数据。</string>
	<string name="IDS_EPI_CFG_SIMPLE_CONTINUE">继续</string>
	<string name="IDS_EPI_CFG_SIMPLE_ALL_CONTINUE">全部允许并继续</string>

	<string name="IDS_EPI_BANNER_CAPTION1">正在准备安装</string>
	<string name="IDS_EPI_BANNER_DESCRIPTION1">我们正在下载安装包，请稍候。</string>

	<string name="IDS_EPI_BANNER_CAPTION2">安装正在进行</string>
	<string name="IDS_EPI_BANNER_DESCRIPTION2">即将完成！正在完成安装，请稍候。</string>

	<string name="IDS_EPI_BANNER_CAPTION3">性能无以伦比</string>
	<string name="IDS_EPI_BANNER_DESCRIPTION3">ESET多层防护技术运用全球各地愈亿信息源上报疫情，在确保为您带来最大保护成效的同时，将系统资源占用控制在最低水平。</string>

	<string name="IDS_EPI_BANNER_CAPTION4">感谢您选择 ESET！</string>
	<string name="IDS_EPI_BANNER_DESCRIPTION4">ESET NOD32®防毒技术连续荣获VB100认证，是此项安全认证的世界纪录保持者。</string>

	<string name="IDS_EPI_BANNER_CAPTION5">操作简单、集中管理贵司IT安全事务</string>
	<string name="IDS_EPI_BANNER_DESCRIPTION5">无论您使用云还是本地安全管理控制台，都将获得一个单一管理控制器，使您可以随时随地更好地管理您的所有 ESET 安全。</string>


</resources>
