﻿<?xml version="1.0" encoding="utf-8" ?>
<resources langname="Česky" lcid="0405">

	<string name="IDS_EPI_INSTALL_STEP">Vítejte|Licenční ujednání|AV Remover|Instalace|Dokončení</string>

	<string name="IDS_EPI_ACTION_INIT">Probíhá inicializace…</string>
	<string name="IDS_EPI_ACTION_EULA">Stahování EULA…</string>
	<string name="IDS_EPI_ACTION_DUMP">Připravuji instalační balíček…</string>
	<string name="IDS_EPI_ACTION_CALC">Vypočítávám dostupné místo na disku…</string>
	<string name="IDS_EPI_ACTION_DETECTAV">Vyhledávám aplikace, které mohou být v konfliktu…</string>
	<string name="IDS_EPI_ACTION_PACKAGECACHE">Dokončuji offline balíček…</string>
	<string name="IDS_EPI_ACTION_CLEANUP_FOLDERS">Odstraňování složek…</string>
	<string name="IDS_EPI_ACTION_TROUBLESHOOTING">Probíhá řešení problémů. Tato akce může chvíli trvat…</string>

	<string name="IDS_EPI_HOME_TITLE_EAV">Instalace ${bts.package.[0].name}</string>
	<string name="IDS_EPI_HOME_TEXT_EAV">ESET vás ochrání při práci, hraní her i prohlížení internetu.</string>
	<string name="IDS_EPI_HOME_TITLE_ESS">Instalace ${bts.package.[0].name}</string>
	<string name="IDS_EPI_HOME_TEXT_ESS">ESET vás ochrání při práci, hraní her i prohlížení internetu.</string>
	<string name="IDS_EPI_HOME_TITLE_EIS">Instalace ${bts.package.[0].name}</string>
	<string name="IDS_EPI_HOME_TEXT_EIS">ESET vás ochrání při práci, hraní her i prohlížení internetu.</string>
	<string name="IDS_EPI_HOME_TITLE_ESSP">Instalace ${bts.package.[0].name}</string>
	<string name="IDS_EPI_HOME_TEXT_ESSP">ESET vás ochrání při práci, hraní her i prohlížení internetu.</string>
	<string name="IDS_EPI_HOME_TITLE_EHS">Instalace ${bts.package.[0].name}</string>
	<string name="IDS_EPI_HOME_TEXT_EHS">ESET vás ochrání při práci, hraní her i prohlížení internetu.</string>
	<string name="IDS_EPI_HOME_TITLE_EEA">Instalace ${bts.package.[0].name}</string>
	<string name="IDS_EPI_HOME_SUBTITLE_EEA">Výkonné antivirové řešení pro váš byznys</string>
	<string name="IDS_EPI_HOME_TEXT_EEA">${bts.package.[0].name} je založen na oceňované technologii ESET NOD32®, která v kombinaci s cloudovým reputačním systémem přináší výkonnou antivirovou ochranu do vašeho byznysu – to vše s minimálním dopadem na provoz. Svou infrastrukturu spravujte pohodlně prostřednictvím zcela přepracované webové konzole ESET PROTECT.</string>
	<string name="IDS_EPI_HOME_TITLE_EES">Instalace ${bts.package.[0].name}</string>
	<string name="IDS_EPI_HOME_SUBTITLE_EES">Komplexní bezpečnostní řešení</string>
	<string name="IDS_EPI_HOME_TEXT_EES">${bts.package.[0].name} je komplexní bezpečností řešení navržené pro vaši ochranu před všemi druhy škodlivých kódů. Minimální dopad na výkon systému, podpora virtualizace a plná kontrola prostřednictvím webové konzole ESET PROTECT, to jsou další přednosti tohoto řešení.</string>

	<string name="IDS_EPI_HOME_TITLE_MULTI">Instalace komponent</string>
	<string name="IDS_EPI_INFO_TITLE_ERAA">Tento počítač bude spravován vzdáleně prostřednictvím ESET PROTECT</string>
	<string name="IDS_EPI_BUNDLE_TITLE">Součástí tohoto instalačního balíčku jsou níže uvedené komponenty</string>

	<string name="IDS_EPI_HOME_AVREMOVER_CHECK">Chci odinstalovat nekompatibilní bezpečnostní produkty</string>
	<string name="IDS_EPI_HOME_NEW_VERSION_TEXT">Je dostupná novější verze tohoto produktu a může být automaticky stažena a nainstalována.</string>
	<string name="IDS_EPI_HOME_NEW_VERSION_CHECKBOX">Instalovat novou verzi</string>

<string name="IDS_EPI_HOME_NEED_HELP">Potřebujete pomoc s instalací?</string>
	<string name="IDS_EPI_HOME_OPEN_INSTRUCTIONS">Zobrazit instrukce pro instalaci</string>
	<string name="IDS_EPI_HOME_OPEN_GUIDE">Otevřít uživatelskou příručku</string>

	<string name="IDS_EPI_LOCK_PASSWORD_TITLE">Nastavení produktu ESET Security je chráněno heslem</string>
	<string name="IDS_EPI_LOCK_PASSWORD_SUBTITLE">Pro pokračování zadejte správné heslo, prosím.</string>
	<string name="IDS_EPI_LOCK_PASSWORD_TEXT">Heslo</string>
	<string name="IDS_EPI_LOCK_PASSWORD_ERROR">Nesprávné heslo. Obnovit si jej můžete při otevření&lt;br/&gt;Rozšířeného nastavení produktu.</string>

	<string name="IDS_EPI_EULA_SINGLE_TITLE">Licenční ujednání s koncovým uživatelem</string>
	<string name="IDS_EPI_EULA_SAVEAS_FILTER">Text (*.txt)|*.txt|HTML (*.html,*.htm)|*.html;*.htm||</string>
	<string name="IDS_EPI_EULA_BUTTON_ACCEPT">Přijímám</string>
	<string name="IDS_EPI_EULA_BUTTON_DECLINE">Nesouhlasím</string>
	<string name="IDS_EPI_EULA_DECLINE">Odmítnutím Licenčního ujednání s koncovým uživatelem dojde k ukončení instalačního balíčku. Opravdu chcete tuto akci provést?</string>

	<string name="IDS_EPI_DETECTAV_TITLE">Vyhledávám antivirové programy třetí strany</string>
	<string name="IDS_EPI_DETECTAV_TEXT01">Byly nalezeny další bezpečnostní produkty</string>
	<string name="IDS_EPI_DETECTAV_TEXT02">Souběžné používání dvou bezpečnostních řešení může způsobit systém nestabilním. Pro zabránění problému odinstalujte ze systému níže uvedené konfliktní aplikace.</string>
	<string name="IDS_EPI_DETECTAV_UNINSTALL">Jak odinstalovat jiný antivirový software</string>

	<string name="IDS_EPI_PACKAGECACHE_TITLE">Stažení komponent předem</string>
	<string name="IDS_EPI_PACKAGECACHE_TEXT">Stáhněte si předem komponenty používané tímto live instalačním balíčkem a zrychlete proces nasazení, pokud jste limitováni připojením k internetu.</string>
	<string name="IDS_EPI_PACKAGECACHE_HOW01">&lt;b&gt;Po kliknutí na tlačítko Stáhnout&lt;/b&gt; se vytvoří, stáhne a do vašeho počítače uloží soubor %1.</string>
	<string name="IDS_EPI_PACKAGECACHE_HOW02">&lt;b&gt;Zkopírujte%1 a%2 do stejné složky.&lt;/b&gt; Využít můžete sdílenou složku nebo USB jednotku.</string>
	<string name="IDS_EPI_PACKAGECACHE_HOW03">&lt;b&gt;Na požadovaném počítači spusťte %2 ze sdílené složky nebo USB jednotky.&lt;/b&gt; %2 použije předem stažené komponenty a nebude je znovu stahovat.</string>

	<string name="IDS_EPI_DOWNLOAD_PACKAGE_SINGLE">Probíhá stahování…</string>
	<string name="IDS_EPI_DOWNLOAD_PACKAGE_MULTI">Probíhá stahování %1…</string>

	<string name="IDS_EPI_CFG_LGF_CAPTION_CONSUMER">Získejte maximální úroveň ochrany</string>
	<string name="IDS_EPI_CFG_LGF_TEXT_CONSUMER">Prostřednictvím systému zpětné vazby ESET LiveGrid® sbíráme statistická data a informace o podezřelých objektech. Získaná data automaticky zpracováváme, na základě nich vytváříme v cloudovém systému detekční signatury, a pro zajištění maximální ochrany je pomocí této technologie distribuujeme k vám.</string>
	<string name="IDS_EPI_CFG_LGF_CAPTION_BUSINESS">Díky vám bude svět bezpečnější</string>
	<string name="IDS_EPI_CFG_LGF_TEXT_BUSINESS">Systém zpětné vazby ESET LiveGrid® disponuje daty o podezřelých objektech od více než 100 milionů uživatelů z celého světa. Získaná data automaticky zpracováváme a prostřednictvím této cloudové detekční technologie vás bezprostředně informujeme o nových hrozbách. To vše pro vaši maximální ochranu.</string>
	<string name="IDS_EPI_CFG_LGF_ENABLE">Zapnout systém zpětné vazby ESET LiveGrid® (doporučujeme)</string>
	<string name="IDS_EPI_CFG_LGF_DISABLE">Vypnout systém zpětné vazby ESET LiveGrid®</string>

	<string name="IDS_EPI_CFG_PUA_CAPTION">Detekce potenciálně nechtěných aplikací</string>
	<string name="IDS_EPI_CFG_PUA_TEXT">Produkty ESET dokáží detekovat &lt;a {{IDS_HELP_PUA_LINK}}&gt;potenciálně nechtěné aplikace&lt;/a&gt; a upozorní vás před jejich instalací. Potenciálně nechtěné aplikace zpravidla nepředstavují bezpečnostní riziko, ale mohou mít negativní vliv na výkon, rychlost a odezvu systému, případně změní jeho chování. Instalace těchto aplikací obvykle vyžadují souhlas uživatele.</string>
	<string name="IDS_EPI_CFG_PUA_ENABLE">Zapnout detekci potenciálně nechtěných aplikací</string>
	<string name="IDS_EPI_CFG_PUA_DISABLE">Vypnout detekci potenciálně nechtěných aplikací</string>

	<string name="IDS_EPI_CFG_CEIP_CAPTION">Zapojit se do programu zvyšování spokojenosti zákazníků</string>
	<string name="IDS_EPI_CFG_CEIP_TEXT">Rádi bychom sbírali anonymní informace o tom, jak produkt používáte. Získaná data nám pomohou vylepšovat produkt, a nikdy je neposkytneme třetí straně. &lt;a type="command" href="gui.ceip.show"&gt;Jaké informace sbíráme?&lt;/a&gt;</string>
	<string name="IDS_EPI_CFG_CEIP_YES">Ano, chci se zapojit do programu (doporučeno)</string>
	<string name="IDS_EPI_CFG_CEIP_NO">Ne, nechci se zapojit do programu</string>

	<string name="IDS_EPI_CFG_EULA_CAPTION">Licenční ujednání s koncovým uživatelem</string>
	<string name="IDS_EPI_CFG_EULA_DESCRIPTION">Kliknutím na některé z tlačítek pro pokračování přijímáte &lt;a {{IDS_LINK_SHOW_EULA}}&gt;Licenční ujednání s koncovým uživatelem&lt;/a&gt; a berete na vědomí &lt;a {{IDS_LINK_SHOW_PRIVACY_POLICY}}&gt;Zásady ochrany osobních údajů&lt;/a&gt;.</string>
	<string name="IDS_EPI_CFG_EULA_MSGBOX_OK">OK</string>
	<string name="IDS_EPI_CFG_EULA_MSGBOX_NOT_AGREE">Nesouhlasím</string>
	<string name="IDS_EPI_CFG_EULA_MSGBOX_SAVE">Uložit</string>

	<string name="IDS_EPI_CFG_BUTTON_ADVANCED">Změnit instalační složku</string>
	<string name="IDS_EPI_CFG_FOLDERS_INSTALL">Složka s produktem:</string>
	<string name="IDS_EPI_CFG_FOLDERS_DATA">Složka s daty:</string>
	<string name="IDS_EPI_CFG_FOLDERS_MODULE">Složky s moduly:</string>
	<string name="IDS_EPI_CFG_FOLDERS_VALIDATOR_INVALID">Vybrali jste neplatnou složku.</string>

	<string name="IDS_EPI_CFG_ALREADY_CONFIGURED">Nastavení instalace je již nakonfigurováno.</string>

	<string name="IDS_EPI_NONEMPTY_FOLDER_WARNING_TITLE">Instalační složka musí být prázdná</string>
	<string name="IDS_EPI_NONEMPTY_FOLDER_WARNING_MESSAGE_SINGULAR">Pro pokračování v instalaci je nutné smazat následující složku:</string>
	<string name="IDS_EPI_NONEMPTY_FOLDER_WARNING_MESSAGE_PLURAL">Pro pokračování v instalaci je nutné smazat následující složky:</string>
	<string name="IDS_EPI_NONEMPTY_FOLDER_QUESTION">&lt;b&gt;Opravdu chcete smazat obsah těchto složek a pokračovat v instalaci?&lt;/b&gt;</string>

	<string name="IDS_EPI_DISKSPACE_TITLE">Nedostatek místa na disku</string>
	<string name="IDS_EPI_DISKSPACE_TEXT01">Nemáte dostatek místa na disku. Na zvýrazněných jednotkách není dostatek volného místa pro instalaci. Zkontrolujte dostupné místo na disku a zkuste to znovu.</string>
	<string name="IDS_EPI_DISKSPACE_HEADER01">Jednotka</string>
	<string name="IDS_EPI_DISKSPACE_HEADER02">Kapacita</string>
	<string name="IDS_EPI_DISKSPACE_HEADER03">Volné místo</string>
	<string name="IDS_EPI_DISKSPACE_HEADER04">Požadované místo</string>

	<string name="IDS_EPI_INSTALL_PACKAGE_SINGLE">Instaluji…</string>
	<string name="IDS_EPI_INSTALL_PACKAGE_MULTI">Instaluji %1…</string>

	<string name="IDS_EPI_DONE_TITLE">Instalace byla úspěšná</string>
	<string name="IDS_EPI_DONE_TEXT01">${bts.package.[${bts.var.package.default}].name} byl úspěšně nainstalován. Váš počítač bude nyní nepřetržitě chráněn před viry a dalším škodlivým kódem. &lt;br/&gt; &lt;br/&gt; Děkujeme, že jste si vybrali ESET! &lt;br/&gt; &lt;br/&gt; &lt;br/&gt; Klikněte na tlačítko &lt;i&gt;Dokončit&lt;/i&gt; pro ukončení průvodce instalací.</string>
	<string name="IDS_EPI_DONE_TEXT01_EPI">Všechny balíčky byly úspěšně nainstalovány. &lt;br/&gt; &lt;br/&gt; Klikněte na tlačítko &lt;i&gt;Dokončit&lt;/i&gt; pro dokončení konfigurace produktu.</string>
		<string name="IDS_EPI_DONE_PACKAGECACHE_CAPTION">Při spuštění se %1 a %2 musí nacházet ve stejné složce.</string>
	<string name="IDS_EPI_DONE_PACKAGECACHE_DESCRIPTION">Stažený soubor %1 byl uložen do složky:&lt;br/&gt;</string>

	<string name="IDS_EPI_FAIL_FAILED_TITLE">Instalace nebyla úspěšná</string>
	<string name="IDS_EPI_FAIL_FINISH_TITLE">Instalace dokončena</string>
	<string name="IDS_EPI_FAIL_KNOWLEDGEBASE">Najít řešení v ESET Databázi znalostí.</string>
	<string name="IDS_EPI_FAIL_TROUBLESHOOT">Spustit Poradce při potížích</string>
	<string name="IDS_EPI_FAIL_TS_LINK">Kontaktovat technickou podporu</string>
	<string name="IDS_EPI_FAIL_RESTART">Restartovat počítač</string>

	<string name="IDS_EPI_FAIL_TITLE_OS">Zastaralá verze Microsoft Windows</string>
	<string name="IDS_EPI_FAIL_TEXT_OS_OUTDATED">ESET Security nepodporuje vaši zastaralou verzi Microsoft Windows. Instalaci ukončete kliknutím na tlačítko Zavřít.</string>
	<string name="IDS_EPI_FAIL_TEXT_OS_NOT_SUPPORTED">Tento produkt již nepodporuje zastaralou verzi vašeho operačního systému Microsoft Windows. &lt;a {{IDS_LINK_PRODUCT_OPTIONS}}&gt;Jaké máte možnosti?&lt;/a&gt;</string>
	<string name="IDS_EPI_FAIL_TEXT_OS_NOT_SUPPORTED_BUSINESS">Tento produkt již nepodporuje zastaralou verzi vašeho operačního systému Microsoft Windows.</string>

	<string name="IDS_EPI_FAIL_TITLE_EULA_REJECTED">Licenční ujednání s koncovým uživatelem</string>
	<string name="IDS_EPI_FAIL_TEXT_EULA_REJECTED">Licenční ujednání s koncovým uživatelem nebylo odsouhlaseno.</string>

	<string name="IDS_EPI_FAIL_TITLE_CONNECTION">Chyba při připojení</string>
	<string name="IDS_EPI_FAIL_TEXT_CONNECTION">Vaše připojení k internetu nefunguje. Produkt nelze nainstalovat. &lt;a {{IDS_LINK_INTERNET_SETTINGS}}&gt;Zkontrolujte své připojení k internetu&lt;/a&gt; a zkuste znovu.&lt;br/&gt;&lt;br/&gt;Používáte proxy server? Změňte nastavení proxy serveru a zkuste znovu.</string>
	<string name="IDS_EPI_FAIL_TEXT_CONNECTION_EPI">Vaše připojení k internetu nefunguje. Produkt nelze nainstalovat. &lt;a {{IDS_LINK_INTERNET_SETTINGS}}&gt;Zkontrolujte své připojení k internetu&lt;/a&gt; a zkuste znovu.&lt;br/&gt;&lt;br/&gt;Používáte proxy server? Změňte nastavení proxy serveru a zkuste znovu.</string>

	<string name="IDS_EPI_FAIL_TITLE_DOWNLOAD_ERROR">Chyba při stahování</string>
	<string name="IDS_EPI_FAIL_TEXT_DOWNLOAD_ERROR">Nastala chyba při stahování dat ze serveru. Prosím, zkontrolujte připojení k internetu a zkuste to znovu.&lt;br/&gt;&lt;br/&gt;V případě přetrvávajících problémů přejděte na &lt;a {{IDS_LINK_OFFLINE_INSTALLER}}&gt;eset.cz&lt;/a&gt; a stáhněte si offline instalační balíček.</string>
	<string name="IDS_EPI_FAIL_TEXT_DOWNLOAD_ERROR_EPI">Nastala chyba při stahování dat ze serveru. Prosím, zkontrolujte připojení k internetu a zkuste to znovu.</string>

	<string name="IDS_EPI_FAIL_TITLE_INVALID_SERVER_RESPONSE">Neplatná odpověď</string>
	<string name="IDS_EPI_FAIL_TEXT_INVALID_SERVER_RESPONSE">Neplatná odpověď ze serveru.</string>

	<string name="IDS_EPI_FAIL_TITLE_INVALID_INSTALLER">Neplatný instalační balíček</string>
	<string name="IDS_EPI_FAIL_TEXT_INVALID_INSTALLER">Instalační balíček již není platný a je nutné jej nahradit. Pro nainstalování tohoto produktu si stáhněte nový balíček.</string>
	<string name="IDS_EPI_FAIL_TEXT_INVALID_INSTALLER_EPI">Instalační balíček již není platný a je nutné jej nahradit. Pro nainstalování tohoto produktu si vygenerujte nový instalační balíček nebo kontaktujte svého administrátora.</string>

	<string name="IDS_EPI_FAIL_TITLE_VERSIONCHECK_NO_PACKAGES">Nenalezen žádný kompatibilní balíček</string>
	<string name="IDS_EPI_FAIL_TEXT_VERSIONCHECK_NO_PACKAGES">Na serveru nebyl nalezen žádný kompatibilní balíček. Prosím, přejděte na &lt;a {{IDS_LINK_OFFLINE_INSTALLER}}&gt;eset.cz&lt;/a&gt; a stáhněte si offline instalační balíček.</string>
	<string name="IDS_EPI_FAIL_TEXT_VERSIONCHECK_NO_PACKAGES_EPI">Instalační balíček již není platný a je nutné jej nahradit. Pro nainstalování tohoto produktu si vygenerujte nový instalační balíček nebo kontaktujte svého administrátora.</string>

	<string name="IDS_EPI_FAIL_TITLE_INCOMPATIBLE_OS">Nekompatibilní operační systém</string>
	<string name="IDS_EPI_FAIL_TEXT_INCOMPATIBLE_OS">${bts.package.[${bts.var.package.current}].name} není určen pro tento operační systém. Prosím, přejděte na &lt;a {{IDS_LINK_OFFLINE_INSTALLER}}&gt;eset.cz&lt;/a&gt; a stáhněte si správný produkt.</string>
	<string name="IDS_EPI_FAIL_TEXT_INCOMPATIBLE_OS_EPI">${bts.package.[${bts.var.package.current}].name} není určen pro tento operační systém.</string>

	<string name="IDS_EPI_FAIL_TITLE_INCOMPATIBLE_PACKAGE_X32">Nekompatibilní balíček</string>
	<string name="IDS_EPI_FAIL_TEXT_INCOMPATIBLE_PACKAGE_X32">Tento instalační balíček je určen pro 32-bitové operační systémy. Použijte prosím instalační balíček pro 64-bitové operační systémy.</string>

	<string name="IDS_EPI_FAIL_TITLE_INCOMPATIBLE_PACKAGE_X64">Nekompatibilní balíček</string>
	<string name="IDS_EPI_FAIL_TEXT_INCOMPATIBLE_PACKAGE_X64">Tento instalační balíček je určen pro 64-bitové operační systémy. Použijte prosím instalační balíček pro 32-bitové operační systémy.</string>

	<string name="IDS_EPI_FAIL_TITLE_INCOMPATIBLE_PRODUCT_INSTALLED">Nainstalován nekompatibilní produkt</string>
	<string name="IDS_EPI_FAIL_TEXT_INCOMPATIBLE_PRODUCT_INSTALLED">Na tomto počítači je již nainstalován nekompatibilní produkt {PRODUCT}. Prosím, odinstalujte jej ručně a poté znovu spusťte instalaci.</string>

	<string name="IDS_EPI_FAIL_TITLE_NEWER_VERSION_NOT_AVAILABLE">Již máte nainstalovanou nejnovější verzi</string>
	<string name="IDS_EPI_FAIL_TEXT_NEWER_VERSION_NOT_AVAILABLE">Na tomto počítači je již nainstalována nejnovější verze ${bts.package.[${bts.var.package.default}].name}.</string>

	<string name="IDS_EPI_FAIL_TITLE_REFERRAL">Produkt nelze nainstalovat</string>
	<string name="IDS_EPI_FAIL_TEXT_REFERRAL">Produkt nelze nainstalovat, protože na tomto počítači již máte nainstalován jiný ESET produkt.</string>
	<string name="IDS_EPI_FAIL_TEXT_REFERRAL_UPGRADE">Vaše současná verze produktu ESET není aktuální a nezaručuje nejlepší ochranu.&lt;br/&gt;&lt;b&gt;Aktualizujte ZDARMA váš ESET produkt na nejnovější verzi a získejte nejlepší ochranu.&lt;/b&gt;</string>

	<string name="IDS_EPI_FAIL_TITLE_PACKAGE_NOT_FOUND">Balíček nenalezen</string>
	<string name="IDS_EPI_FAIL_TEXT_PACKAGE_NOT_FOUND">Instalační balíček produktu {PRODUCT} nebyl nalezen.</string>

	<string name="IDS_EPI_FAIL_TITLE_PACKAGE_CORRUPTED">Balíček je poškozen</string>
	<string name="IDS_EPI_FAIL_TEXT_PACKAGE_CORRUPTED">Instalační balíček produktu {PRODUCT} je poškozen.</string>

	<string name="IDS_EPI_FAIL_TITLE_INSTALL_OUT_OF_SPACE">Nedostatek místa na disku</string>
	<string name="IDS_EPI_FAIL_TEXT_INSTALL_OUT_OF_SPACE">Na disku není dostatek místa pro dokončení instalace ${bts.package.[${bts.var.package.default}].name}.&lt;br/&gt;&lt;br/&gt;Prosím, ujistěte se, že máte alespoň %u MB volného místa a zkuste to znovu.</string>
	<string name="IDS_EPI_FAIL_TEXT_INSTALL_OUT_OF_SPACE_EPI">Na disku není dostatek místa pro dokončení instalace všech balíčků.&lt;br/&gt;&lt;br/&gt;Prosím, ujistěte se, že máte alespoň %u MB volného místa a zkuste to znovu.</string>

	<string name="IDS_EPI_FAIL_TITLE_SETUP">Instalace nebyla úspěšně dokončena</string>
	<string name="IDS_EPI_FAIL_TEXT_SETUP">Instalace ${bts.package.[${bts.var.package.current}].name} nebyla úspěšně dokončena. Systém nemusí být chráněn proti hrozbám. Pro nainstalování ${bts.package.[${bts.var.package.current}].name} spusťte instalaci znovu.</string>
	<string name="IDS_EPI_FAIL_TEXT_SETUP_TROUBLESHOOT">Při pokusu o instalaci ESET produktu na vašem zařízení nastala chyba při. Doporučujeme spustit Poradce při potížích. Pokud to bude možné, pomůže vám problém vyřešit.</string>
	<string name="IDS_EPI_FAIL_TEXT_SETUP_EPI">Instalace ${bts.package.[${bts.var.package.current}].name} nebyla úspěšně dokončena. Systém nemusí být chráněn proti hrozbám. Pro nainstalování všech balíčků spusťte instalaci znovu.</string>
	<string name="IDS_EPI_FAIL_TEXT_SETUP_ERROR_CODE">Kód chyby: %s</string>

	<string name="IDS_EPI_FAIL_TITLE_ABORT">Instalace byla přerušena uživatelem</string>
	<string name="IDS_EPI_FAIL_TEXT_ABORT">Instalace ${bts.package.[${bts.var.package.default}].name} byla přerušena uživatelem. Pro nainstalování ${bts.package.[${bts.var.package.default}].name} spusťte instalaci znovu.</string>
	<string name="IDS_EPI_FAIL_TEXT_ABORT_EPI">Instalace byla přerušena uživatelem. Pro nainstalování všech balíčků spusťte instalaci znovu.</string>

	<string name="IDS_EPI_FAIL_TITLE_INTERNAL_ERROR">Interní chyba</string>
	<string name="IDS_EPI_FAIL_TEXT_INTERNAL_ERROR">Nastala vnitřní chyba. Prosím, zkuste znovu spustit instalaci.</string>

	<string name="IDS_EPI_TROUBLESHOOT_FINISH_TITLE">Identifikace problémů byla dokončena</string>
	<string name="IDS_EPI_TROUBLESHOOT_SUCCESS_TITLE">Problémy byly úspěšně vyřešeny</string>
	<string name="IDS_EPI_TROUBLESHOOT_FAILED_TITLE">Problémy nebyly úspěšně vyřešeny</string>
	<string name="IDS_EPI_TROUBLESHOOT_TEXT">&lt;b&gt;Doporučujeme vám toto okno zavřít a restartovat počítač. Po jeho restartování spusťte znovu tento instalační balíček.&lt;/b&gt;</string>
	<string name="IDS_EPI_TROUBLESHOOT_REBOOT_TEXT">&lt;b&gt;Pro dokončení řešení problémů je vyžadován restart. Zavřete toto okno a restartujte. Po jeho restartování spusťte znovu tento instalační balíček.&lt;/b&gt;</string>
	<string name="IDS_EPI_TROUBLESHOOT_CONTACT_TEXT">V případě přetrvávající chyby kontaktujte administrátora systému nebo &lt;a {{IDS_LINK_SUPPORT}}&gt;ESET Technickou podporu&lt;/a&gt;.</string>

	<string name="IDS_EPI_CFG_SIMPLE_CAPTION">Možnosti instalace a ochrany</string>
	<string name="IDS_EPI_CFG_RECOMMENDED_CAPTION">Doporučujeme</string>
	<string name="IDS_EPI_CFG_SIMPLE_PUA_CAPTION">Zapnout detekci potenciálně nechtěných aplikací</string>
	<string name="IDS_EPI_CFG_SIMPLE_CEIP_CAPTION">Zapojit se do programu zvyšování spokojenosti zákazníků &lt;br/&gt; &lt;a type="command" href="gui.ceip.show"&gt;Jaké informace sbíráme?&lt;/a&gt;</string>
	<string name="IDS_EPI_CFG_SIMPLE_LGF_CAPTION">Zapnout systém zpětné vazby ESET LiveGrid®</string>
	<string name="IDS_EPI_CFG_SIMPLE_CEIP_TEXT">Rádi bychom sbírali anonymní informace o tom, jak produkt používáte. Získaná data nám pomohou vylepšovat produkt, a nikdy je neposkytneme třetí straně.</string>
	<string name="IDS_EPI_CFG_SIMPLE_CONTINUE">Pokračovat</string>
	<string name="IDS_EPI_CFG_SIMPLE_ALL_CONTINUE">Povolit vše a pokračovat</string>

	<string name="IDS_EPI_BANNER_CAPTION1">Příprava k instalaci</string>
	<string name="IDS_EPI_BANNER_DESCRIPTION1">Počkejte prosím, než se stáhne instalační balíček.</string>

	<string name="IDS_EPI_BANNER_CAPTION2">Probíhá instalace</string>
	<string name="IDS_EPI_BANNER_DESCRIPTION2">Už je to téměř hotové. Počkejte prosím na dokončení instalace.</string>

	<string name="IDS_EPI_BANNER_CAPTION3">Jedinečný výkon</string>
	<string name="IDS_EPI_BANNER_DESCRIPTION3">ESET technologie jsou založeny na datech získaných od více než 100 milionů uživatelů z celého světa. Díky tomu nabízíme maximální úroveň ochrany při současném minimálním dopadu na výkon systému.</string>

	<string name="IDS_EPI_BANNER_CAPTION4">Děkujeme, že jste si vybrali ESET!</string>
	<string name="IDS_EPI_BANNER_DESCRIPTION4">Technologie ESET NOD32® drží světový rekord v počtu ocenění VB100 organizace Virus Bulletin.</string>

	<string name="IDS_EPI_BANNER_CAPTION5">Centralizovaná správa zabezpečení vaší sítě</string>
	<string name="IDS_EPI_BANNER_DESCRIPTION5">Prostřednictvím cloudové i lokálně nainstalované konzole pro vzdálenou správu budete mít plně pod kontrolou všechny bezpečnostní produkty ESET ve své síti; kdykoli a odkudkoli.</string>


</resources>
