﻿<?xml version="1.0" encoding="utf-8" ?>
<resources langname="Français (Canada)" lcid="0c0c">

	<string name="IDS_EPI_INSTALL_STEP">Accueil|Contrat de licence|AV Remover|Installation|Terminer</string>

	<string name="IDS_EPI_ACTION_INIT">Initialisation en cours...</string>
	<string name="IDS_EPI_ACTION_EULA">Téléchargement du (des) CLUF(s)...</string>
	<string name="IDS_EPI_ACTION_DUMP">Préparation du progiciel d'installation en cours...</string>
	<string name="IDS_EPI_ACTION_CALC">Calcul de l'espace disponible en cours...</string>
	<string name="IDS_EPI_ACTION_DETECTAV">Vérification des applications qui entrent potentiellement en conflit en cours...</string>
	<string name="IDS_EPI_ACTION_PACKAGECACHE">Finalisation du paquet hors ligne....</string>
	<string name="IDS_EPI_ACTION_CLEANUP_FOLDERS">Suppression de dossiers...</string>
	<string name="IDS_EPI_ACTION_TROUBLESHOOTING">Dépannage; cette opération peut prendre un certain temps.</string>

	<string name="IDS_EPI_HOME_TITLE_EAV">Installer ${bts.package.[0].name}</string>
	<string name="IDS_EPI_HOME_TEXT_EAV">Profitez de votre ordinateur pour le travail, pour jouer et pour naviguer, protégé par ESET.</string>
	<string name="IDS_EPI_HOME_TITLE_ESS">Installer ${bts.package.[0].name}</string>
	<string name="IDS_EPI_HOME_TEXT_ESS">Profitez de votre ordinateur pour le travail, pour jouer et pour naviguer, protégé par ESET.</string>
	<string name="IDS_EPI_HOME_TITLE_EIS">Installer ${bts.package.[0].name}</string>
	<string name="IDS_EPI_HOME_TEXT_EIS">Profitez de votre ordinateur pour le travail, pour jouer et pour naviguer, protégé par ESET.</string>
	<string name="IDS_EPI_HOME_TITLE_ESSP">Installer ${bts.package.[0].name}</string>
	<string name="IDS_EPI_HOME_TEXT_ESSP">Profitez de votre ordinateur pour le travail, pour jouer et pour naviguer, protégé par ESET.</string>
	<string name="IDS_EPI_HOME_TITLE_EHS">Installer ${bts.package.[0].name}</string>
	<string name="IDS_EPI_HOME_TEXT_EHS">Profitez de votre ordinateur pour le travail, pour jouer et pour naviguer, protégé par ESET.</string>
	<string name="IDS_EPI_HOME_TITLE_EEA">Installer ${bts.package.[0].name}</string>
	<string name="IDS_EPI_HOME_SUBTITLE_EEA">Protection de base avancée pour votre entreprise</string>
	<string name="IDS_EPI_HOME_TEXT_EEA">${bts.package.[0].name}, doté de la technologie de détection primée ESET NOD32®, offre à votre entreprise une protection de base légère et avancée, renforcée par notre système de réputation basé sur le nuage. Contrôlez-le sans effort grâce à notre console Web ESET PROTECT entièrement redessinée et conviviale.</string>
	<string name="IDS_EPI_HOME_TITLE_EES">Installer ${bts.package.[0].name}</string>
	<string name="IDS_EPI_HOME_SUBTITLE_EES">Votre suite de sécurité complète et avancée</string>
	<string name="IDS_EPI_HOME_TEXT_EES">${bts.package.[0].name} est votre suite de sécurité complète et avancée, offrant une protection complète et multi-couches contre tous les types de logiciels malveillants. Profitez des faibles exigences système, de la virtualisation et de la supervision grâce à la toute nouvelle console Web ESET PROTECT.</string>

	<string name="IDS_EPI_HOME_TITLE_MULTI">Installer les composants</string>
	<string name="IDS_EPI_INFO_TITLE_ERAA">Cet ordinateur sera géré par ESET PROTECT</string>
	<string name="IDS_EPI_BUNDLE_TITLE">Les composants suivants sont inclus dans ce programme d'installation</string>

	<string name="IDS_EPI_HOME_AVREMOVER_CHECK">Je veux désinstaller les produits de sécurité incompatibles.</string>
	<string name="IDS_EPI_HOME_NEW_VERSION_TEXT">Une version plus récent de ce produit est offerte en ligne et peut être téléchargée et installée automatiquement au lieu de celle qui est incluse.</string>
	<string name="IDS_EPI_HOME_NEW_VERSION_CHECKBOX">Installer la version plus récente</string>

<string name="IDS_EPI_HOME_NEED_HELP">Besoin d'aide pour l'installation?</string>
	<string name="IDS_EPI_HOME_OPEN_INSTRUCTIONS">Ouvrir les instructions d'installation</string>
	<string name="IDS_EPI_HOME_OPEN_GUIDE">Ouvrir le guide d'utilisateur</string>

	<string name="IDS_EPI_LOCK_PASSWORD_TITLE">Les paramètres d'ESET Security ne sont pas protégés par un mot de passe</string>
	<string name="IDS_EPI_LOCK_PASSWORD_SUBTITLE">Entrez un mot de passe valide pour continuer.</string>
	<string name="IDS_EPI_LOCK_PASSWORD_TEXT">Mot de passe</string>
	<string name="IDS_EPI_LOCK_PASSWORD_ERROR">Mot de passe incorrect. Vous pouvez restaurer le mot de passe&lt;br/&gt;dans la configuration avancée du produit.</string>

	<string name="IDS_EPI_EULA_SINGLE_TITLE">Contrat de licence d’utilisation</string>
	<string name="IDS_EPI_EULA_SAVEAS_FILTER">Texte (*.txt)|*.txt|HTML (*.html,*.htm)|*.html;*.htm||</string>
	<string name="IDS_EPI_EULA_BUTTON_ACCEPT">J’accepte</string>
	<string name="IDS_EPI_EULA_BUTTON_DECLINE">Je refuse</string>
	<string name="IDS_EPI_EULA_DECLINE">Si vous n'acceptez pas le contrat de licence d'utilisateur final, cela entraînera la fermeture du programme d'installation. Voulez-vous vraiment le faire?</string>

	<string name="IDS_EPI_DETECTAV_TITLE">Analyse en cours...</string>
	<string name="IDS_EPI_DETECTAV_TEXT01">D'autres produits de sécurité ont été trouvés</string>
	<string name="IDS_EPI_DETECTAV_TEXT02">L'exécution simultanée de deux solutions de sécurité peut provoquer une instabilité. Résolvez ce problème en désinstallant le logiciel de sécurité qui crée un conflit sur votre système.</string>
	<string name="IDS_EPI_DETECTAV_UNINSTALL">Procédure de désinstallation d'autres logiciels antivirus</string>

	<string name="IDS_EPI_PACKAGECACHE_TITLE">Pré-télécharger les composants</string>
	<string name="IDS_EPI_PACKAGECACHE_TEXT">Pré-téléchargez les composants inclus dans ce programme d'installation (Live Installer) pour accélérer le processus de déploiement lorsque vous disposez d'une connexion Internet limitée.</string>
	<string name="IDS_EPI_PACKAGECACHE_HOW01">&lt;b&gt;Cliquez sur le bouton de téléchargement&lt;/b&gt; et le %1 sera créé, téléchargé et sauvegardé sur votre ordinateur.</string>
	<string name="IDS_EPI_PACKAGECACHE_HOW02">&lt;b&gt; Copiez le %1 et le %2 dans le même dossier.&lt;/b&gt; Vous pouvez utiliser un espace réseau partagé ou un lecteur USB.</string>
	<string name="IDS_EPI_PACKAGECACHE_HOW03">&lt;b&gt;Exécutez le %2 sur n'importe quel ordinateur à partir du dossier partagé ou de la clé USB.&lt;/b&gt; Le %2 utilisera les composants déjà pré-téléchargés sans les télécharger de nouveau.</string>

	<string name="IDS_EPI_DOWNLOAD_PACKAGE_SINGLE">Téléchargement en cours...</string>
	<string name="IDS_EPI_DOWNLOAD_PACKAGE_MULTI">Téléchargement de %1 en cours ...</string>

	<string name="IDS_EPI_CFG_LGF_CAPTION_CONSUMER">L'union fait la force. Obtenez le niveau maximal de protection.</string>
	<string name="IDS_EPI_CFG_LGF_TEXT_CONSUMER">Le système de rétroaction ESET LiveGrid® nous permet de recueillir des informations et des statistiques sur les objets suspects que nous traitons automatiquement pour créer des mécanismes de détection dans notre système de nuage. Ensuite, nous appliquons immédiatement ces derniers afin d'assurer que nos clients bénéficient d'un niveau de protection maximal.</string>
	<string name="IDS_EPI_CFG_LGF_CAPTION_BUSINESS">Aidez-nous à vous offrir une sécurité toujours meilleure.</string>
	<string name="IDS_EPI_CFG_LGF_TEXT_BUSINESS">Le système de rétroaction ESET LiveGrid® utilise plus de 100 millions de capteurs partout dans le monde, ce qui nous permet de recueillir des informations et des statistiques sur les objets suspects que nous traitons automatiquement pour créer des mécanismes de détection basée sur notre système de réputation infonuagique. Ensuite, nous appliquons immédiatement ces derniers afin de nous assurer que vous bénéficiez d'un niveau de protection maximal.</string>
	<string name="IDS_EPI_CFG_LGF_ENABLE">Activer le système de rétroaction ESET LiveGrid® (recommandé)</string>
	<string name="IDS_EPI_CFG_LGF_DISABLE">Désactiver le système de rétroaction ESET LiveGrid®</string>

	<string name="IDS_EPI_CFG_PUA_CAPTION">Détection des applications potentiellement indésirables</string>
	<string name="IDS_EPI_CFG_PUA_TEXT">ESET peut détecter &lt;a {{IDS_HELP_PUA_LINK}}&gt;les applications potentiellement indésirables&lt;/a&gt; et demander une confirmation avant qu'elles ne soient installées. Les applications potentiellement indésirables pourraient ne représenter aucun risque à la sécurité, mais elles peuvent affecter la performance, la vitesse et la fiabilité de l'ordinateur ou causer des changements de comportement. Elles exigent généralement le consentement de l'utilisateur avant l'installation.</string>
	<string name="IDS_EPI_CFG_PUA_ENABLE">Activer la détection des applications potentiellement indésirables</string>
	<string name="IDS_EPI_CFG_PUA_DISABLE">Désactiver la détection des applications potentiellement indésirables</string>

	<string name="IDS_EPI_CFG_CEIP_CAPTION">Participez au programme d’amélioration de l’expérience client</string>
	<string name="IDS_EPI_CFG_CEIP_TEXT">Nous souhaitons recueillir des informations anonymes sur l'utilisation de ce produit. Les données recueillies nous aideront à améliorer votre expérience et ne seront jamais partagées avec des tiers.&lt;a type="command" href="gui.ceip.show"&gt; Quelles informations recueillons-nous?&lt;/a&gt;</string>
	<string name="IDS_EPI_CFG_CEIP_YES">Oui, je veux participer au programme (recommandé)</string>
	<string name="IDS_EPI_CFG_CEIP_NO">Non, je ne veux pas participer au programme</string>

	<string name="IDS_EPI_CFG_EULA_CAPTION">Contrat de licence d'utilisateur final</string>
	<string name="IDS_EPI_CFG_EULA_DESCRIPTION">En cliquant sur l’un des boutons « Continuer » ci-dessous, vous acceptez le &lt;a {{IDS_LINK_SHOW_EULA}}&gt;contrat de licence d’utilisateur final&lt;/a&gt; et reconnaissez avoir pris connaissance de la &lt;a {{IDS_LINK_SHOW_PRIVACY_POLICY}}&gt;politique de confidentialité.&lt;/a&gt;</string>
	<string name="IDS_EPI_CFG_EULA_MSGBOX_OK">OK</string>
	<string name="IDS_EPI_CFG_EULA_MSGBOX_NOT_AGREE">Je ne suis pas d’accord</string>
	<string name="IDS_EPI_CFG_EULA_MSGBOX_SAVE">Enregistrer</string>

	<string name="IDS_EPI_CFG_BUTTON_ADVANCED">Changer le dossier d'installation</string>
	<string name="IDS_EPI_CFG_FOLDERS_INSTALL">Dossier du produit&nbsp;:</string>
	<string name="IDS_EPI_CFG_FOLDERS_DATA">Dossier des données&nbsp;:</string>
	<string name="IDS_EPI_CFG_FOLDERS_MODULE">Dossier du module&nbsp;:</string>
	<string name="IDS_EPI_CFG_FOLDERS_VALIDATOR_INVALID">Dossier sélectionné invalide</string>

	<string name="IDS_EPI_CFG_ALREADY_CONFIGURED">Les paramètres d’installation ont déjà été configurés.</string>

	<string name="IDS_EPI_NONEMPTY_FOLDER_WARNING_TITLE">Le dossier d'installation doit être vide</string>
	<string name="IDS_EPI_NONEMPTY_FOLDER_WARNING_MESSAGE_SINGULAR">Pour continuer l'installation, le dossier existant sera supprimé :</string>
	<string name="IDS_EPI_NONEMPTY_FOLDER_WARNING_MESSAGE_PLURAL">Pour continuer l'installation, les dossiers existants seront supprimés :</string>
	<string name="IDS_EPI_NONEMPTY_FOLDER_QUESTION">&lt;b&gt;Acceptez-vous de supprimer les dossiers et de poursuivre l’installation?&lt;/b&gt;</string>

	<string name="IDS_EPI_DISKSPACE_TITLE">Espace disque épuisé</string>
	<string name="IDS_EPI_DISKSPACE_TEXT01">Vous n'avez plus d'espace disque. Les volumes en surbrillance n'ont pas assez d'espace disponible pour l'installation. Vérifiez l'espace disque disponible et réessayez.</string>
	<string name="IDS_EPI_DISKSPACE_HEADER01">Lecteur</string>
	<string name="IDS_EPI_DISKSPACE_HEADER02">Capacité</string>
	<string name="IDS_EPI_DISKSPACE_HEADER03">Espace libre</string>
	<string name="IDS_EPI_DISKSPACE_HEADER04">Espace requis</string>

	<string name="IDS_EPI_INSTALL_PACKAGE_SINGLE">Installation en cours...</string>
	<string name="IDS_EPI_INSTALL_PACKAGE_MULTI">Installation de %1 en cours ...</string>

	<string name="IDS_EPI_DONE_TITLE">Installation réussie</string>
	<string name="IDS_EPI_DONE_TEXT01">L'installation de ${bts.package.[${bts.var.package.default}].name} sur votre ordinateur est réussie. Votre ordinateur sera constamment analysé pour détecter les virus et les logiciels malveillants. &lt;br/&gt; &lt;br/&gt; Merci d'avoir choisi ESET! &lt;br/&gt; &lt;br/&gt; &lt;br/&gt; Cliquez sur &lt;i&gt;Terminer&lt;/i&gt; pour compléter l'installation du produit.</string>
	<string name="IDS_EPI_DONE_TEXT01_EPI">Tous les progiciels ont été installés sur votre ordinateur. &lt;br/&gt;&lt;br/&gt;Cliquez sur &lt;i&gt;Terminée&lt;/i&gt; pour terminer l'installation du produit.</string>
		<string name="IDS_EPI_DONE_PACKAGECACHE_CAPTION">Le %1 et le %2 doivent se trouver dans le même dossier lors de l'exécution.</string>
	<string name="IDS_EPI_DONE_PACKAGECACHE_DESCRIPTION">Le %1 a été téléchargé et sauvegardé dans un dossier&nbsp;:&lt;br/&gt;</string>

	<string name="IDS_EPI_FAIL_FAILED_TITLE">L'installation a échoué</string>
	<string name="IDS_EPI_FAIL_FINISH_TITLE">Installation terminée</string>
	<string name="IDS_EPI_FAIL_KNOWLEDGEBASE">Recherche d'une solution dans la base de connaissances d'ESET.</string>
	<string name="IDS_EPI_FAIL_TROUBLESHOOT">Exécuter le dépannage</string>
	<string name="IDS_EPI_FAIL_TS_LINK">Communiquez avec le service d'assistance technique d'ESET</string>
	<string name="IDS_EPI_FAIL_RESTART">Redémarrer l'ordinateur</string>

	<string name="IDS_EPI_FAIL_TITLE_OS">Version de Microsoft Windows obsolète</string>
	<string name="IDS_EPI_FAIL_TEXT_OS_OUTDATED">ESET Security ne prend pas en charge votre version obsolète de Microsoft Windows. Cliquez sur Fermer pour quitter l'installation.</string>
	<string name="IDS_EPI_FAIL_TEXT_OS_NOT_SUPPORTED">Ce produit n'est plus pris en charge sur votre version obsolète de Microsoft Windows. &lt;a {{IDS_LINK_PRODUCT_OPTIONS}}&gt;Consultez vos options&lt;/a&gt;</string>
	<string name="IDS_EPI_FAIL_TEXT_OS_NOT_SUPPORTED_BUSINESS">Ce produit n'est plus pris en charge sur votre version obsolète de Microsoft Windows.</string>

	<string name="IDS_EPI_FAIL_TITLE_EULA_REJECTED">Contrat de licence d’utilisation</string>
	<string name="IDS_EPI_FAIL_TEXT_EULA_REJECTED">Le contrat de licence d'utilisateur final n'a pas été accepté.</string>

	<string name="IDS_EPI_FAIL_TITLE_CONNECTION">Erreur de connexion</string>
	<string name="IDS_EPI_FAIL_TEXT_CONNECTION">Votre connexion Internet ne semble pas fonctionner. Le produit ne peut pas être installé. &lt;a {{IDS_LINK_INTERNET_SETTINGS}}&gt;Vérifiez votre connexion Internet&lt;/a&gt; et réessayez l'installation.&lt;br/&gt;&lt;br/&gt;Utilisez-vous un serveur mandataire? Changez les paramètres de votre serveur mandataire et réessayez.</string>
	<string name="IDS_EPI_FAIL_TEXT_CONNECTION_EPI">Votre connexion Internet ne semble pas fonctionner. Les progiciels ne peuvent pas être installés. &lt;a {{IDS_LINK_INTERNET_SETTINGS}}&gt;Vérifiez votre connexion Internet&lt;/a&gt; et réessayez l'installation.&lt;br/&gt;&lt;br/&gt;Si vous utilisez un serveur mandataire, changez les paramètres du serveur mandataire et réessayez.</string>

	<string name="IDS_EPI_FAIL_TITLE_DOWNLOAD_ERROR">Erreur de téléchargement</string>
	<string name="IDS_EPI_FAIL_TEXT_DOWNLOAD_ERROR">Une erreur est survenue lors du téléchargement des données à partir du serveur. Veuillez vérifier votre connexion réseau et essayer de nouveau.&lt;br/&gt;&lt;br/&gt;Si vous rencontrez encore des problèmes, veuillez consulter la page &lt;a {{IDS_LINK_OFFLINE_INSTALLER}}&gt;www.eset.com&lt;/a&gt; pour télécharger le programme d'installation hors ligne.</string>
	<string name="IDS_EPI_FAIL_TEXT_DOWNLOAD_ERROR_EPI">Une erreur est survenue lors du téléchargement des données à partir du serveur. Veuillez vérifier votre connexion réseau et essayer de nouveau.</string>

	<string name="IDS_EPI_FAIL_TITLE_INVALID_SERVER_RESPONSE">Réponse invalide</string>
	<string name="IDS_EPI_FAIL_TEXT_INVALID_SERVER_RESPONSE">Une réponse invalide reçue du serveur.</string>

	<string name="IDS_EPI_FAIL_TITLE_INVALID_INSTALLER">Programme d'installation non valide</string>
	<string name="IDS_EPI_FAIL_TEXT_INVALID_INSTALLER">Ce programme d'installation n'est plus valide et doit être remplacé. Téléchargez un nouveau programme d'installation pour installer ce produit.</string>
	<string name="IDS_EPI_FAIL_TEXT_INVALID_INSTALLER_EPI">Ce programme d’installation n’est plus valide et doit être remplacé. Générez un nouveau programme d’installation ou communiquez avec votre administrateur pour installer ce produit.</string>

	<string name="IDS_EPI_FAIL_TITLE_VERSIONCHECK_NO_PACKAGES">Ensemble d'installation non trouvé</string>
	<string name="IDS_EPI_FAIL_TEXT_VERSIONCHECK_NO_PACKAGES">Il n'y a aucun progiciel d'installation sur le serveur qui est compatible. Veuillez consulter la page &lt;a {{IDS_LINK_OFFLINE_INSTALLER}}&gt;www.eset.com&lt;/a&gt; pour télécharger le programme d'installation hors ligne.</string>
	<string name="IDS_EPI_FAIL_TEXT_VERSIONCHECK_NO_PACKAGES_EPI">Ce programme d’installation n’est plus valide et doit être remplacé. Générez un nouveau programme d’installation ou communiquez avec votre administrateur pour installer ce produit.</string>

	<string name="IDS_EPI_FAIL_TITLE_INCOMPATIBLE_OS">Système d'exploitation non compatible</string>
	<string name="IDS_EPI_FAIL_TEXT_INCOMPATIBLE_OS">Le ${bts.package.[${bts.var.package.current}].name} n'est pas conçu pour fonctionner avec votre système d'exploitation. Veuillez télécharger et installer un produit à partir de &lt;a {{IDS_LINK_OFFLINE_INSTALLER}}&gt;www.eset.com&lt;/a&gt;.</string>
	<string name="IDS_EPI_FAIL_TEXT_INCOMPATIBLE_OS_EPI">Le ${bts.package.[${bts.var.package.current}].name} n'est pas conçu pour fonctionner avec votre système d'exploitation.</string>

	<string name="IDS_EPI_FAIL_TITLE_INCOMPATIBLE_PACKAGE_X32">Progiciel non compatible</string>
	<string name="IDS_EPI_FAIL_TEXT_INCOMPATIBLE_PACKAGE_X32">Ce progiciel d’installation est conçu pour les systèmes d’exploitation 32 bits. Veuillez utiliser un progiciel d’installation pour systèmes d’exploitation 64 bits.</string>

	<string name="IDS_EPI_FAIL_TITLE_INCOMPATIBLE_PACKAGE_X64">Progiciel non compatible</string>
	<string name="IDS_EPI_FAIL_TEXT_INCOMPATIBLE_PACKAGE_X64">Ce progiciel d’installation est conçu pour les systèmes d’exploitation 64 bits. Veuillez utiliser un progiciel d’installation pour systèmes d’exploitation 32 bits.</string>

	<string name="IDS_EPI_FAIL_TITLE_INCOMPATIBLE_PRODUCT_INSTALLED">Produit non compatible installé</string>
	<string name="IDS_EPI_FAIL_TEXT_INCOMPATIBLE_PRODUCT_INSTALLED">Un {PRODUCT} non compatible est déjà installé. Veuillez le désinstaller manuellement et relancer l'installation.</string>

	<string name="IDS_EPI_FAIL_TITLE_NEWER_VERSION_NOT_AVAILABLE">La dernière version est déjà installée</string>
	<string name="IDS_EPI_FAIL_TEXT_NEWER_VERSION_NOT_AVAILABLE">La dernière version de ${bts.package.[${bts.var.package.default}].name} est déjà installée sur cet ordinateur.</string>

	<string name="IDS_EPI_FAIL_TITLE_REFERRAL">Impossible d'installer le produit</string>
	<string name="IDS_EPI_FAIL_TEXT_REFERRAL">Le produit ne peut pas être installé car un autre produit ESET est déjà installé sur cet appareil.</string>
	<string name="IDS_EPI_FAIL_TEXT_REFERRAL_UPGRADE">Votre version actuelle d'ESET est dépassée et ne vous garantit plus la meilleure protection.&lt;br/&gt;&lt;b&gt;Améliorez votre protection en mettant à jour à l'aide de la dernière version GRATUITEMENT.&lt;/b&gt;</string>

	<string name="IDS_EPI_FAIL_TITLE_PACKAGE_NOT_FOUND">Module introuvable</string>
	<string name="IDS_EPI_FAIL_TEXT_PACKAGE_NOT_FOUND">Le progiciel d'installation de {PRODUCT} est introuvable.</string>

	<string name="IDS_EPI_FAIL_TITLE_PACKAGE_CORRUPTED">Le paquet est corrompu</string>
	<string name="IDS_EPI_FAIL_TEXT_PACKAGE_CORRUPTED">Le progiciel d'installation de {PRODUCT} est corrompu.</string>

	<string name="IDS_EPI_FAIL_TITLE_INSTALL_OUT_OF_SPACE">Espace disque insuffisant</string>
	<string name="IDS_EPI_FAIL_TEXT_INSTALL_OUT_OF_SPACE">Il n'y a pas assez d'espace disque pour terminer l'installation de ${bts.package.[${bts.var.package.default}].name}.&lt;br/&gt;&lt;br/&gt;Veuillez vous assurer que vous avez au moins %u Mo d'espace libre, puis essayez de nouveau.</string>
	<string name="IDS_EPI_FAIL_TEXT_INSTALL_OUT_OF_SPACE_EPI">Il n'y a pas assez d'espace disque pour terminer l'installation de tous les progiciels.&lt;br/&gt;&lt;br/&gt;Veuillez vous assurer que vous avez au moins %u Mo d'espace libre, puis essayez de nouveau.</string>

	<string name="IDS_EPI_FAIL_TITLE_SETUP">L'installation n'a pas été complétée avec succès</string>
	<string name="IDS_EPI_FAIL_TEXT_SETUP">L'installation de ${bts.package.[${bts.var.package.current}].name} n'a pas été complétée avec succès. Il est possible que le système ne soit pas protégé contre les menaces. Pour installer ${bts.package.[${bts.var.package.current}].name} sur votre ordinateur, veuillez exécuter l'installation à nouveau.</string>
	<string name="IDS_EPI_FAIL_TEXT_SETUP_TROUBLESHOOT">Il y a eu un problème lors de l'installation du produit ESET sur votre périphérique. Nous vous recommandons donc de lancer le programme de dépannage. Le programme de dépannage résoudra le problème, si possible.</string>
	<string name="IDS_EPI_FAIL_TEXT_SETUP_EPI">L'installation de ${bts.package.[${bts.var.package.current}].name} ne s'est pas terminée correctement. Il est possible que le système ne soit pas protégé contre les menaces. Pour installer tous les progiciels sur votre ordinateur, veuillez exécuter l'installation à nouveau.</string>
	<string name="IDS_EPI_FAIL_TEXT_SETUP_ERROR_CODE">Code d'erreur : %s</string>

	<string name="IDS_EPI_FAIL_TITLE_ABORT">L'installation a été interrompue par l'utilisateur</string>
	<string name="IDS_EPI_FAIL_TEXT_ABORT">L'installation de ${bts.package.[${bts.var.package.default}].name} a été interrompue par l'utilisateur. Pour installer ${bts.package.[${bts.var.package.default}].name} sur votre ordinateur, veuillez exécuter l'installation à nouveau.</string>
	<string name="IDS_EPI_FAIL_TEXT_ABORT_EPI">L'installation a été interrompue par l'utilisateur. Pour installer tous les progiciels sur votre ordinateur, veuillez exécuter l'installation à nouveau.</string>

	<string name="IDS_EPI_FAIL_TITLE_INTERNAL_ERROR">Erreur interne</string>
	<string name="IDS_EPI_FAIL_TEXT_INTERNAL_ERROR">Une erreur interne est survenue. Veuillez recommencer l'installation.</string>

	<string name="IDS_EPI_TROUBLESHOOT_FINISH_TITLE">Dépannage terminé</string>
	<string name="IDS_EPI_TROUBLESHOOT_SUCCESS_TITLE">Le dépannage a réussi</string>
	<string name="IDS_EPI_TROUBLESHOOT_FAILED_TITLE">Le dépannage n'a pas réussi</string>
	<string name="IDS_EPI_TROUBLESHOOT_TEXT">&lt;b&gt;Nous vous recommandons de fermer cette fenêtre et de redémarrer votre ordinateur. Après le redémarrage, exécutez à nouveau ce programme d'installation.&lt;/b&gt;</string>
	<string name="IDS_EPI_TROUBLESHOOT_REBOOT_TEXT">&lt;b&gt;Un redémarrage est nécessaire pour terminer le dépannage. Fermez cette fenêtre et redémarrez votre ordinateur. Après le redémarrage, exécutez à nouveau ce programme d'installation.&lt;/b&gt;</string>
	<string name="IDS_EPI_TROUBLESHOOT_CONTACT_TEXT">Si l'erreur persiste, contactez votre administrateur système ou le &lt;a {{IDS_LINK_SUPPORT}}&gt;service client d'ESET.&lt;/a&gt;</string>

	<string name="IDS_EPI_CFG_SIMPLE_CAPTION">Paramètres de protection et d'installation</string>
	<string name="IDS_EPI_CFG_RECOMMENDED_CAPTION">Recommandé</string>
	<string name="IDS_EPI_CFG_SIMPLE_PUA_CAPTION">Activer la détection des applications potentiellement indésirables</string>
	<string name="IDS_EPI_CFG_SIMPLE_CEIP_CAPTION">Participer au programme d’amélioration de l'expérience client &lt;br/&gt; &lt;a type="command" href="gui.ceip.show"&gt; Quels renseignements recueillons-nous?&lt;/a&gt;</string>
	<string name="IDS_EPI_CFG_SIMPLE_LGF_CAPTION">Activer le système de rétroaction ESET LiveGrid®</string>
	<string name="IDS_EPI_CFG_SIMPLE_CEIP_TEXT">Nous souhaitons recueillir des informations anonymes sur l\'utilisation de ce produit. Les données recueillies nous aideront à améliorer votre expérience et ne seront jamais partagées avec des tiers.</string>
	<string name="IDS_EPI_CFG_SIMPLE_CONTINUE">Continuer</string>
	<string name="IDS_EPI_CFG_SIMPLE_ALL_CONTINUE">Tout autoriser et continuer</string>

	<string name="IDS_EPI_BANNER_CAPTION1">Préparation de l'installation</string>
	<string name="IDS_EPI_BANNER_DESCRIPTION1">Veuillez attendre pendant que nous téléchargeons le progiciel d’installation.</string>

	<string name="IDS_EPI_BANNER_CAPTION2">Installation en cours</string>
	<string name="IDS_EPI_BANNER_DESCRIPTION2">Vous avez presque terminé! Veuillez attendre la fin de l’installation.</string>

	<string name="IDS_EPI_BANNER_CAPTION3">Performances inégalées</string>
	<string name="IDS_EPI_BANNER_DESCRIPTION3">La technologie multicouches d'ESET utilise l'intelligence de 100 millions de capteurs à travers le monde pour vous assurer un niveau de protection maximum avec le moins d'exigences possible pour votre système.</string>

	<string name="IDS_EPI_BANNER_CAPTION4">Merci d’avoir choisi ESET!</string>
	<string name="IDS_EPI_BANNER_DESCRIPTION4">La technologie ESET NOD32® détient le record du monde pour les prix consécutifs et cumulatifs VB100.</string>

	<string name="IDS_EPI_BANNER_CAPTION5">Contrôle facile et centralisé de votre sécurité informatique</string>
	<string name="IDS_EPI_BANNER_DESCRIPTION5">Que vous utilisiez une console de gestion de la sécurité dans le nuage ou sur site, vous obtiendrez un volet unique vous donnant un meilleur contrôle de toute votre sécurité ESET partout et à tout moment.</string>


</resources>
