﻿<?xml version="1.0" encoding="utf-8" ?>
<resources langname="Български (Bulgarian)" lcid="0402">

	<string name="IDS_EPI_INSTALL_STEP">Добре дошли|Лицензионни споразумения|AV Remover|Инсталиране|Готово</string>

	<string name="IDS_EPI_ACTION_INIT">Инициализиране...</string>
	<string name="IDS_EPI_ACTION_EULA">Изтегляне на ЛСКП…</string>
	<string name="IDS_EPI_ACTION_DUMP">Подготвяне на инсталационния пакет...</string>
	<string name="IDS_EPI_ACTION_CALC">Изчисляване на наличното пространство...</string>
	<string name="IDS_EPI_ACTION_DETECTAV">Проверка за потенциално несъвместими приложения...</string>
	<string name="IDS_EPI_ACTION_PACKAGECACHE">Финализиране на офлайн пакета...</string>
	<string name="IDS_EPI_ACTION_CLEANUP_FOLDERS">Изтриване на папки...</string>
	<string name="IDS_EPI_ACTION_TROUBLESHOOTING">Отстраняване на неизправности, това може да отнеме известно време...</string>

	<string name="IDS_EPI_HOME_TITLE_EAV">Инсталиране на ${bts.package.[0].name}</string>
	<string name="IDS_EPI_HOME_TEXT_EAV">Работете, играйте и комуникирайте с помощта на компютъра си, защитени от ESET.</string>
	<string name="IDS_EPI_HOME_TITLE_ESS">Инсталиране на ${bts.package.[0].name}</string>
	<string name="IDS_EPI_HOME_TEXT_ESS">Работете, играйте и комуникирайте с помощта на компютъра си, защитени от ESET.</string>
	<string name="IDS_EPI_HOME_TITLE_EIS">Инсталиране на ${bts.package.[0].name}</string>
	<string name="IDS_EPI_HOME_TEXT_EIS">Работете, играйте и комуникирайте с помощта на компютъра си, защитени от ESET.</string>
	<string name="IDS_EPI_HOME_TITLE_ESSP">Инсталиране на ${bts.package.[0].name}</string>
	<string name="IDS_EPI_HOME_TEXT_ESSP">Работете, играйте и комуникирайте с помощта на компютъра си, защитени от ESET.</string>
	<string name="IDS_EPI_HOME_TITLE_EHS">Инсталиране на ${bts.package.[0].name}</string>
	<string name="IDS_EPI_HOME_TEXT_EHS">Работете, играйте и комуникирайте с помощта на компютъра си, защитени от ESET.</string>
	<string name="IDS_EPI_HOME_TITLE_EEA">Инсталиране на ${bts.package.[0].name}</string>
	<string name="IDS_EPI_HOME_SUBTITLE_EEA">Разширена базова защита за вашия бизнес</string>
	<string name="IDS_EPI_HOME_TEXT_EEA">${bts.package.[0].name}, включващ удостоената с награди технология за откриване ESET NOD32®, осигурява на вашия бизнес лека, разширена базова защита, подсилена от нашата система за репутация в облака. Управлявайте го безпроблемно с нашата изцяло обновена, лесна за употреба уеб конзола ESET PROTECT.</string>
	<string name="IDS_EPI_HOME_TITLE_EES">Инсталиране на ${bts.package.[0].name}</string>
	<string name="IDS_EPI_HOME_SUBTITLE_EES">Вашият пълнофункционален пакет за разширена защита</string>
	<string name="IDS_EPI_HOME_TEXT_EES">${bts.package.[0].name} е нашият пълнофункционален пакет за разширена защита, който предоставя изчерпателна защита на много нива от всички видове злонамерен софтуер. Наслаждавайте се на ниски изисквания към системата, поддръжка на виртуализацията и контрол чрез напълно новата уеб конзола ESET PROTECT.</string>

	<string name="IDS_EPI_HOME_TITLE_MULTI">Инсталирай компонентите</string>
	<string name="IDS_EPI_INFO_TITLE_ERAA">Този компютър ще се управлява от ESET PROTECT</string>
	<string name="IDS_EPI_BUNDLE_TITLE">В тази инсталационна програма са включени следните компоненти</string>

	<string name="IDS_EPI_HOME_AVREMOVER_CHECK">Искам да деинсталирам несъвместими продукти за защита</string>
	<string name="IDS_EPI_HOME_NEW_VERSION_TEXT">По-нова версия на този продукт е налична онлайн и може да се изтегли и инсталира автоматично вместо включената версия.</string>
	<string name="IDS_EPI_HOME_NEW_VERSION_CHECKBOX">Инсталиране на по-нова версия</string>

<string name="IDS_EPI_HOME_NEED_HELP">Нуждаете се от помощ при инсталирането?</string>
	<string name="IDS_EPI_HOME_OPEN_INSTRUCTIONS">Отваряне на инструкциите за инсталиране</string>
	<string name="IDS_EPI_HOME_OPEN_GUIDE">Отваряне на ръководството за потребителя</string>

	<string name="IDS_EPI_LOCK_PASSWORD_TITLE">Настройките на ESET Security са защитени с парола</string>
	<string name="IDS_EPI_LOCK_PASSWORD_SUBTITLE">Въведете валидна парола, за да продължите.</string>
	<string name="IDS_EPI_LOCK_PASSWORD_TEXT">Парола</string>
	<string name="IDS_EPI_LOCK_PASSWORD_ERROR">Неправилна парола. Можете да възстановите паролата&lt;br/&gt;в разширените настройки на продукта.</string>

	<string name="IDS_EPI_EULA_SINGLE_TITLE">Лицензионно споразумение с краен потребител</string>
	<string name="IDS_EPI_EULA_SAVEAS_FILTER">Текстови файлове (*.txt)|*.txt|HTML (*.html,*.htm)|*.html;*.htm||</string>
	<string name="IDS_EPI_EULA_BUTTON_ACCEPT">Приемам</string>
	<string name="IDS_EPI_EULA_BUTTON_DECLINE">Не приемам</string>
	<string name="IDS_EPI_EULA_DECLINE">Отхвърлянето на Лицензионното споразумение с краен потребител ще затвори инсталиращата програма. Наистина ли искате да го направите?</string>

	<string name="IDS_EPI_DETECTAV_TITLE">Сканиране</string>
	<string name="IDS_EPI_DETECTAV_TEXT01">Открити са други продукти за защита</string>
	<string name="IDS_EPI_DETECTAV_TEXT02">Изпълняването на две защитни решения едновременно може да доведе до нестабилност. Разрешете този проблем, като деинсталирате несъвместимия софтуер за защита, който се намира във вашата система.</string>
	<string name="IDS_EPI_DETECTAV_UNINSTALL">Как да деинсталирате друг антивирусен софтуер</string>

	<string name="IDS_EPI_PACKAGECACHE_TITLE">Предварително изтегляне на компоненти</string>
	<string name="IDS_EPI_PACKAGECACHE_TEXT">Изтеглете предварително компонентите, включени в тази инсталационна програма на пакети (инсталираща програма в реално време), за да ускорите процеса по разполагане, когато разполагате с ограничена интернет връзка.</string>
	<string name="IDS_EPI_PACKAGECACHE_HOW01">&lt;b&gt;Щракнете върху бутона за изтегляне&lt;/b&gt; и %1 бъде създадено, изтеглено и записано на вашия компютър.</string>
	<string name="IDS_EPI_PACKAGECACHE_HOW02">&lt;b&gt;Копирайте %1 и %2 в една и съща папка.&lt;/b&gt; Можете да използвате споделено мрежово пространство или USB устройство.</string>
	<string name="IDS_EPI_PACKAGECACHE_HOW03">&lt;b&gt;Изпълнете %2 на компютър от споделена папка или USB устройство.&lt;/b&gt; %2 ще използва вече изтеглените предварително компоненти, без да ги изтегля повторно.</string>

	<string name="IDS_EPI_DOWNLOAD_PACKAGE_SINGLE">Изтегляне…</string>
	<string name="IDS_EPI_DOWNLOAD_PACKAGE_MULTI">Изтегляне на %1…</string>

	<string name="IDS_EPI_CFG_LGF_CAPTION_CONSUMER">Колкото повече, толкова по-добре. Възползвайте се от максималното ниво на защита.</string>
	<string name="IDS_EPI_CFG_LGF_TEXT_CONSUMER">Системата на ESET LiveGrid® за обратна връзка ни позволява да събираме статистика и информация за подозрителни обекти, които да обработим автоматично с цел създаване на механизми за откриване в нашата система в облака. След това незабавно прилагаме тези механизми, за да се гарантира максималното ниво на защита на нашите клиенти.</string>
	<string name="IDS_EPI_CFG_LGF_CAPTION_BUSINESS">Помогнете ни да ви предоставим още по-усъвършенствана защита.</string>
	<string name="IDS_EPI_CFG_LGF_TEXT_BUSINESS">Системата на ESET LiveGrid® за обратна връзка използва над 100 милиона сензора по света, които ни позволяват да събираме информация за подозрителни обекти, която обработваме автоматично с цел създаване на механизми за откриване чрез системата ни за репутация в облака. След това незабавно прилагаме тези механизми, за да се гарантира максималното ниво на защита на нашите клиенти.</string>
	<string name="IDS_EPI_CFG_LGF_ENABLE">Разрешаване на системата за обратна връзка на ESET LiveGrid® (препоръчително)</string>
	<string name="IDS_EPI_CFG_LGF_DISABLE">Забраняване на системата на ESET LiveGrid® за обратна връзка</string>

	<string name="IDS_EPI_CFG_PUA_CAPTION">Откриване на потенциално нежелани приложения</string>
	<string name="IDS_EPI_CFG_PUA_TEXT">ESET може да открива &lt;a {{IDS_HELP_PUA_LINK}}&gt;потенциално нежелани приложения&lt;/a&gt; и да иска потвърждение, преди да бъдат инсталирани. Потенциално нежеланите приложения може да не излагат на риск защитата, но да засягат производителността, скоростта и надеждността на компютъра или да доведат до промени във функционирането му. Те обикновено изискват съгласието на потребителя, преди да се инсталират.</string>
	<string name="IDS_EPI_CFG_PUA_ENABLE">Разрешаване на откриването на потенциално нежелани приложения</string>
	<string name="IDS_EPI_CFG_PUA_DISABLE">Забраняване на откриването на потенциално нежелани приложения</string>

	<string name="IDS_EPI_CFG_CEIP_CAPTION">Участие в програмата за подобряване на работата на клиентите</string>
	<string name="IDS_EPI_CFG_CEIP_TEXT">Бихме искали да събираме анонимна информация за това как се използва този продукт. Събраните данни ще ни помогнат да подобрим вашата работа и никога няма да се споделят с трети лица. &lt;a type="command" href="gui.ceip.show"&gt;Каква информация събираме?&lt;/a&gt;</string>
	<string name="IDS_EPI_CFG_CEIP_YES">Да, искам да участвам в програмата (препоръчително)</string>
	<string name="IDS_EPI_CFG_CEIP_NO">Не, не искам да участвам в програмата</string>

	<string name="IDS_EPI_CFG_EULA_CAPTION">Лицензионно споразумение с краен потребител</string>
	<string name="IDS_EPI_CFG_EULA_DESCRIPTION">Като щракнете върху някой от бутоните „Продължи“ по-долу, приемате &lt;a {{IDS_LINK_SHOW_EULA}}&gt;Лицензионното споразумение с краен потребител&lt;/a&gt; и потвърждавате &lt;a {{IDS_LINK_SHOW_PRIVACY_POLICY}}&gt;Правилата за поверителност.&lt;/a&gt;</string>
	<string name="IDS_EPI_CFG_EULA_MSGBOX_OK">OK</string>
	<string name="IDS_EPI_CFG_EULA_MSGBOX_NOT_AGREE">Не приемам</string>
	<string name="IDS_EPI_CFG_EULA_MSGBOX_SAVE">Запиши</string>

	<string name="IDS_EPI_CFG_BUTTON_ADVANCED">Промяна на инсталационната папка</string>
	<string name="IDS_EPI_CFG_FOLDERS_INSTALL">Папка на продукта:</string>
	<string name="IDS_EPI_CFG_FOLDERS_DATA">Папка на данните:</string>
	<string name="IDS_EPI_CFG_FOLDERS_MODULE">Папка на модула:</string>
	<string name="IDS_EPI_CFG_FOLDERS_VALIDATOR_INVALID">Избрана е невалидна папка.</string>

	<string name="IDS_EPI_CFG_ALREADY_CONFIGURED">Настройките за инсталиране вече са конфигурирани.</string>

	<string name="IDS_EPI_NONEMPTY_FOLDER_WARNING_TITLE">Папката за инсталиране трябва да е празна</string>
	<string name="IDS_EPI_NONEMPTY_FOLDER_WARNING_MESSAGE_SINGULAR">За да продължи инсталирането, съществуващата папка ще бъде премахната:</string>
	<string name="IDS_EPI_NONEMPTY_FOLDER_WARNING_MESSAGE_PLURAL">За да продължи инсталирането, съществуващите папки ще бъдат премахнати:</string>
	<string name="IDS_EPI_NONEMPTY_FOLDER_QUESTION">&lt;b&gt;Съгласни ли сте с премахването на папките и продължаване на инсталирането?&lt;/b&gt;</string>

	<string name="IDS_EPI_DISKSPACE_TITLE">Запълнено дисково пространство</string>
	<string name="IDS_EPI_DISKSPACE_TEXT01">Нямате място на диска. Наличното пространство не е достатъчно за инсталиране на маркираните обеми. Проверете наличното дисково пространство и опитайте отново.</string>
	<string name="IDS_EPI_DISKSPACE_HEADER01">Диск</string>
	<string name="IDS_EPI_DISKSPACE_HEADER02">Капацитет</string>
	<string name="IDS_EPI_DISKSPACE_HEADER03">Свободно пространство</string>
	<string name="IDS_EPI_DISKSPACE_HEADER04">Необходимо пространство</string>

	<string name="IDS_EPI_INSTALL_PACKAGE_SINGLE">Инсталиране...</string>
	<string name="IDS_EPI_INSTALL_PACKAGE_MULTI">Инсталиране на %1...</string>

	<string name="IDS_EPI_DONE_TITLE">Инсталирането е успешно</string>
	<string name="IDS_EPI_DONE_TEXT01">${bts.package.[${bts.var.package.default}].name} се инсталира успешно на компютъра ви. Компютърът ще бъде постоянно проверяван за вируси и злонамерен софтуер. &lt;br/&gt; &lt;br/&gt; Благодарим ви, че избрахте ESET! &lt;br/&gt; &lt;br/&gt; &lt;br/&gt; Щракнете върху &lt;i&gt;Готово&lt;/i&gt;, за да завършите инсталирането на продукта.</string>
	<string name="IDS_EPI_DONE_TEXT01_EPI">Всички пакети се инсталираха успешно на компютъра ви. &lt;br/&gt; &lt;br/&gt; Щракнете върху &lt;i&gt;Готово&lt;/i&gt;, за да завършите първоначалната настройка на продукта.</string>
		<string name="IDS_EPI_DONE_PACKAGECACHE_CAPTION">%1 и %2 трябва да се намират в една и съща папка при изпълнението им.</string>
	<string name="IDS_EPI_DONE_PACKAGECACHE_DESCRIPTION">%1 е изтеглено и записано в папка:&lt;br/&gt;</string>

	<string name="IDS_EPI_FAIL_FAILED_TITLE">Инсталацията е неуспешна</string>
	<string name="IDS_EPI_FAIL_FINISH_TITLE">Инсталирането е завършено</string>
	<string name="IDS_EPI_FAIL_KNOWLEDGEBASE">Търсене на решение в базата знания на ESET.</string>
	<string name="IDS_EPI_FAIL_TROUBLESHOOT">Стартирайте отстраняване на неизправностите</string>
	<string name="IDS_EPI_FAIL_TS_LINK">Свържете се с отдела за техническа поддръжка на ESET</string>
	<string name="IDS_EPI_FAIL_RESTART">Рестартиране на компютъра</string>

	<string name="IDS_EPI_FAIL_TITLE_OS">Остаряла версия на Microsoft Windows</string>
	<string name="IDS_EPI_FAIL_TEXT_OS_OUTDATED">ESET Security не поддържа вашата остаряла версия на Microsoft Windows. Щракнете върху бутона за затваряне, за да излезете от инсталацията.</string>
	<string name="IDS_EPI_FAIL_TEXT_OS_NOT_SUPPORTED">Продуктът вече не се поддържа на вашата остаряла версия на Microsoft Windows. &lt;a {{IDS_LINK_PRODUCT_OPTIONS}}&gt;Вижте опциите, с които разполагате&lt;/a&gt;</string>
	<string name="IDS_EPI_FAIL_TEXT_OS_NOT_SUPPORTED_BUSINESS">Продуктът вече не се поддържа на вашата остаряла версия на Microsoft Windows.</string>

	<string name="IDS_EPI_FAIL_TITLE_EULA_REJECTED">Лицензионно споразумение с краен потребител</string>
	<string name="IDS_EPI_FAIL_TEXT_EULA_REJECTED">Лицензионното споразумение с краен потребител не е прието.</string>

	<string name="IDS_EPI_FAIL_TITLE_CONNECTION">Грешка във връзката</string>
	<string name="IDS_EPI_FAIL_TEXT_CONNECTION">Изглежда, че вашата интернет връзка не работи. Продуктът не може да бъде инсталиран. &lt;a {{IDS_LINK_INTERNET_SETTINGS}}&gt;Проверете интернет връзката си&lt;/a&gt; и опитайте отново да инсталирате.&lt;br/&gt;&lt;br/&gt;Използвате ли прокси сървър? Променете настройките на прокси сървъра и опитайте отново.</string>
	<string name="IDS_EPI_FAIL_TEXT_CONNECTION_EPI">Изглежда, че вашата интернет връзка не работи. Пакетите не могат да бъдат инсталирани. &lt;a {{IDS_LINK_INTERNET_SETTINGS}}&gt;Проверете интернет връзката си&lt;/a&gt; и опитайте отново да инсталирате.&lt;br/&gt;&lt;br/&gt;Прокси сървър ли използвате? Променете настройките на прокси сървъра и опитайте отново.</string>

	<string name="IDS_EPI_FAIL_TITLE_DOWNLOAD_ERROR">Грешка при изтегляне</string>
	<string name="IDS_EPI_FAIL_TEXT_DOWNLOAD_ERROR">Възникна грешка при изтегляне на данни от сървъра. Проверете мрежовата си връзка и опитайте отново.&lt;br/&gt;&lt;br/&gt;Ако все още срещате проблеми, посетете уеб сайта &lt;a {{IDS_LINK_OFFLINE_INSTALLER}}&gt;www.eset.com&lt;/a&gt;, за да изтеглите офлайн инсталиращата програма.</string>
	<string name="IDS_EPI_FAIL_TEXT_DOWNLOAD_ERROR_EPI">Възникна грешка при изтегляне на данни от сървъра. Проверете мрежовата си връзка и опитайте отново.</string>

	<string name="IDS_EPI_FAIL_TITLE_INVALID_SERVER_RESPONSE">Невалиден отговор</string>
	<string name="IDS_EPI_FAIL_TEXT_INVALID_SERVER_RESPONSE">Невалиден получател на отговор от сървъра.</string>

	<string name="IDS_EPI_FAIL_TITLE_INVALID_INSTALLER">Невалидна инсталационна програма</string>
	<string name="IDS_EPI_FAIL_TEXT_INVALID_INSTALLER">Инсталационната програма вече не е валидна и трябва да бъде заменена. Изтеглете нова инсталационна програма, за да инсталирате този продукт.</string>
	<string name="IDS_EPI_FAIL_TEXT_INVALID_INSTALLER_EPI">Инсталационната програма вече не е валидна и трябва да бъде заменена. Генерирайте нова инсталационна програма или се свържете с вашия администратор за инсталиране на този продукт.</string>

	<string name="IDS_EPI_FAIL_TITLE_VERSIONCHECK_NO_PACKAGES">Не е намерен съвместим пакет</string>
	<string name="IDS_EPI_FAIL_TEXT_VERSIONCHECK_NO_PACKAGES">На сървъра няма съвместим инсталационен пакет. Посетете уеб сайта &lt;a {{IDS_LINK_OFFLINE_INSTALLER}}&gt;www.eset.com&lt;/a&gt;, за да изтеглите офлайн инсталиращата програма.</string>
	<string name="IDS_EPI_FAIL_TEXT_VERSIONCHECK_NO_PACKAGES_EPI">Инсталационната програма вече не е валидна и трябва да бъде заменена. Генерирайте нова инсталационна програма или се свържете с вашия администратор за инсталиране на този продукт.</string>

	<string name="IDS_EPI_FAIL_TITLE_INCOMPATIBLE_OS">Несъвместима операционна система</string>
	<string name="IDS_EPI_FAIL_TEXT_INCOMPATIBLE_OS">Продуктът ${bts.package.[${bts.var.package.current}].name} не е предназначен за сървърни операционни системи. Изтеглете и инсталирайте продукт от уеб сайта &lt;a {{IDS_LINK_OFFLINE_INSTALLER}}&gt;www.eset.com&lt;/a&gt;.</string>
	<string name="IDS_EPI_FAIL_TEXT_INCOMPATIBLE_OS_EPI">Продуктът ${bts.package.[${bts.var.package.current}].name} не е предназначен за вашите операционни системи.</string>

	<string name="IDS_EPI_FAIL_TITLE_INCOMPATIBLE_PACKAGE_X32">Несъвместим пакет</string>
	<string name="IDS_EPI_FAIL_TEXT_INCOMPATIBLE_PACKAGE_X32">Този инсталационен пакет е предназначен за 32-битови операционни системи. Използвайте инсталационен пакет за 64-битови операционни системи.</string>

	<string name="IDS_EPI_FAIL_TITLE_INCOMPATIBLE_PACKAGE_X64">Несъвместим пакет</string>
	<string name="IDS_EPI_FAIL_TEXT_INCOMPATIBLE_PACKAGE_X64">Този инсталационен пакет е предназначен за 64-битови операционни системи. Използвайте инсталационен пакет за 32-битови операционни системи.</string>

	<string name="IDS_EPI_FAIL_TITLE_INCOMPATIBLE_PRODUCT_INSTALLED">Инсталиран е несъвместим продукт</string>
	<string name="IDS_EPI_FAIL_TEXT_INCOMPATIBLE_PRODUCT_INSTALLED">На системата е инсталиран несъвместим продукт {PRODUCT}. Деинсталирайте го ръчно и стартирайте отново инсталиращата програма.</string>

	<string name="IDS_EPI_FAIL_TITLE_NEWER_VERSION_NOT_AVAILABLE">Най-новата версия вече е инсталирана</string>
	<string name="IDS_EPI_FAIL_TEXT_NEWER_VERSION_NOT_AVAILABLE">Най-новата версия на ${bts.package.[${bts.var.package.default}].name} вече е инсталирана на този компютър.</string>

	<string name="IDS_EPI_FAIL_TITLE_REFERRAL">Продуктът не може да бъде инсталиран</string>
	<string name="IDS_EPI_FAIL_TEXT_REFERRAL">Продуктът не може да бъде инсталиран, тъй като друг продукт на ESET вече е инсталиран на това устройство.</string>
	<string name="IDS_EPI_FAIL_TEXT_REFERRAL_UPGRADE">Съществуващата версия на ESET е остаряла и вече не ви осигурява най-добрата защита.&lt;br/&gt;&lt;b&gt;Подобрете защитата си, като надстроите до най-новата версия БЕЗПЛАТНО.&lt;/b&gt;</string>

	<string name="IDS_EPI_FAIL_TITLE_PACKAGE_NOT_FOUND">Пакетът не е намерен</string>
	<string name="IDS_EPI_FAIL_TEXT_PACKAGE_NOT_FOUND">Инсталационният пакет {PRODUCT} не беше намерен.</string>

	<string name="IDS_EPI_FAIL_TITLE_PACKAGE_CORRUPTED">Пакетът е повреден</string>
	<string name="IDS_EPI_FAIL_TEXT_PACKAGE_CORRUPTED">Инсталационният пакет {PRODUCT} е повреден.</string>

	<string name="IDS_EPI_FAIL_TITLE_INSTALL_OUT_OF_SPACE">Няма дисково пространство</string>
	<string name="IDS_EPI_FAIL_TEXT_INSTALL_OUT_OF_SPACE">Дисковото пространство не е достатъчно, за да се завърши инсталирането на ${bts.package.[${bts.var.package.default}].name}.&lt;br/&gt;&lt;br/&gt;Уверете се, че има поне %u MB свободно пространство и опитайте отново.</string>
	<string name="IDS_EPI_FAIL_TEXT_INSTALL_OUT_OF_SPACE_EPI">Дисковото пространство не е достатъчно, за да се завърши инсталирането на всички пакети.&lt;br/&gt;&lt;br/&gt;Уверете се, че има поне %u MB свободно пространство и опитайте отново.</string>

	<string name="IDS_EPI_FAIL_TITLE_SETUP">Инсталирането не завърши успешно</string>
	<string name="IDS_EPI_FAIL_TEXT_SETUP">Инсталирането на ${bts.package.[${bts.var.package.current}].name} не беше завършено успешно. Възможно е системата да не е защитена срещу компютърни заплахи. За да инсталирате ${bts.package.[${bts.var.package.current}].name} на компютъра си, стартирайте повторно инсталиращата програма.</string>
	<string name="IDS_EPI_FAIL_TEXT_SETUP_TROUBLESHOOT">Възникна проблем при инсталирането на продукта на ESET на устройството ви. Препоръчваме ви да стартирате програма за отстраняване на неизправности. Тя ще разреши проблема, ако е възможно.</string>
	<string name="IDS_EPI_FAIL_TEXT_SETUP_EPI">Инсталирането на ${bts.package.[${bts.var.package.current}].name} не беше завършено успешно. Възможно е системата да не е защитена срещу компютърни заплахи. За да инсталирате всички пакети на компютъра си, стартирайте повторно инсталиращата програма.</string>
	<string name="IDS_EPI_FAIL_TEXT_SETUP_ERROR_CODE">Код за грешка: %s</string>

	<string name="IDS_EPI_FAIL_TITLE_ABORT">Инсталирането беше прекъснато от потребителя</string>
	<string name="IDS_EPI_FAIL_TEXT_ABORT">Инсталирането на ${bts.package.[${bts.var.package.default}].name} беше прекъснато от потребителя. За да инсталирате ${bts.package.[${bts.var.package.default}].name} на компютъра си, стартирайте повторно инсталиращата програма.</string>
	<string name="IDS_EPI_FAIL_TEXT_ABORT_EPI">Инсталирането беше прекъснато от потребителя. За да инсталирате всички пакети на компютъра си, стартирайте повторно инсталиращата програма.</string>

	<string name="IDS_EPI_FAIL_TITLE_INTERNAL_ERROR">Вътрешна грешка</string>
	<string name="IDS_EPI_FAIL_TEXT_INTERNAL_ERROR">Възникна вътрешна грешка. Опитайте отново да стартирате инсталиращата програма.</string>

	<string name="IDS_EPI_TROUBLESHOOT_FINISH_TITLE">Отстраняването на неизправности завърши</string>
	<string name="IDS_EPI_TROUBLESHOOT_SUCCESS_TITLE">Отстраняването на неизправности е успешно</string>
	<string name="IDS_EPI_TROUBLESHOOT_FAILED_TITLE">Отстраняването на неизправности е неуспешно</string>
	<string name="IDS_EPI_TROUBLESHOOT_TEXT">&lt;b&gt;Препоръчваме ви да затворите този прозорец и да рестартирате компютъра. След рестартирането изпълнете инсталационната програма отново.&lt;/b&gt;</string>
	<string name="IDS_EPI_TROUBLESHOOT_REBOOT_TEXT">&lt;b&gt;Необходимо е рестартиране, за да завърши отстраняването на неизправностите. Затворете този прозорец и рестартирайте компютъра. След рестартирането изпълнете инсталационната програма отново.&lt;/b&gt;</string>
	<string name="IDS_EPI_TROUBLESHOOT_CONTACT_TEXT">В случай че продължавате да получавате грешка, се свържете със системния си администратор или с &lt;a {{IDS_LINK_SUPPORT}}&gt;отдела за техническа поддръжка на ESET.&lt;/a&gt;</string>

	<string name="IDS_EPI_CFG_SIMPLE_CAPTION">Настройки за защита и инсталиране</string>
	<string name="IDS_EPI_CFG_RECOMMENDED_CAPTION">Препоръчва се</string>
	<string name="IDS_EPI_CFG_SIMPLE_PUA_CAPTION">Разрешаване на откриването на потенциално нежелани приложения</string>
	<string name="IDS_EPI_CFG_SIMPLE_CEIP_CAPTION">Участвайте в програмата за подобряване на работата на клиентите &lt;br/&gt; &lt;a type="command" href="gui.ceip.show"&gt; Каква информация събираме?&lt;/a&gt;</string>
	<string name="IDS_EPI_CFG_SIMPLE_LGF_CAPTION">Разрешаване на системата за обратна връзка на ESET LiveGrid®</string>
	<string name="IDS_EPI_CFG_SIMPLE_CEIP_TEXT">Бихме искали да събираме анонимна информация за това как се използва този продукт. Събраните данни ще ни помогнат да подобрим вашата работа и никога няма да се споделят с трети лица.</string>
	<string name="IDS_EPI_CFG_SIMPLE_CONTINUE">Продължаване</string>
	<string name="IDS_EPI_CFG_SIMPLE_ALL_CONTINUE">Позволи всичко и продължи</string>

	<string name="IDS_EPI_BANNER_CAPTION1">Подготовка на инсталирането</string>
	<string name="IDS_EPI_BANNER_DESCRIPTION1">Изчакайте, докато изтеглим инсталационния пакет.</string>

	<string name="IDS_EPI_BANNER_CAPTION2">Извършва се инсталиране</string>
	<string name="IDS_EPI_BANNER_DESCRIPTION2">Почти е готово! Изчакайте, докато инсталирането завърши.</string>

	<string name="IDS_EPI_BANNER_CAPTION3">Бърза, лека и ефективна защита от вируси</string>
	<string name="IDS_EPI_BANNER_DESCRIPTION3">Многопластовата технология на ESET използва информация от над 100 млн. сензори по цял свят, за да получите максимално ниво на защита с минимално количество използвани ресурси на компютрите, сървърите и мобилните ви устройства.</string>

	<string name="IDS_EPI_BANNER_CAPTION4">Благодарим ви, че избрахте ESET!</string>
	<string name="IDS_EPI_BANNER_DESCRIPTION4">Технологията ESET NOD32® е отличена с рекорден брой награди за ефективност VB100.</string>

	<string name="IDS_EPI_BANNER_CAPTION5">Лесна отдалечена администрация на ИТ сигурността от едно място</string>
	<string name="IDS_EPI_BANNER_DESCRIPTION5">Без значение дали използвате облак, или локална конзола за управление на защитата, ще получите еднослоен контролер, който ви осигурява подобрено управление на цялостната защита на ESET навсякъде и по всяко време.</string>


</resources>
