﻿<?xml version="1.0" encoding="utf-8" ?>
<resources langname="Latviešu" lcid="0426">

	<string name="IDS_EPI_INSTALL_STEP">Esiet sveicināts|Licences līgums|AV noņēmējs|Instalēšana|Pabeigšana</string>

	<string name="IDS_EPI_ACTION_INIT">Notiek inicializēšana...</string>
	<string name="IDS_EPI_ACTION_EULA">Notiek galalietotāja licences vienošanās(-os) lejupielāde...</string>
	<string name="IDS_EPI_ACTION_DUMP">Notiek instalēšanas pakotnes gatavošana...</string>
	<string name="IDS_EPI_ACTION_CALC">Notiek pieejamās vietas aprēķināšana...</string>
	<string name="IDS_EPI_ACTION_DETECTAV">Notiek iespējami konfliktējošu lietojumprogrammu meklēšana...</string>
	<string name="IDS_EPI_ACTION_PACKAGECACHE">Notiek bezsaistes pakotnes finalizēšana...</string>
	<string name="IDS_EPI_ACTION_CLEANUP_FOLDERS">Notiek mapju dzēšana...</string>
	<string name="IDS_EPI_ACTION_TROUBLESHOOTING">Problēmu novēršana, tas var ilgt kādu brīdi...</string>

	<string name="IDS_EPI_HOME_TITLE_EAV">Instalēt ${bts.package.[0].name}</string>
	<string name="IDS_EPI_HOME_TEXT_EAV">Izmantojiet datoru darbam, spēlēm un saziņai, to aizsargājot ar ESET.</string>
	<string name="IDS_EPI_HOME_TITLE_ESS">Instalēt ${bts.package.[0].name}</string>
	<string name="IDS_EPI_HOME_TEXT_ESS">Izmantojiet datoru darbam, spēlēm un saziņai, to aizsargājot ar ESET.</string>
	<string name="IDS_EPI_HOME_TITLE_EIS">Instalēt ${bts.package.[0].name}</string>
	<string name="IDS_EPI_HOME_TEXT_EIS">Izmantojiet datoru darbam, spēlēm un saziņai, to aizsargājot ar ESET.</string>
	<string name="IDS_EPI_HOME_TITLE_ESSP">Instalēt ${bts.package.[0].name}</string>
	<string name="IDS_EPI_HOME_TEXT_ESSP">Izmantojiet datoru darbam, spēlēm un saziņai, to aizsargājot ar ESET.</string>
	<string name="IDS_EPI_HOME_TITLE_EHS">Instalēt ${bts.package.[0].name}</string>
	<string name="IDS_EPI_HOME_TEXT_EHS">Izmantojiet datoru darbam, spēlēm un saziņai, to aizsargājot ar ESET.</string>
	<string name="IDS_EPI_HOME_TITLE_EEA">Instalēt ${bts.package.[0].name}</string>
	<string name="IDS_EPI_HOME_SUBTITLE_EEA">Uzlabota pamata aizsardzība jūsu uzņēmumam</string>
	<string name="IDS_EPI_HOME_TEXT_EEA">Risinājums ${bts.package.[0].name}, kurā ietverta godalgotā ESET NOD32® noteikšanas tehnoloģija, nodrošina uzņēmumam vieglu, uzlabotu pamata aizsardzību, ko papildina mūsu mākoņa reputācijas sistēma. Ērti vadiet risinājumu mūsu pilnībā pārveidotajā, lietotājam draudzīgajā ESET PROTECT tīmekļa konsolē.</string>
	<string name="IDS_EPI_HOME_TITLE_EES">Instalēt ${bts.package.[0].name}</string>
	<string name="IDS_EPI_HOME_SUBTITLE_EES">Jūsu uzlabotais aizsardzības komplekts, kurā iekļauti visi līdzekļi</string>
	<string name="IDS_EPI_HOME_TEXT_EES">${bts.package.[0].name} ir uzlabots aizsardzības komplekts, kurā iekļauti visi līdzekļi. Tas nodrošina visaptverošu vairākslāņu aizsardzību pret visiem kaitniekprogrammu tipiem. Izmantojiet zemas prasības pret sistēmu, virtualizācijas atbalstu un pārraudzību jaunajā ESET PROTECT tīmekļa konsolē.</string>

	<string name="IDS_EPI_HOME_TITLE_MULTI">Instalētie komponenti</string>
	<string name="IDS_EPI_INFO_TITLE_ERAA">Šo datoru pārvaldīs ESET PROTECT</string>
	<string name="IDS_EPI_BUNDLE_TITLE">Šajā instalētājā ir iekļauti tālāk norādītie komponenti</string>

	<string name="IDS_EPI_HOME_AVREMOVER_CHECK">Es vēlos atinstalēt nesaderīgus aizsardzības produktus</string>
	<string name="IDS_EPI_HOME_NEW_VERSION_TEXT">Tiešsaistē ir pieejama šī produkta jaunāka versija, ko var automātiski lejupielādēt un instalēt iekļautās versijas vietā.</string>
	<string name="IDS_EPI_HOME_NEW_VERSION_CHECKBOX">Instalēt jaunāko versiju</string>

<string name="IDS_EPI_HOME_NEED_HELP">Vai nepieciešama palīdzība saistībā ar instalēšanu?</string>
	<string name="IDS_EPI_HOME_OPEN_INSTRUCTIONS">Atvērt instalēšanas instrukcijas</string>
	<string name="IDS_EPI_HOME_OPEN_GUIDE">Atvērt lietotāja rokasgrāmatu</string>

	<string name="IDS_EPI_LOCK_PASSWORD_TITLE">ESET Security iestatījumi ir aizsargāti ar paroli</string>
	<string name="IDS_EPI_LOCK_PASSWORD_SUBTITLE">Lai turpinātu, lūdzu, ievadiet derīgu paroli.</string>
	<string name="IDS_EPI_LOCK_PASSWORD_TEXT">Parole</string>
	<string name="IDS_EPI_LOCK_PASSWORD_ERROR">Nepareiza parole. Paroli varat atjaunot&lt;br/&gt;produkta papildu iestatījumos.</string>

	<string name="IDS_EPI_EULA_SINGLE_TITLE">Galalietotāja licences vienošanās</string>
	<string name="IDS_EPI_EULA_SAVEAS_FILTER">Teksts (*.txt)|*.txt|HTML (*.html,*.htm)|*.html;*.htm||</string>
	<string name="IDS_EPI_EULA_BUTTON_ACCEPT">Es piekrītu</string>
	<string name="IDS_EPI_EULA_BUTTON_DECLINE">Nepiekrītu</string>
	<string name="IDS_EPI_EULA_DECLINE">Noraidot galalietotāja licences vienošanos, tiks aizvērta instalēšanas programma. Vai tiešām vēlaties to darīt?</string>

	<string name="IDS_EPI_DETECTAV_TITLE">Notiek pretvīrusu lietojumprogrammu meklēšana</string>
	<string name="IDS_EPI_DETECTAV_TEXT01">Tika atrasti citi drošības produkti</string>
	<string name="IDS_EPI_DETECTAV_TEXT02">Izmantojot divus drošības risinājumu vienlaikus, var rasties nestabilitāte. Novērsiet šo problēmu, atinstalējot sistēmā esošo konfliktējošo drošības programmatūru.</string>
	<string name="IDS_EPI_DETECTAV_UNINSTALL">Kā atinstalēt citu pretvīrusu programmatūru</string>

	<string name="IDS_EPI_PACKAGECACHE_TITLE">Iepriekš lejupielādētie komponenti</string>
	<string name="IDS_EPI_PACKAGECACHE_TEXT">Lejupielādējiet šajā pakotnes instalētājā (instalēšanas programmā) iekļautos komponentus iepriekš, lai ierobežota interneta savienojuma gadījumā paātrinātu uzstādīšanas procesu.</string>
	<string name="IDS_EPI_PACKAGECACHE_HOW01">&lt;b&gt;Noklikšķiniet uz lejupielādes pogas&lt;/b&gt; — %1 wtiks izveidots, lejupielādēts un saglabāts datorā.</string>
	<string name="IDS_EPI_PACKAGECACHE_HOW02">&lt;b&gt;Iekopējiet %1 aun %2 ivienā un tajā pašā mapē.&lt;/b&gt; Varat izmantot koplietojamu tīkla vietu vai USB disku.</string>
	<string name="IDS_EPI_PACKAGECACHE_HOW03">&lt;b&gt;Izpildiet %2 ojebkurā datorā, izmantojot koplietojamo mapi vai USB disku.&lt;/b&gt; %2 w izmantos jau iepriekš lejupielādētos komponentus — nebūs nepieciešams tos lejupielādēt atkārtoti.</string>

	<string name="IDS_EPI_DOWNLOAD_PACKAGE_SINGLE">Notiek lejupielāde...</string>
	<string name="IDS_EPI_DOWNLOAD_PACKAGE_MULTI">Notiek %1 lejupielāde...</string>

	<string name="IDS_EPI_CFG_LGF_CAPTION_CONSUMER">Vairumā ir spēks. Iegūstiet maksimālu aizsardzības līmeni.</string>
	<string name="IDS_EPI_CFG_LGF_TEXT_CONSUMER">ESET LiveGrid® atgriezeniskās saites sistēma apkopo statistiku un informāciju par aizdomīgiem objektiem. Šo statistiku un informāciju apstrādājam automātiski, lai izveidotu noteikšanas mehānismus savā mākoņa sistēmā. Pēc tam nekavējoties lietojam šos mehānismus, lai gādātu par maksimālu aizsardzības līmeni saviem klientiem.</string>
	<string name="IDS_EPI_CFG_LGF_CAPTION_BUSINESS">Palīdziet nodrošiniet jums uzlabotu aizsardzību.</string>
	<string name="IDS_EPI_CFG_LGF_TEXT_BUSINESS">ESET LiveGrid® atgriezeniskās saites sistēma izmanto vairāk nekā 100 miljonus sensoru visā pasaulē, lai apkopotu informāciju par aizdomīgiem objektiem. Šo informāciju apstrādājam automātiski, lai izveidotu noteikšanas mehānismus, izmantojot mūsu mākoņa reputācijas sistēmu. Pēc tam nekavējoties lietojam šos mehānismus, lai gādātu par maksimālu aizsardzības līmeni saviem klientiem.</string>
	<string name="IDS_EPI_CFG_LGF_ENABLE">Iespējot ESET LiveGrid® atgriezeniskās saites sistēmu (ieteicams)</string>
	<string name="IDS_EPI_CFG_LGF_DISABLE">Atspējot ESET LiveGrid® atgriezeniskās saites sistēmu</string>

	<string name="IDS_EPI_CFG_PUA_CAPTION">Potenciāli nevēlamu programmu noteikšana</string>
	<string name="IDS_EPI_CFG_PUA_TEXT">ESET var noteikt &lt;a {{IDS_HELP_PUA_LINK}}&gt;potenciāli nevēlamas programmas&lt;/a&gt; un jautāt apstiprinājumu pirms to instalēšanas. Potenciāli nevēlamas programmas var neradīt drošības risku, tomēr var ietekmēt datora veiktspēju, ātrumu un uzticamību vai izraisīt izmaiņas darbībā. Parasti pirms to instalēšanas nepieciešama lietotāja piekrišana.</string>
	<string name="IDS_EPI_CFG_PUA_ENABLE">Iespējot potenciāli nevēlamu programmu noteikšanu</string>
	<string name="IDS_EPI_CFG_PUA_DISABLE">Atspējot potenciāli nevēlamu programmu noteikšanu</string>

	<string name="IDS_EPI_CFG_CEIP_CAPTION">Piedalīties lietotāju pieredzes uzlabošanas programmā</string>
	<string name="IDS_EPI_CFG_CEIP_TEXT">Mēs vēlamies apkopot anonīmu informāciju par šī produkta lietošanu. Apkopotos datus izmantosim, lai uzlabotu produkta lietošanas pieredzi, un šie dati nekādā gadījumā netiks koplietoti ar trešajām pusēm.&lt;a type="command" href="gui.ceip.show"&gt; Kādu informāciju apkopojam?&lt;/a&gt;</string>
	<string name="IDS_EPI_CFG_CEIP_YES">Jā, es vēlos piedalīties programmā (ieteicams)</string>
	<string name="IDS_EPI_CFG_CEIP_NO">Nē, es nevēlos piedalīties programmā</string>

	<string name="IDS_EPI_CFG_EULA_CAPTION">Galalietotāja licences vienošanās</string>
	<string name="IDS_EPI_CFG_EULA_DESCRIPTION">Tālāk noklikšķinot uz jebkuras pogas “Turpināt”, jūs piekrītat &lt;a {{IDS_LINK_SHOW_EULA}}&gt;galalietotāja licences vienošanās&lt;/a&gt; un &lt;a {{IDS_LINK_SHOW_PRIVACY_POLICY}}&gt;privātuma politikas&lt;/a&gt; noteikumiem.</string>
	<string name="IDS_EPI_CFG_EULA_MSGBOX_OK">Labi</string>
	<string name="IDS_EPI_CFG_EULA_MSGBOX_NOT_AGREE">Es nepiekrītu</string>
	<string name="IDS_EPI_CFG_EULA_MSGBOX_SAVE">Saglabāt</string>

	<string name="IDS_EPI_CFG_BUTTON_ADVANCED">Mainīt instalēšanas mapi</string>
	<string name="IDS_EPI_CFG_FOLDERS_INSTALL">Produkta mape:</string>
	<string name="IDS_EPI_CFG_FOLDERS_DATA">Datu mape:</string>
	<string name="IDS_EPI_CFG_FOLDERS_MODULE">Moduļu mape:</string>
	<string name="IDS_EPI_CFG_FOLDERS_VALIDATOR_INVALID">Atlasīta nederīga mape.</string>

	<string name="IDS_EPI_CFG_ALREADY_CONFIGURED">Instalēšanas iestatījumi jau ir konfigurēti.</string>

	<string name="IDS_EPI_NONEMPTY_FOLDER_WARNING_TITLE">Instalēšanas mapei jābūt tukšai</string>
	<string name="IDS_EPI_NONEMPTY_FOLDER_WARNING_MESSAGE_SINGULAR">Lai turpinātu instalēšanu, tiks nodzēsta esošā mape:</string>
	<string name="IDS_EPI_NONEMPTY_FOLDER_WARNING_MESSAGE_PLURAL">Lai turpinātu instalēšanu, tiks nodzēstas esošās mapes:</string>
	<string name="IDS_EPI_NONEMPTY_FOLDER_QUESTION">&lt;b&gt;Vai piekrītat nodzēst mapes un turpināt instalēšanu?&lt;/b&gt;</string>

	<string name="IDS_EPI_DISKSPACE_TITLE">Beigusies vieta diskā</string>
	<string name="IDS_EPI_DISKSPACE_TEXT01">Nepietiek vietas diskā. Iezīmētajiem sējumiem nepietiek vietas instalēšanai. Pārbaudiet pieejamo vietu diskā un mēģiniet vēlreiz.</string>
	<string name="IDS_EPI_DISKSPACE_HEADER01">Disks</string>
	<string name="IDS_EPI_DISKSPACE_HEADER02">Kapacitāte</string>
	<string name="IDS_EPI_DISKSPACE_HEADER03">Brīvā vieta</string>
	<string name="IDS_EPI_DISKSPACE_HEADER04">Nepieciešamā vieta</string>

	<string name="IDS_EPI_INSTALL_PACKAGE_SINGLE">Notiek instalēšana...</string>
	<string name="IDS_EPI_INSTALL_PACKAGE_MULTI">Notiek %1 instalēšana...</string>

	<string name="IDS_EPI_DONE_TITLE">Instalēšana ir sekmīga</string>
	<string name="IDS_EPI_DONE_TEXT01">Risinājums ${bts.package.[${bts.var.package.default}].name} ir sekmīgi instalēts jūsu datorā un turpmāk veiks pastāvīgu vīrusu un kaitniekprogrammu klātbūtnes noteikšanu. &lt;br/&gt; &lt;br/&gt; Paldies, ka izvēlējāties ESET! &lt;br/&gt; &lt;br/&gt; &lt;br/&gt; Noklikšķiniet uz &lt;i&gt;Gatavs&lt;/i&gt;, lai pabeigtu produkta instalēšanu.</string>
	<string name="IDS_EPI_DONE_TEXT01_EPI">Visas pakotnes ir sekmīgi instalētas jūsu datorā. &lt;br/&gt; &lt;br/&gt; Noklikšķiniet uz &lt;i&gt;Gatavs&lt;/i&gt;, lai pabeigtu produkta iestatīšanu.</string>
		<string name="IDS_EPI_DONE_PACKAGECACHE_CAPTION">%1 a un %2 m izpildes laikā jāatrodas vienā mapē.</string>
	<string name="IDS_EPI_DONE_PACKAGECACHE_DESCRIPTION">%1 w tika lejupielādēts un saglabāts mapē:&lt;br/&gt;</string>

	<string name="IDS_EPI_FAIL_FAILED_TITLE">Instalēšana neizdevās</string>
	<string name="IDS_EPI_FAIL_FINISH_TITLE">Instalēšana gatavs</string>
	<string name="IDS_EPI_FAIL_KNOWLEDGEBASE">Meklējiet risinājumu ESET zināšanu bāzē.</string>
	<string name="IDS_EPI_FAIL_TROUBLESHOOT">Palaist problēmu risinātāju</string>
	<string name="IDS_EPI_FAIL_TS_LINK">Sazināties ar ESET tehniskā atbalsta dienestu</string>
	<string name="IDS_EPI_FAIL_RESTART">Pārstartēt datoru</string>

	<string name="IDS_EPI_FAIL_TITLE_OS">Novecojusi Microsoft Windows versija</string>
	<string name="IDS_EPI_FAIL_TEXT_OS_OUTDATED">ESET Security neatbalsta jūsu Microsoft Windows novecojušo versiju. Noklikšķiniet uz Aizvērt, lai izietu no instalēšanas.</string>
	<string name="IDS_EPI_FAIL_TEXT_OS_NOT_SUPPORTED">Šis produkts vairs netiek atbalstīts jūsu Microsoft Windows novecojušajā versijā. &lt;a {{IDS_LINK_PRODUCT_OPTIONS}}&gt;Skatīt iespējas&lt;/a&gt;</string>
	<string name="IDS_EPI_FAIL_TEXT_OS_NOT_SUPPORTED_BUSINESS">Šis produkts vairs netiek atbalstīts jūsu Microsoft Windows novecojušajā versijā.</string>

	<string name="IDS_EPI_FAIL_TITLE_EULA_REJECTED">Galalietotāja licences vienošanās</string>
	<string name="IDS_EPI_FAIL_TEXT_EULA_REJECTED">Galalietotāja licences vienošanās netika akceptēta.</string>

	<string name="IDS_EPI_FAIL_TITLE_CONNECTION">Savienojuma kļūda</string>
	<string name="IDS_EPI_FAIL_TEXT_CONNECTION">Interneta savienojums nedarbojas. Produktu nevar instalēt. &lt;a {{IDS_LINK_INTERNET_SETTINGS}}&gt;Pārbaudiet interneta savienojumu&lt;/a&gt; un mēģiniet instalēt atkārtoti.&lt;br/&gt;&lt;br/&gt;Vai izmantojat starpniekserveri? Mainiet starpniekservera iestatījumus un mēģiniet vēlreiz.</string>
	<string name="IDS_EPI_FAIL_TEXT_CONNECTION_EPI">Interneta savienojums nedarbojas. Pakotnes nevar instalēt. &lt;a {{IDS_LINK_INTERNET_SETTINGS}}&gt;Pārbaudiet interneta savienojumu&lt;/a&gt; un mēģiniet instalēt atkārtoti.&lt;br/&gt;&lt;br/&gt;Vai izmantojat starpniekserveri? Mainiet starpniekservera iestatījumus un mēģiniet vēlreiz.</string>

	<string name="IDS_EPI_FAIL_TITLE_DOWNLOAD_ERROR">Lejupielādes kļūda</string>
	<string name="IDS_EPI_FAIL_TEXT_DOWNLOAD_ERROR">Lejupielādējot datus no servera, radās kļūda. Pārbaudiet tīkla savienojumu un mēģiniet vēlreiz.&lt;br/&gt;&lt;br/&gt;Ja problēmas neizdodas novērst, apmeklējiet vietni &lt;a {{IDS_LINK_OFFLINE_INSTALLER}}&gt;www.eset.com&lt;/a&gt; un lejupielādējiet bezsaistes instalētāju.</string>
	<string name="IDS_EPI_FAIL_TEXT_DOWNLOAD_ERROR_EPI">Lejupielādējot datus no servera, radās kļūda. Pārbaudiet tīkla savienojumu un mēģiniet vēlreiz.</string>

	<string name="IDS_EPI_FAIL_TITLE_INVALID_SERVER_RESPONSE">Nederīga atbilde</string>
	<string name="IDS_EPI_FAIL_TEXT_INVALID_SERVER_RESPONSE">No servera ir saņemta nederīga atbilde.</string>

	<string name="IDS_EPI_FAIL_TITLE_INVALID_INSTALLER">Nederīgs instalētājs</string>
	<string name="IDS_EPI_FAIL_TEXT_INVALID_INSTALLER">Šis instalētājs vairs nav derīgs un ir jāmaina. Lejupielādējiet jaunu instalētāju, lai varētu instalēt šo produktu.</string>
	<string name="IDS_EPI_FAIL_TEXT_INVALID_INSTALLER_EPI">Šis instalētājs vairs nav derīgs un ir jāmaina. Ģenerējiet jaunu instalētāju vai sazinieties ar administratoru, lai varētu instalēt šo produktu.</string>

	<string name="IDS_EPI_FAIL_TITLE_VERSIONCHECK_NO_PACKAGES">Saderīga pakotne nav atrasta</string>
	<string name="IDS_EPI_FAIL_TEXT_VERSIONCHECK_NO_PACKAGES">Serverī nav pieejama neviena saderīga instalēšanas pakotne. Apmeklējiet vietni &lt;a {{IDS_LINK_OFFLINE_INSTALLER}}&gt;www.eset.com&lt;/a&gt;, lai lejupielādētu bezsaistes instalētāju.</string>
	<string name="IDS_EPI_FAIL_TEXT_VERSIONCHECK_NO_PACKAGES_EPI">Šis instalētājs vairs nav derīgs un ir jāmaina. Ģenerējiet jaunu instalētāju vai sazinieties ar administratoru, lai varētu instalēt šo produktu.</string>

	<string name="IDS_EPI_FAIL_TITLE_INCOMPATIBLE_OS">Nesaderīga operētājsistēma</string>
	<string name="IDS_EPI_FAIL_TEXT_INCOMPATIBLE_OS">Produkts ${bts.package.[${bts.var.package.current}].name} nav paredzēts jūsu operētājsistēmai. Lejupielādējiet un instalējiet produktu vietnē &lt;a {{IDS_LINK_OFFLINE_INSTALLER}}&gt;www.eset.com&lt;/a&gt;.</string>
	<string name="IDS_EPI_FAIL_TEXT_INCOMPATIBLE_OS_EPI">Produkts ${bts.package.[${bts.var.package.current}].name} nav paredzēts jūsu operētājsistēmai.</string>

	<string name="IDS_EPI_FAIL_TITLE_INCOMPATIBLE_PACKAGE_X32">Nesaderīga pakotne</string>
	<string name="IDS_EPI_FAIL_TEXT_INCOMPATIBLE_PACKAGE_X32">Šī instalēšanas pakotne ir paredzētu 32 bitu operētājsistēmām. Izmantojiet 64 bitu operētājsistēmām paredzētu instalēšanas pakotni.</string>

	<string name="IDS_EPI_FAIL_TITLE_INCOMPATIBLE_PACKAGE_X64">Nesaderīga pakotne</string>
	<string name="IDS_EPI_FAIL_TEXT_INCOMPATIBLE_PACKAGE_X64">Šī instalēšanas pakotne ir paredzētu 64 bitu operētājsistēmām. Izmantojiet 32 bitu operētājsistēmām paredzētu instalēšanas pakotni.</string>

	<string name="IDS_EPI_FAIL_TITLE_INCOMPATIBLE_PRODUCT_INSTALLED">Instalēts nesaderīgs produkts</string>
	<string name="IDS_EPI_FAIL_TEXT_INCOMPATIBLE_PRODUCT_INSTALLED">Jau ir instalēts nesaderīgs produkts {PRODUCT}. Atinstalējiet to manuāli un pēc tam vēlreiz startējiet instalāciju.</string>

	<string name="IDS_EPI_FAIL_TITLE_NEWER_VERSION_NOT_AVAILABLE">Jau ir instalēta jaunākā versija</string>
	<string name="IDS_EPI_FAIL_TEXT_NEWER_VERSION_NOT_AVAILABLE">Šajā datorā jau ir instalēta ${bts.package.[${bts.var.package.default}].name} jaunākā versija.</string>

	<string name="IDS_EPI_FAIL_TITLE_REFERRAL">Produktu nevar instalēt</string>
	<string name="IDS_EPI_FAIL_TEXT_REFERRAL">Produktu nevar instalēt, jo šajā iekārtā jau pastāv cits ESET produkts.</string>
	<string name="IDS_EPI_FAIL_TEXT_REFERRAL_UPGRADE">Jūs izmantojat vecu ESET versiju, kas negarantē labāko aizsardzību.&lt;br/&gt;&lt;b&gt;Saglabājiet aizsardzību, jauninot uz jaunāko versiju BEZ MAKSAS.&lt;/b&gt;</string>

	<string name="IDS_EPI_FAIL_TITLE_PACKAGE_NOT_FOUND">Pakotne nav atrasta</string>
	<string name="IDS_EPI_FAIL_TEXT_PACKAGE_NOT_FOUND">{PRODUCT} instalēšanas pakotne netika atrasta.</string>

	<string name="IDS_EPI_FAIL_TITLE_PACKAGE_CORRUPTED">Pakotne ir bojāta</string>
	<string name="IDS_EPI_FAIL_TEXT_PACKAGE_CORRUPTED">{PRODUCT} instalēšanas pakotne ir bojāta.</string>

	<string name="IDS_EPI_FAIL_TITLE_INSTALL_OUT_OF_SPACE">Beigusies vieta diskā</string>
	<string name="IDS_EPI_FAIL_TEXT_INSTALL_OUT_OF_SPACE">Nepietiek vietas diskā, lai pabeigtu ${bts.package.[${bts.var.package.default}].name} instalēšanu.&lt;br/&gt;&lt;br/&gt;Lūdzu, pārliecinieties, vai ir brīva vismaz %u MB vieta, un mēģiniet vēlreiz.</string>
	<string name="IDS_EPI_FAIL_TEXT_INSTALL_OUT_OF_SPACE_EPI">Nepietiek vietas diskā, lai pabeigtu visu pakotņu instalēšanu.&lt;br/&gt;&lt;br/&gt;Lūdzu, pārliecinieties, vai ir brīva vismaz %u MB vieta, un mēģiniet vēlreiz.</string>

	<string name="IDS_EPI_FAIL_TITLE_SETUP">Instalēšana nav sekmīgi pabeigta</string>
	<string name="IDS_EPI_FAIL_TEXT_SETUP">${bts.package.[${bts.var.package.current}].name} instalēšana nav sekmīgi pabeigta. Sistēma, iespējams, netiek aizsargāta pret datora apdraudējumiem. Lai instalētu ${bts.package.[${bts.var.package.current}].name} datorā, vēlreiz darbiniet instalāciju.</string>
	<string name="IDS_EPI_FAIL_TEXT_SETUP_TROUBLESHOOT">Radās problēma ar ESET produkta instalēšanu ierīcē. Iesakām palaist problēmu risinātāju. Ja iespējams, problēmu risinātājs novērsīs problēmu.</string>
	<string name="IDS_EPI_FAIL_TEXT_SETUP_EPI">${bts.package.[${bts.var.package.current}].name} instalēšana nav sekmīgi pabeigta. Sistēma, iespējams, netiek aizsargāta pret datora apdraudējumiem. Lai instalētu visas pakotnes datorā, vēlreiz palaidiet instalāciju.</string>
	<string name="IDS_EPI_FAIL_TEXT_SETUP_ERROR_CODE">Kļūdas kods: %s</string>

	<string name="IDS_EPI_FAIL_TITLE_ABORT">Instalēšanu pārtrauca lietotājs</string>
	<string name="IDS_EPI_FAIL_TEXT_ABORT">${bts.package.[${bts.var.package.default}].name} instalēšanu pārtrauca lietotājs. Lai instalētu ${bts.package.[${bts.var.package.default}].name} datorā, vēlreiz darbiniet instalāciju.</string>
	<string name="IDS_EPI_FAIL_TEXT_ABORT_EPI">Instalēšanu pārtrauca lietotājs. Lai instalētu visas pakotnes datorā, vēlreiz palaidiet instalāciju.</string>

	<string name="IDS_EPI_FAIL_TITLE_INTERNAL_ERROR">Iekšēja kļūda</string>
	<string name="IDS_EPI_FAIL_TEXT_INTERNAL_ERROR">Radās iekšēja kļūda. Vēlreiz mēģiniet startēt instalāciju.</string>

	<string name="IDS_EPI_TROUBLESHOOT_FINISH_TITLE">Problēmu risinātāja darbība ir pabeigta</string>
	<string name="IDS_EPI_TROUBLESHOOT_SUCCESS_TITLE">Problēmu novēršana bija sekmīga</string>
	<string name="IDS_EPI_TROUBLESHOOT_FAILED_TITLE">Problēmu novēršana nebija sekmīga</string>
	<string name="IDS_EPI_TROUBLESHOOT_TEXT">&lt;b&gt;Iesakām aizvērt šo logu un restartēt datoru. Pēc restartēšanas palaidiet šo instalēšanas programmu vēlreiz.&lt;/b&gt;</string>
	<string name="IDS_EPI_TROUBLESHOOT_REBOOT_TEXT">&lt;b&gt;Lai pabeigtu problēmu novēršanu, ir nepieciešama pārsāknēšana. Aizveriet šo logu un restartējiet datoru. Pēc restartēšanas palaidiet šo instalēšanas programmu vēlreiz.&lt;/b&gt;</string>
	<string name="IDS_EPI_TROUBLESHOOT_CONTACT_TEXT">Ja kļūda atkārtojas, sazinieties ar sistēmas administratoru vai &lt;a {{IDS_LINK_SUPPORT}}&gt;ESET tehniskā atbalsta dienestu.&lt;/a&gt;</string>

	<string name="IDS_EPI_CFG_SIMPLE_CAPTION">Aizsardzības un instalēšanas iestatījumi</string>
	<string name="IDS_EPI_CFG_RECOMMENDED_CAPTION">Ieteicams</string>
	<string name="IDS_EPI_CFG_SIMPLE_PUA_CAPTION">Iespējot potenciāli nevēlamu programmu noteikšanu</string>
	<string name="IDS_EPI_CFG_SIMPLE_CEIP_CAPTION">Piedalieties lietotāju pieredzes uzlabošanas programmā &lt;br/&gt; &lt;a type="command" href="gui.ceip.show"&gt; Kādu informāciju mēs apkopojam?&lt;/a&gt;</string>
	<string name="IDS_EPI_CFG_SIMPLE_LGF_CAPTION">Iespējot ESET LiveGrid® atgriezeniskās saites sistēmu</string>
	<string name="IDS_EPI_CFG_SIMPLE_CEIP_TEXT">Mēs vēlamies apkopot anonīmu informāciju par šī produkta lietošanu. Apkopotos datus izmantosim, lai uzlabotu produkta lietošanas pieredzi, un šie dati nekādā gadījumā netiks koplietoti ar trešajām pusēm.</string>
	<string name="IDS_EPI_CFG_SIMPLE_CONTINUE">Turpināt</string>
	<string name="IDS_EPI_CFG_SIMPLE_ALL_CONTINUE">Atļaut visu un turpināt</string>

	<string name="IDS_EPI_BANNER_CAPTION1">Notiek instalēšanas gatavošana</string>
	<string name="IDS_EPI_BANNER_DESCRIPTION1">Lūdzu, uzgaidiet, kamēr lejupielādējam instalēšanas pakotni.</string>

	<string name="IDS_EPI_BANNER_CAPTION2">Notiek instalēšana</string>
	<string name="IDS_EPI_BANNER_DESCRIPTION2">Gandrīz gatavs! Lūdzu, uzgaidiet, kamēr instalēšana tiek pabeigta.</string>

	<string name="IDS_EPI_BANNER_CAPTION3">Nepārspējama veiktspēja</string>
	<string name="IDS_EPI_BANNER_DESCRIPTION3">ESET vairākslāņu tehnoloģija izmanto informāciju no 100 miljoniem sensoru visā pasaulē, lai nodrošinātu jums maksimālu aizsardzības līmeni ar zemākajām iespējamām prasībām jūsu sistēmai.</string>

	<string name="IDS_EPI_BANNER_CAPTION4">Paldies, ka izvēlējāties ESET!</string>
	<string name="IDS_EPI_BANNER_DESCRIPTION4">ESET NOD32® tehnoloģijai pieder pasaules rekords par secīgiem un kumulatīviem VB100 apbalvojumiem.</string>

	<string name="IDS_EPI_BANNER_CAPTION5">Vienkārša, centralizēta IT drošības vadība</string>
	<string name="IDS_EPI_BANNER_DESCRIPTION5">ESET attālais administrators ir vienā rūtī izkārtots, pārskatāms, tīmekļa konsolē pieejams vadības centrs, ar kuru jūs varat vēl labāk vadīt visu ESET drošību no jebkuras vietas un jebkurā laikā.</string>


</resources>
