﻿<?xml version="1.0" encoding="utf-8" ?>
<resources langname="Polski" lcid="0415">

	<string name="IDS_EPI_INSTALL_STEP">Witamy|Umowa Licencyjna|AV Remover|Instalacja|Kończenie</string>

	<string name="IDS_EPI_ACTION_INIT">Inicjowanie...</string>
	<string name="IDS_EPI_ACTION_EULA">Pobieranie umów EULA...</string>
	<string name="IDS_EPI_ACTION_DUMP">Przygotowanie pakietu instalacji...</string>
	<string name="IDS_EPI_ACTION_CALC">Obliczanie wolnego miejsca...</string>
	<string name="IDS_EPI_ACTION_DETECTAV">Sprawdzenie możliwych konfliktów z innymi aplikacjami...</string>
	<string name="IDS_EPI_ACTION_PACKAGECACHE">Finalizowanie pakietu offline...</string>
	<string name="IDS_EPI_ACTION_CLEANUP_FOLDERS">Usuwanie folderów...</string>
	<string name="IDS_EPI_ACTION_TROUBLESHOOTING">Trwa rozwiązywanie problemów, może to chwilę potrwać...</string>

	<string name="IDS_EPI_HOME_TITLE_EAV">Zainstaluj produkt ${bts.package.[0].name}</string>
	<string name="IDS_EPI_HOME_TEXT_EAV">Ciesz się możliwością bezpiecznego korzystania z komputera podczas pracy, grania i łączenia z Internetem — dzięki ochronie, którą zapewniają produkty ESET.</string>
	<string name="IDS_EPI_HOME_TITLE_ESS">Zainstaluj produkt ${bts.package.[0].name}</string>
	<string name="IDS_EPI_HOME_TEXT_ESS">Ciesz się możliwością bezpiecznego korzystania z komputera podczas pracy, grania i łączenia z Internetem — dzięki ochronie, którą zapewniają produkty ESET.</string>
	<string name="IDS_EPI_HOME_TITLE_EIS">Zainstaluj produkt ${bts.package.[0].name}</string>
	<string name="IDS_EPI_HOME_TEXT_EIS">Ciesz się możliwością bezpiecznego korzystania z komputera podczas pracy, grania i łączenia z Internetem — dzięki ochronie, którą zapewniają produkty ESET.</string>
	<string name="IDS_EPI_HOME_TITLE_ESSP">Zainstaluj produkt ${bts.package.[0].name}</string>
	<string name="IDS_EPI_HOME_TEXT_ESSP">Ciesz się możliwością bezpiecznego korzystania z komputera podczas pracy, grania i łączenia z Internetem — dzięki ochronie, którą zapewniają produkty ESET.</string>
	<string name="IDS_EPI_HOME_TITLE_EHS">Zainstaluj produkt ${bts.package.[0].name}</string>
	<string name="IDS_EPI_HOME_TEXT_EHS">Ciesz się możliwością bezpiecznego korzystania z komputera podczas pracy, grania i łączenia z Internetem — dzięki ochronie, którą zapewniają produkty ESET.</string>
	<string name="IDS_EPI_HOME_TITLE_EEA">Zainstaluj produkt ${bts.package.[0].name}</string>
	<string name="IDS_EPI_HOME_SUBTITLE_EEA">Zaawansowane rozwiązanie linii bazowej ochrony dla firmy</string>
	<string name="IDS_EPI_HOME_TEXT_EEA">Oprogramowanie ${bts.package.[0].name}, obejmujące nagradzaną technologię wykrywania ESET NOD32®, to używające mało zasobów i zaawansowane rozwiązanie do zapewniania linii bazowej ochrony dla firmy. Jego możliwości rozszerza system reputacji w chmurze. Można nim w łatwy sposób sterować przy użyciu całkowicie przeprojektowanej i przyjaznej dla użytkownika konsoli internetowej ESET PROTECT.</string>
	<string name="IDS_EPI_HOME_TITLE_EES">Zainstaluj produkt ${bts.package.[0].name}</string>
	<string name="IDS_EPI_HOME_SUBTITLE_EES">Bogaty w funkcje i zaawansowany pakiet zabezpieczający</string>
	<string name="IDS_EPI_HOME_TEXT_EES">Oprogramowanie ${bts.package.[0].name} to bogaty w funkcje i zaawansowany pakiet zabezpieczający, który zapewnia kompleksową i wielowarstwową ochronę przed wszystkimi rodzajami szkodliwego oprogramowania. Ma ono niskie wymagania systemowe, obsługuje wirtualizację i umożliwia nadzór przy użyciu nowej konsoli internetowej ESET PROTECT.</string>

	<string name="IDS_EPI_HOME_TITLE_MULTI">Zainstaluj składniki</string>
	<string name="IDS_EPI_INFO_TITLE_ERAA">Ten komputer będzie zarządzany przez oprogramowanie ESET PROTECT</string>
	<string name="IDS_EPI_BUNDLE_TITLE">Ten instalator obejmuje następujące komponenty</string>

	<string name="IDS_EPI_HOME_AVREMOVER_CHECK">Chcę odinstalować niezgodne produkty zabezpieczające</string>
	<string name="IDS_EPI_HOME_NEW_VERSION_TEXT">Online jest dostępna nowsza wersja tego produktu. Zostanie ona automatycznie pobrana i zainstalowana zamiast dołączonej.</string>
	<string name="IDS_EPI_HOME_NEW_VERSION_CHECKBOX">Zainstaluj nowszą wersję</string>

<string name="IDS_EPI_HOME_NEED_HELP">Potrzebujesz pomocy przy instalacji?</string>
	<string name="IDS_EPI_HOME_OPEN_INSTRUCTIONS">Otwórz instrukcje instalacji</string>
	<string name="IDS_EPI_HOME_OPEN_GUIDE">Otwórz podręcznik użytkownika</string>

	<string name="IDS_EPI_LOCK_PASSWORD_TITLE">Ustawienia ESET Security są chronione hasłem</string>
	<string name="IDS_EPI_LOCK_PASSWORD_SUBTITLE">Aby kontynuować, wprowadź prawidłowe hasło.</string>
	<string name="IDS_EPI_LOCK_PASSWORD_TEXT">Hasło</string>
	<string name="IDS_EPI_LOCK_PASSWORD_ERROR">Hasło nieprawidłowe. Hasło można przywrócić w&lt;br/&gt;Ustawieniach zaawansowanych produktu.</string>

	<string name="IDS_EPI_EULA_SINGLE_TITLE">Umowa Licencyjna Użytkownika Końcowego</string>
	<string name="IDS_EPI_EULA_SAVEAS_FILTER">Pliki tekstowe (*.txt)|*.txt|HTML (*.html,*.htm)|*.html;*.htm||</string>
	<string name="IDS_EPI_EULA_BUTTON_ACCEPT">Akceptuję</string>
	<string name="IDS_EPI_EULA_BUTTON_DECLINE">Nie akceptuję</string>
	<string name="IDS_EPI_EULA_DECLINE">Odrzucenie Umowy Licencyjnej Użytkownika Końcowego spowoduje zamknięcie instalatora. Czy na pewno chcesz to zrobić?</string>

	<string name="IDS_EPI_DETECTAV_TITLE">Skanowanie</string>
	<string name="IDS_EPI_DETECTAV_TEXT01">Wykryto inne programy zabezpieczające</string>
	<string name="IDS_EPI_DETECTAV_TEXT02">Uruchamianie dwóch rozwiązań zabezpieczających w tym samym czasie może spowodować niestabilność. Rozwiąż ten problem, odinstalowując oprogramowanie zabezpieczające powodujące konflikt w systemie.</string>
	<string name="IDS_EPI_DETECTAV_UNINSTALL">Jak odinstalować inne oprogramowanie antywirusowe</string>

	<string name="IDS_EPI_PACKAGECACHE_TITLE">Wstępne pobieranie komponentów</string>
	<string name="IDS_EPI_PACKAGECACHE_TEXT">Wstępnie pobierz komponenty tego Instalatora pakietu (instalatora Live), aby przyspieszyć proces wdrażania w przypadku ograniczonego połączenia z Internetem.</string>
	<string name="IDS_EPI_PACKAGECACHE_HOW01">&lt;b&gt;Kliknij przycisk pobierania&lt;/b&gt;, aby utworzyć element %1, a następnie pobrać go i zapisać na komputerze.</string>
	<string name="IDS_EPI_PACKAGECACHE_HOW02">&lt;b&gt;Skopiuj elementy %1 i %2 do tego samego folderu.&lt;/b&gt; Możesz użyć udostępnionej przestrzeni sieciowej lub dysku USB.</string>
	<string name="IDS_EPI_PACKAGECACHE_HOW03">&lt;b&gt;Uruchom element %2 na dowolnym komputerze z udostępnionego folderu lub dysku USB.&lt;/b&gt; Element %2 użyje wstępnie pobranych komponentów bez konieczności ich ponownego pobierania.</string>

	<string name="IDS_EPI_DOWNLOAD_PACKAGE_SINGLE">Pobieranie...</string>
	<string name="IDS_EPI_DOWNLOAD_PACKAGE_MULTI">Pobieranie %1...</string>

	<string name="IDS_EPI_CFG_LGF_CAPTION_CONSUMER">W liczbach jest moc. Skorzystaj z maksymalnego poziomu ochrony.</string>
	<string name="IDS_EPI_CFG_LGF_TEXT_CONSUMER">System informacji zwrotnych ESET LiveGrid® umożliwia nam zbieranie informacji o podejrzanych obiektach. Przetwarzamy je automatycznie, by utworzyć mechanizmy detekcji w systemie chmury. Są one następnie bezzwłocznie wprowadzane, by zapewnić naszym klientom maksymalny poziom ochrony.</string>
	<string name="IDS_EPI_CFG_LGF_CAPTION_BUSINESS">Pomóż nam zapewniać coraz lepszą ochronę.</string>
	<string name="IDS_EPI_CFG_LGF_TEXT_BUSINESS">System informacji zwrotnych ESET LiveGrid® korzysta z ponad 100 milionów czujników na całym świecie umożliwiających nam zbieranie statystyk i informacji o podejrzanych obiektach. Obiekty te są przetwarzane automatycznie na potrzeby tworzenia mechanizmów detekcji przy użyciu systemu reputacji w chmurze. Mechanizmy te są bezzwłocznie stosowane, aby zapewnić naszym klientom maksymalny poziom ochrony.</string>
	<string name="IDS_EPI_CFG_LGF_ENABLE">Włącz system informacji zwrotnych ESET Live Grid® (zalecane)</string>
	<string name="IDS_EPI_CFG_LGF_DISABLE">Wyłącz system informacji zwrotnych ESET LiveGrid®</string>

	<string name="IDS_EPI_CFG_PUA_CAPTION">Wykrywanie potencjalnie niepożądanych aplikacji</string>
	<string name="IDS_EPI_CFG_PUA_TEXT">ESET wykrywa &lt;a {{IDS_HELP_PUA_LINK}}&gt;potencjalnie niepożądane aplikacje&lt;/a&gt; i wymaga potwierdzenia przed ich zainstalowaniem. Potencjalnie niepożądane aplikacje mogą nie stanowić zagrożenia dla bezpieczeństwa, ale mogą wpływać na wydajność komputera, szybkość lub niezawodność jego pracy oraz wywoływać zmiany w jego działaniu. Ich zainstalowanie wymaga zwykle uprzedniej zgody użytkownika.</string>
	<string name="IDS_EPI_CFG_PUA_ENABLE">Włącz wykrywanie potencjalnie niepożądanych aplikacji</string>
	<string name="IDS_EPI_CFG_PUA_DISABLE">Wyłącz wykrywanie potencjalnie niepożądanych aplikacji</string>

	<string name="IDS_EPI_CFG_CEIP_CAPTION">Weź udział w Programie poprawy jakości doświadczeń użytkowników</string>
	<string name="IDS_EPI_CFG_CEIP_TEXT">Chcielibyśmy zbierać anonimowe informacje na temat użytkowania tego produktu. Zebrane dane pomogą nam w ulepszaniu jego działania i nie udostępnimy ich podmiotom zewnętrznym.&lt;a type="command" href="gui.ceip.show"&gt; Jakie informacje zbieramy?&lt;/a&gt;</string>
	<string name="IDS_EPI_CFG_CEIP_YES">Tak, chcę uczestniczyć w programie (zalecane)</string>
	<string name="IDS_EPI_CFG_CEIP_NO">Nie, nie chcę uczestniczyć w programie</string>

	<string name="IDS_EPI_CFG_EULA_CAPTION">Umowa Licencyjna Użytkownika Końcowego</string>
	<string name="IDS_EPI_CFG_EULA_DESCRIPTION">Klikając dowolny z poniższych przycisków „Kontynuuj”, akceptujesz &lt;a {{IDS_LINK_SHOW_EULA}}&gt;Umowę licencyjną użytkownika końcowego&lt;/a&gt; i potwierdzasz &lt;a {{IDS_LINK_SHOW_PRIVACY_POLICY}}&gt;Politykę prywatności.&lt;/a&gt;</string>
	<string name="IDS_EPI_CFG_EULA_MSGBOX_OK">OK</string>
	<string name="IDS_EPI_CFG_EULA_MSGBOX_NOT_AGREE">Nie zgadzam się</string>
	<string name="IDS_EPI_CFG_EULA_MSGBOX_SAVE">Zapisz</string>

	<string name="IDS_EPI_CFG_BUTTON_ADVANCED">Zmień folder instalacji</string>
	<string name="IDS_EPI_CFG_FOLDERS_INSTALL">Folder produktu:</string>
	<string name="IDS_EPI_CFG_FOLDERS_DATA">Folder danych:</string>
	<string name="IDS_EPI_CFG_FOLDERS_MODULE">Folder modułu:</string>
	<string name="IDS_EPI_CFG_FOLDERS_VALIDATOR_INVALID">Wybrano nieprawidłowy folder.</string>

	<string name="IDS_EPI_CFG_ALREADY_CONFIGURED">Ustawienia instalacji zostały już skonfigurowane.</string>

	<string name="IDS_EPI_NONEMPTY_FOLDER_WARNING_TITLE">Folder instalacyjny musi być pusty</string>
	<string name="IDS_EPI_NONEMPTY_FOLDER_WARNING_MESSAGE_SINGULAR">W celu kontynuowania instalacji istniejący folder zostanie usunięty:</string>
	<string name="IDS_EPI_NONEMPTY_FOLDER_WARNING_MESSAGE_PLURAL">W celu kontynuowania instalacji istniejące foldery zostaną usunięte:</string>
	<string name="IDS_EPI_NONEMPTY_FOLDER_QUESTION">&lt;b&gt;Czy zgadzasz się na usunięcie folderów i kontynuowanie instalacji?&lt;/b&gt;</string>

	<string name="IDS_EPI_DISKSPACE_TITLE">Brak wolnego miejsca na dysku</string>
	<string name="IDS_EPI_DISKSPACE_TEXT01">Brak wolnego miejsca na dysku. Wyróżnione woluminy nie mają wystarczającej ilości wolnego miejsca dla instalacji. Sprawdź dostępne miejsce na dysku i spróbuj ponownie.</string>
	<string name="IDS_EPI_DISKSPACE_HEADER01">Dysk</string>
	<string name="IDS_EPI_DISKSPACE_HEADER02">Pojemność</string>
	<string name="IDS_EPI_DISKSPACE_HEADER03">Wolne miejsce</string>
	<string name="IDS_EPI_DISKSPACE_HEADER04">Wymagane miejsce</string>

	<string name="IDS_EPI_INSTALL_PACKAGE_SINGLE">Instalowanie...</string>
	<string name="IDS_EPI_INSTALL_PACKAGE_MULTI">Instalowanie %1...</string>

	<string name="IDS_EPI_DONE_TITLE">Instalacja przebiegła pomyślnie</string>
	<string name="IDS_EPI_DONE_TEXT01">Produkt ${bts.package.[${bts.var.package.default}].name} został pomyślnie zainstalowany na komputerze. Komputer będzie stale sprawdzany pod kątem wirusów i szkodliwego oprogramowania. &lt;br/&gt; &lt;br/&gt; Dziękujemy za wybranie ESET! &lt;br/&gt; &lt;br/&gt; &lt;br/&gt; Kliknij &lt;i&gt;Gotowe&lt;/i&gt;, aby dokończyć instalację produktu.</string>
	<string name="IDS_EPI_DONE_TEXT01_EPI">Wszystkie pakiety zostały pomyślnie zainstalowane na komputerze. &lt;br/&gt; &lt;br/&gt; Kliknij &lt;i&gt;Gotowe&lt;/i&gt;, aby dokończyć konfigurację produktu.</string>
		<string name="IDS_EPI_DONE_PACKAGECACHE_CAPTION">Elementy %1 i %2 muszą znajdować się w tym samym folderze przy uruchamianiu.</string>
	<string name="IDS_EPI_DONE_PACKAGECACHE_DESCRIPTION">Element %1 został pobrany i zapisany w folderze:&lt;br/&gt;</string>

	<string name="IDS_EPI_FAIL_FAILED_TITLE">Instalacja zakończyła się niepowodzeniem</string>
	<string name="IDS_EPI_FAIL_FINISH_TITLE">Instalacja ukończona</string>
	<string name="IDS_EPI_FAIL_KNOWLEDGEBASE">Poszukaj rozwiązania w bazie wiedzy firmy ESET.</string>
	<string name="IDS_EPI_FAIL_TROUBLESHOOT">Uruchom narzędzie do rozwiązywania problemów</string>
	<string name="IDS_EPI_FAIL_TS_LINK">Skontaktuj się z działem pomocy technicznej firmy ESET</string>
	<string name="IDS_EPI_FAIL_RESTART">Uruchom ponownie komputer</string>

	<string name="IDS_EPI_FAIL_TITLE_OS">Przestarzała wersja systemu Microsoft Windows</string>
	<string name="IDS_EPI_FAIL_TEXT_OS_OUTDATED">ESET Security nie obsługuje tej przestarzałej wersji systemu Microsoft Windows. Kliknij przycisk Zamknij, aby zakończyć instalację.</string>
	<string name="IDS_EPI_FAIL_TEXT_OS_NOT_SUPPORTED">Ten produkt nie jest już obsługiwany w używanej przestarzałej wersji systemu Microsoft Windows. &lt;a {{IDS_LINK_PRODUCT_OPTIONS}}&gt;Sprawdź dostępne opcje&lt;/a&gt;</string>
	<string name="IDS_EPI_FAIL_TEXT_OS_NOT_SUPPORTED_BUSINESS">Ten produkt nie jest już obsługiwany w używanej przestarzałej wersji systemu Microsoft Windows.</string>

	<string name="IDS_EPI_FAIL_TITLE_EULA_REJECTED">Umowa Licencyjna Użytkownika Końcowego</string>
	<string name="IDS_EPI_FAIL_TEXT_EULA_REJECTED">Umowa Licencyjna Użytkownika Końcowego nie została zaakceptowana.</string>

	<string name="IDS_EPI_FAIL_TITLE_CONNECTION">Błąd połączenia</string>
	<string name="IDS_EPI_FAIL_TEXT_CONNECTION">Połączenie z Internetem nie działa. Nie można zainstalować produktu. &lt;a {{IDS_LINK_INTERNET_SETTINGS}}&gt;Sprawdź połączenie z Internetem&lt;/a&gt; i spróbuj zainstalować ponownie.&lt;br/&gt;&lt;br/&gt;Czy używasz serwera proxy? Zmień ustawienia serwera proxy i spróbuj ponownie.</string>
	<string name="IDS_EPI_FAIL_TEXT_CONNECTION_EPI">Połączenie z Internetem nie działa. Nie można zainstalować pakietów. &lt;a {{IDS_LINK_INTERNET_SETTINGS}}&gt;Sprawdź połączenie z Internetem&lt;/a&gt; i spróbuj zainstalować ponownie.&lt;br/&gt;&lt;br/&gt;Czy używasz serwera proxy? Zmień ustawienia serwera proxy i spróbuj ponownie.</string>

	<string name="IDS_EPI_FAIL_TITLE_DOWNLOAD_ERROR">Błąd pobierania</string>
	<string name="IDS_EPI_FAIL_TEXT_DOWNLOAD_ERROR">Podczas pobierania danych z serwera wystąpił błąd. Sprawdź połączenie sieciowe i spróbuj ponownie.&lt;br/&gt;&lt;br/&gt;Jeśli problemy nadal występują, przejdź na stronę &lt;a {{IDS_LINK_OFFLINE_INSTALLER}}&gt;www.eset.com&lt;/a&gt; i pobierz instalator offline.</string>
	<string name="IDS_EPI_FAIL_TEXT_DOWNLOAD_ERROR_EPI">Podczas pobierania danych z serwera wystąpił błąd. Sprawdź połączenie sieciowe i spróbuj ponownie.</string>

	<string name="IDS_EPI_FAIL_TITLE_INVALID_SERVER_RESPONSE">Nieprawidłowa odpowiedź</string>
	<string name="IDS_EPI_FAIL_TEXT_INVALID_SERVER_RESPONSE">Nieprawidłowa odpowiedź serwera.</string>

	<string name="IDS_EPI_FAIL_TITLE_INVALID_INSTALLER">Nieprawidłowy instalator</string>
	<string name="IDS_EPI_FAIL_TEXT_INVALID_INSTALLER">Ten instalator stracił ważność i należy go zastąpić. Pobierz nowy instalator, aby zainstalować ten produkt.</string>
	<string name="IDS_EPI_FAIL_TEXT_INVALID_INSTALLER_EPI">Ten instalator stracił ważność i należy go zastąpić. Wygeneruj nowy instalator lub skontaktuj się z administratorem, aby zainstalować ten produkt.</string>

	<string name="IDS_EPI_FAIL_TITLE_VERSIONCHECK_NO_PACKAGES">Nie znaleziono zgodnego pakietu</string>
	<string name="IDS_EPI_FAIL_TEXT_VERSIONCHECK_NO_PACKAGES">Na serwerze nie ma dostępnego zgodnego pakietu instalacyjnego. Wejdź na stronę &lt;a {{IDS_LINK_OFFLINE_INSTALLER}}&gt;www.eset.com&lt;/a&gt; i pobierz instalator offline.</string>
	<string name="IDS_EPI_FAIL_TEXT_VERSIONCHECK_NO_PACKAGES_EPI">Ten instalator stracił ważność i należy go zastąpić. Wygeneruj nowy instalator lub skontaktuj się z administratorem, aby zainstalować ten produkt.</string>

	<string name="IDS_EPI_FAIL_TITLE_INCOMPATIBLE_OS">Niezgodny system operacyjny</string>
	<string name="IDS_EPI_FAIL_TEXT_INCOMPATIBLE_OS">Pakiet ${bts.package.[${bts.var.package.current}].name} nie jest przeznaczony do tego systemu operacyjnego. Pobierz i zainstaluj jego wersję ze strony &lt;a {{IDS_LINK_OFFLINE_INSTALLER}}&gt;www.eset.com&lt;/a&gt;.</string>
	<string name="IDS_EPI_FAIL_TEXT_INCOMPATIBLE_OS_EPI">Pakiet ${bts.package.[${bts.var.package.current}].name} nie jest przeznaczony do tego systemu operacyjnego.</string>

	<string name="IDS_EPI_FAIL_TITLE_INCOMPATIBLE_PACKAGE_X32">Niezgodny pakiet</string>
	<string name="IDS_EPI_FAIL_TEXT_INCOMPATIBLE_PACKAGE_X32">Ten pakiet instalacyjny jest przeznaczony do 32-bitowych systemów operacyjnych. Użyj pakietu instalacyjnego do 64-bitowych systemów operacyjnych.</string>

	<string name="IDS_EPI_FAIL_TITLE_INCOMPATIBLE_PACKAGE_X64">Niezgodny pakiet</string>
	<string name="IDS_EPI_FAIL_TEXT_INCOMPATIBLE_PACKAGE_X64">Ten pakiet instalacyjny jest przeznaczony do 64-bitowych systemów operacyjnych. Użyj pakietu instalacyjnego do 32-bitowych systemów operacyjnych.</string>

	<string name="IDS_EPI_FAIL_TITLE_INCOMPATIBLE_PRODUCT_INSTALLED">Zainstalowano niezgodny produkt</string>
	<string name="IDS_EPI_FAIL_TEXT_INCOMPATIBLE_PRODUCT_INSTALLED">Zainstalowany jest już niezgodny produkt {PRODUCT}. Odinstaluj go i ponownie rozpocznij instalację.</string>

	<string name="IDS_EPI_FAIL_TITLE_NEWER_VERSION_NOT_AVAILABLE">Jest już zainstalowana najnowsza wersja</string>
	<string name="IDS_EPI_FAIL_TEXT_NEWER_VERSION_NOT_AVAILABLE">Na komputerze jest już zainstalowana najnowsza wersja produktu ${bts.package.[${bts.var.package.default}].name}.</string>

	<string name="IDS_EPI_FAIL_TITLE_REFERRAL">Nie można zainstalować produktu</string>
	<string name="IDS_EPI_FAIL_TEXT_REFERRAL">Nie można zainstalować produktu, ponieważ inny produkt firmy ESET jest już zainstalowany na tym urządzeniu.</string>
	<string name="IDS_EPI_FAIL_TEXT_REFERRAL_UPGRADE">Dotychczasowa wersja produktu ESET jest przestarzała i nie gwarantuje już najlepszej ochrony.&lt;br/&gt;&lt;b&gt;Zwiększ bezpieczeństwo, przechodząc BEZPŁATNIE na najnowszą wersję.&lt;/b&gt;</string>

	<string name="IDS_EPI_FAIL_TITLE_PACKAGE_NOT_FOUND">Nie znaleziono pakietu</string>
	<string name="IDS_EPI_FAIL_TEXT_PACKAGE_NOT_FOUND">Nie znaleziono pakietu instalacyjnego {PRODUCT}.</string>

	<string name="IDS_EPI_FAIL_TITLE_PACKAGE_CORRUPTED">Pakiet jest uszkodzony</string>
	<string name="IDS_EPI_FAIL_TEXT_PACKAGE_CORRUPTED">Pakiet instalacyjny {PRODUCT} jest uszkodzony.</string>

	<string name="IDS_EPI_FAIL_TITLE_INSTALL_OUT_OF_SPACE">Brak wolnego miejsca na dysku</string>
	<string name="IDS_EPI_FAIL_TEXT_INSTALL_OUT_OF_SPACE">Zbyt mało miejsca, aby dokończyć instalację pakietu ${bts.package.[${bts.var.package.default}].name}.&lt;br/&gt;&lt;br/&gt;Upewnij się, że masz co najmniej %u MB wolnego miejsca i spróbuj ponownie.</string>
	<string name="IDS_EPI_FAIL_TEXT_INSTALL_OUT_OF_SPACE_EPI">Zbyt mało miejsca, aby dokończyć instalację wszystkich pakietów.&lt;br/&gt;&lt;br/&gt;Upewnij się, że masz co najmniej %u MB wolnego miejsca i spróbuj ponownie.</string>

	<string name="IDS_EPI_FAIL_TITLE_SETUP">Instalacja nie została pomyślnie zakończona.</string>
	<string name="IDS_EPI_FAIL_TEXT_SETUP">Instalacja produktu ${bts.package.[${bts.var.package.current}].name} nie została pomyślnie ukończona. System może nie być chroniony przed zagrożeniami. Aby zainstalować rozwiązanie ${bts.package.[${bts.var.package.current}].name} na komputerze, uruchom ponownie instalację.</string>
	<string name="IDS_EPI_FAIL_TEXT_SETUP_TROUBLESHOOT">Wystąpił problem z zainstalowaniem produktu ESET na urządzeniu. Zalecamy uruchomienie narzędzia do rozwiązywania problemów. Jeśli będzie to możliwe, narzędzie do rozwiązywania problemów rozwiąże problem.</string>
	<string name="IDS_EPI_FAIL_TEXT_SETUP_EPI">Instalacja pakietu ${bts.package.[${bts.var.package.current}].name} nie została pomyślnie ukończona. System może nie być chroniony przed zagrożeniami. Aby zainstalować wszystkie pakiety na komputerze, uruchom ponownie instalację.</string>
	<string name="IDS_EPI_FAIL_TEXT_SETUP_ERROR_CODE">Kod błędu: %s</string>

	<string name="IDS_EPI_FAIL_TITLE_ABORT">Instalacja została przerwana przez użytkownika</string>
	<string name="IDS_EPI_FAIL_TEXT_ABORT">Instalacja produktu ${bts.package.[${bts.var.package.default}].name} została przerwana przez użytkownika. Aby zainstalować rozwiązanie ${bts.package.[${bts.var.package.default}].name} na komputerze, uruchom ponownie instalację.</string>
	<string name="IDS_EPI_FAIL_TEXT_ABORT_EPI">Instalacja została przerwana przez użytkownika. Aby zainstalować wszystkie pakiety na komputerze, uruchom ponownie instalację.</string>

	<string name="IDS_EPI_FAIL_TITLE_INTERNAL_ERROR">Błąd wewnętrzny</string>
	<string name="IDS_EPI_FAIL_TEXT_INTERNAL_ERROR">Wystąpił błąd wewnętrzny. Spróbuj uruchomić instalację ponownie.</string>

	<string name="IDS_EPI_TROUBLESHOOT_FINISH_TITLE">Narzędzie do rozwiązywania problemów zakończyło działanie</string>
	<string name="IDS_EPI_TROUBLESHOOT_SUCCESS_TITLE">Rozwiązywanie problemów powiodło się</string>
	<string name="IDS_EPI_TROUBLESHOOT_FAILED_TITLE">Rozwiązywanie problemów nie powiodło się</string>
	<string name="IDS_EPI_TROUBLESHOOT_TEXT">&lt;b&gt;Zalecamy zamknięcie tego okna i ponowne uruchomienie komputera. Następnie uruchom ponownie ten instalator.&lt;/b&gt;</string>
	<string name="IDS_EPI_TROUBLESHOOT_REBOOT_TEXT">&lt;b&gt;W celu ukończenia rozwiązywania problemów wymagane jest ponowne uruchomienie. Zamknij to okno i ponownie uruchom komputer. Następnie uruchom ponownie ten instalator.&lt;/b&gt;</string>
	<string name="IDS_EPI_TROUBLESHOOT_CONTACT_TEXT">Jeśli błąd będzie nadal występował, skontaktuj się z administratorem systemu lub &lt;a {{IDS_LINK_SUPPORT}}&gt;działem obsługi klienta firmy ESET&lt;/a&gt;.</string>

	<string name="IDS_EPI_CFG_SIMPLE_CAPTION">Ustawienia ochrony i instalacji</string>
	<string name="IDS_EPI_CFG_RECOMMENDED_CAPTION">Zalecane</string>
	<string name="IDS_EPI_CFG_SIMPLE_PUA_CAPTION">Włącz wykrywanie potencjalnie niepożądanych aplikacji</string>
	<string name="IDS_EPI_CFG_SIMPLE_CEIP_CAPTION">Weź udział w Programie poprawy jakości doświadczeń użytkowników &lt;br/&gt; &lt;a type="command" href="gui.ceip.show"&gt; Jakie informacje gromadzimy?&lt;/a&gt;</string>
	<string name="IDS_EPI_CFG_SIMPLE_LGF_CAPTION">Włącz system informacji zwrotnych ESET Live Grid®</string>
	<string name="IDS_EPI_CFG_SIMPLE_CEIP_TEXT">Chcielibyśmy zbierać anonimowe informacje na temat użytkowania tego produktu. Zebrane dane pomogą nam w ulepszaniu jego działania i nie udostępnimy ich podmiotom zewnętrznym.</string>
	<string name="IDS_EPI_CFG_SIMPLE_CONTINUE">Kontynuuj</string>
	<string name="IDS_EPI_CFG_SIMPLE_ALL_CONTINUE">Zezwalaj na wszystko i kontynuuj</string>

	<string name="IDS_EPI_BANNER_CAPTION1">Przygotowywanie instalacji</string>
	<string name="IDS_EPI_BANNER_DESCRIPTION1">Poczekaj, aż pobierzemy pakiet instalacyjny.</string>

	<string name="IDS_EPI_BANNER_CAPTION2">Instalacja w toku</string>
	<string name="IDS_EPI_BANNER_DESCRIPTION2">Prawie gotowe! Poczekaj na zakończenie instalacji.</string>

	<string name="IDS_EPI_BANNER_CAPTION3">Niezrównana wydajność</string>
	<string name="IDS_EPI_BANNER_DESCRIPTION3">Wielowarstwowa technologia, wykorzystuje ponad 100 milionów sensorów, rozsianych na całym świecie by zapewnić Ci maksymalną ochronę, przy minimalnym wpływie na wydajność Twojego systemu.</string>

	<string name="IDS_EPI_BANNER_CAPTION4">Dziękujemy za wybranie ESET!</string>
	<string name="IDS_EPI_BANNER_DESCRIPTION4">Technologia ESET NOD32® posiada rekordową liczbę nagród VB100</string>

	<string name="IDS_EPI_BANNER_CAPTION5">Łatwa, centralna administracja Twoimi zabezpieczeniami IT</string>
	<string name="IDS_EPI_BANNER_DESCRIPTION5">Niezależnie od tego, czy korzystasz z konsoli zarządzania w chmurze czy na własnym serwerze, możesz w dowolnym miejscu i czasie korzystać z zaawansowanego panelu sterowania wszystkimi rozwiązaniami zabezpieczającymi firmy ESET.</string>


</resources>
