﻿<?xml version="1.0" encoding="utf-8" ?>
<resources langname="Dansk" lcid="0406">

	<string name="IDS_EPI_INSTALL_STEP">Velkommen|Licensaftale|AV Remover|Installation|Afslut</string>

	<string name="IDS_EPI_ACTION_INIT">Initialiserer...</string>
	<string name="IDS_EPI_ACTION_EULA">Henter slutbrugerlicensaftale(r)...</string>
	<string name="IDS_EPI_ACTION_DUMP">Forbereder installationspakke...</string>
	<string name="IDS_EPI_ACTION_CALC">Beregner ledig plads...</string>
	<string name="IDS_EPI_ACTION_DETECTAV">Undersøger, om der er modstridende programmer...</string>
	<string name="IDS_EPI_ACTION_PACKAGECACHE">Fuldfører offlinepakken...</string>
	<string name="IDS_EPI_ACTION_CLEANUP_FOLDERS">Sletter mapper...</string>
	<string name="IDS_EPI_ACTION_TROUBLESHOOTING">Der foretages fejlfinding. Det kan tage lidt tid...</string>

	<string name="IDS_EPI_HOME_TITLE_EAV">Installer ${bts.package.[0].name}</string>
	<string name="IDS_EPI_HOME_TEXT_EAV">Du kan fortsætte med at bruge din computer, når du arbejder, spiller og opretter forbindelse – beskyttet af ESET.</string>
	<string name="IDS_EPI_HOME_TITLE_ESS">Installer ${bts.package.[0].name}</string>
	<string name="IDS_EPI_HOME_TEXT_ESS">Du kan fortsætte med at bruge din computer, når du arbejder, spiller og opretter forbindelse – beskyttet af ESET.</string>
	<string name="IDS_EPI_HOME_TITLE_EIS">Installer ${bts.package.[0].name}</string>
	<string name="IDS_EPI_HOME_TEXT_EIS">Du kan fortsætte med at bruge din computer, når du arbejder, spiller og opretter forbindelse – beskyttet af ESET.</string>
	<string name="IDS_EPI_HOME_TITLE_ESSP">Installer ${bts.package.[0].name}</string>
	<string name="IDS_EPI_HOME_TEXT_ESSP">Du kan fortsætte med at bruge din computer, når du arbejder, spiller og opretter forbindelse – beskyttet af ESET.</string>
	<string name="IDS_EPI_HOME_TITLE_EHS">Installer ${bts.package.[0].name}</string>
	<string name="IDS_EPI_HOME_TEXT_EHS">Du kan fortsætte med at bruge din computer, når du arbejder, spiller og opretter forbindelse – beskyttet af ESET.</string>
	<string name="IDS_EPI_HOME_TITLE_EEA">Installer ${bts.package.[0].name}</string>
	<string name="IDS_EPI_HOME_SUBTITLE_EEA">Avanceret grundbeskyttelse af din virksomhed</string>
	<string name="IDS_EPI_HOME_TEXT_EEA">${bts.package.[0].name}, som indeholder den prisvindende ESET NOD32®-registreringsteknologi, giver din virksomhed en avanceret grundbeskyttelse i letvægtsklassen, som forbedres via vores skybaserede omdømmesystem. Det hele styres problemfrit fra vores brugervenlige ESET PROTECT-webkonsol i helt nyt design.</string>
	<string name="IDS_EPI_HOME_TITLE_EES">Installer ${bts.package.[0].name}</string>
	<string name="IDS_EPI_HOME_SUBTITLE_EES">Din komplette, avancerede sikkerhedspakke</string>
	<string name="IDS_EPI_HOME_TEXT_EES">${bts.package.[0].name} er din komplette, avancerede sikkerhedspakke, der leverer omfattende beskyttelse i flere lag mod alle former for malware. Lave systemkrav, virtualiseringssupport og overblik – det hele via vores helt nye ESET PROTECT-webkonsol.</string>

	<string name="IDS_EPI_HOME_TITLE_MULTI">Installer komponenter</string>
	<string name="IDS_EPI_INFO_TITLE_ERAA">Denne computer administreres af ESET PROTECT</string>
	<string name="IDS_EPI_BUNDLE_TITLE">Følgende komponenter er inkluderet i dette installationsprogram</string>

	<string name="IDS_EPI_HOME_AVREMOVER_CHECK">Jeg ønsker at fjerne ikke-kompatible sikkerhedsprodukter</string>
	<string name="IDS_EPI_HOME_NEW_VERSION_TEXT">En nyere version af dette produkt er tilgængelig online og kan automatisk hentes og installeres i stedet for den inkluderede.</string>
	<string name="IDS_EPI_HOME_NEW_VERSION_CHECKBOX">Installer nyere version</string>

<string name="IDS_EPI_HOME_NEED_HELP">Har du brug for hjælp til installationen?</string>
	<string name="IDS_EPI_HOME_OPEN_INSTRUCTIONS">Åbn installationsvejledning</string>
	<string name="IDS_EPI_HOME_OPEN_GUIDE">Åbn brugervejledning</string>

	<string name="IDS_EPI_LOCK_PASSWORD_TITLE">Indstillinger for ESET Security er beskyttet med en adgangskode</string>
	<string name="IDS_EPI_LOCK_PASSWORD_SUBTITLE">Angiv en gyldig adgangskode for at fortsætte.</string>
	<string name="IDS_EPI_LOCK_PASSWORD_TEXT">Adgangskode</string>
	<string name="IDS_EPI_LOCK_PASSWORD_ERROR">Forkert adgangskode. Du kan gendanne adgangskoden&lt;br/&gt;i den avancerede opsætning for produktet.</string>

	<string name="IDS_EPI_EULA_SINGLE_TITLE">Slutbrugerlicensaftale</string>
	<string name="IDS_EPI_EULA_SAVEAS_FILTER">Tekst (*.txt)|*.txt|HTML (*.html,*.htm)|*.html;*.htm||</string>
	<string name="IDS_EPI_EULA_BUTTON_ACCEPT">Jeg accepterer</string>
	<string name="IDS_EPI_EULA_BUTTON_DECLINE">Jeg accepterer ikke</string>
	<string name="IDS_EPI_EULA_DECLINE">Hvis du afviser slutbrugerlicensaftalen, lukkes installationsprogrammet. Er du sikker på, at du vil gøre det?</string>

	<string name="IDS_EPI_DETECTAV_TITLE">Scanner</string>
	<string name="IDS_EPI_DETECTAV_TEXT01">Der blev fundet andre sikkerhedsprodukter</string>
	<string name="IDS_EPI_DETECTAV_TEXT02">Hvis du kører to sikkerhedsløsninger på samme tid, kan systemet blive ustabilt. Løs problemet ved at fjerne den sikkerhedssoftware i systemet, der er i konflikt.</string>
	<string name="IDS_EPI_DETECTAV_UNINSTALL">Sådan fjerner du anden antivirussoftware</string>

	<string name="IDS_EPI_PACKAGECACHE_TITLE">Hent komponenter i forvejen</string>
	<string name="IDS_EPI_PACKAGECACHE_TEXT">Hent de komponenter i forvejen, der er inkluderet i dette pakkeinstallationsprogram (Live Installer), for at gøre implementeringsprocessen hurtigere, når du har begrænset internetforbindelse.</string>
	<string name="IDS_EPI_PACKAGECACHE_HOW01">&lt;b&gt;Klik på overførselsknappen&lt;/b&gt; for at oprette, hente og gemme %1 på din computer.</string>
	<string name="IDS_EPI_PACKAGECACHE_HOW02">&lt;b&gt;Kopiér %1 og %2 il samme mappe.&lt;/b&gt; Du kan også bruge et delt netværksområde eller et USB-drev.</string>
	<string name="IDS_EPI_PACKAGECACHE_HOW03">&lt;b&gt;Kør %2 på en hvilken som helst computer fra den delte mappe eller USB-drevet.&lt;/b&gt; %2 bruger de komponenter, der allerede er hentet, uden at hente dem igen.</string>

	<string name="IDS_EPI_DOWNLOAD_PACKAGE_SINGLE">Henter…</string>
	<string name="IDS_EPI_DOWNLOAD_PACKAGE_MULTI">Henter %1 …</string>

	<string name="IDS_EPI_CFG_LGF_CAPTION_CONSUMER">Der er styrke i tal. Få det højeste beskyttelsesniveau.</string>
	<string name="IDS_EPI_CFG_LGF_TEXT_CONSUMER">ESET LiveGrid®-feedbacksystemet giver os mulighed for at indsamle statistikker og oplysninger om mistænkelige elementer, som vi behandler automatisk for at oprette registreringsmekanismer i vores skysystem. Derefter anvender vi dem straks for at sikre os, at vores kunder har det højeste beskyttelsesniveau.</string>
	<string name="IDS_EPI_CFG_LGF_CAPTION_BUSINESS">Hjælp os med at give dig endnu bedre sikkerhed.</string>
	<string name="IDS_EPI_CFG_LGF_TEXT_BUSINESS">ESET LiveGrid®-feedbacksystemet bruger mere end 100 millioner sensorer verden over, hvilket giver os mulighed for at indsamle oplysninger om mistænkelige elementer, som vi behandler automatisk for at oprette registreringsmekanismer ved hjælp af vores skybaserede omdømmesystem. Derefter implementerer vi dem straks for at sikre os, at dine kunder har det højeste beskyttelsesniveau.</string>
	<string name="IDS_EPI_CFG_LGF_ENABLE">Aktivér ESET LiveGrid®-feedbacksystemet (anbefales)</string>
	<string name="IDS_EPI_CFG_LGF_DISABLE">Deaktiver ESET LiveGrid®-feedbacksystem</string>

	<string name="IDS_EPI_CFG_PUA_CAPTION">Registrering af potentielt uønskede programmer</string>
	<string name="IDS_EPI_CFG_PUA_TEXT">ESET kan finde &lt;a {{IDS_HELP_PUA_LINK}}&gt;potentielt uønskede programmer&lt;/a&gt; og bede om en bekræftelse, før de installeres. Potentielt uønskede programmer udgør måske ikke en sikkerhedsrisiko, men de kan påvirke computerens ydeevne, hastighed og pålidelighed eller medføre ændringer i funktionsmåden. De kræver som regel brugerens samtykke, før de installeres.</string>
	<string name="IDS_EPI_CFG_PUA_ENABLE">Aktivér registrering af potentielt uønskede programmer</string>
	<string name="IDS_EPI_CFG_PUA_DISABLE">Deaktiver registrering af potentielt uønskede programmer</string>

	<string name="IDS_EPI_CFG_CEIP_CAPTION">Deltag i programmet til forbedring af kundeoplevelsen</string>
	<string name="IDS_EPI_CFG_CEIP_TEXT">Vi vil gerne indsamle anonyme oplysninger om, hvordan dette produkt bruges. De indsamlede data hjælper os med at give dig en bedre oplevelse, og de deles aldrig med tredjeparter.&lt;a type="command" href="gui.ceip.show"&gt; Hvilke oplysninger indsamler vi?&lt;/a&gt;</string>
	<string name="IDS_EPI_CFG_CEIP_YES">Ja, jeg vil gerne deltage i programmet (anbefales)</string>
	<string name="IDS_EPI_CFG_CEIP_NO">Nej, jeg ønsker ikke at deltage i programmet</string>

	<string name="IDS_EPI_CFG_EULA_CAPTION">Slutbrugerlicensaftale</string>
	<string name="IDS_EPI_CFG_EULA_DESCRIPTION">Ved at klikke på en af "Fortsæt"-knapperne nedenfor accepterer du &lt;a {{IDS_LINK_SHOW_EULA}}&gt;slutbrugerlicensaftalen&lt;/a&gt;, og du er indforstået med &lt;a {{IDS_LINK_SHOW_PRIVACY_POLICY}}&gt;fortrolighedspolitikken&lt;/a&gt;.</string>
	<string name="IDS_EPI_CFG_EULA_MSGBOX_OK">OK</string>
	<string name="IDS_EPI_CFG_EULA_MSGBOX_NOT_AGREE">Jeg accepterer ikke</string>
	<string name="IDS_EPI_CFG_EULA_MSGBOX_SAVE">Gem</string>

	<string name="IDS_EPI_CFG_BUTTON_ADVANCED">Skift installationsmappe</string>
	<string name="IDS_EPI_CFG_FOLDERS_INSTALL">Produktmappe:</string>
	<string name="IDS_EPI_CFG_FOLDERS_DATA">Datamappe:</string>
	<string name="IDS_EPI_CFG_FOLDERS_MODULE">Modulmappe:</string>
	<string name="IDS_EPI_CFG_FOLDERS_VALIDATOR_INVALID">Der er valgt en ugyldig mappe.</string>

	<string name="IDS_EPI_CFG_ALREADY_CONFIGURED">Installationsindstillingerne er allerede konfigureret.</string>

	<string name="IDS_EPI_NONEMPTY_FOLDER_WARNING_TITLE">Installationsmappen skal være tom</string>
	<string name="IDS_EPI_NONEMPTY_FOLDER_WARNING_MESSAGE_SINGULAR">For at fortsætte installationen slettes den eksisterende mappe:</string>
	<string name="IDS_EPI_NONEMPTY_FOLDER_WARNING_MESSAGE_PLURAL">For at fortsætte installationen slettes de eksisterende mapper:</string>
	<string name="IDS_EPI_NONEMPTY_FOLDER_QUESTION">&lt;b&gt;Accepterer du, at mapperne slettes, og installationen fortsætter?&lt;/b&gt;</string>

	<string name="IDS_EPI_DISKSPACE_TITLE">Ingen plads på disken</string>
	<string name="IDS_EPI_DISKSPACE_TEXT01">Du har ikke mere diskplads. De fremhævede diskenheder har ikke tilstrækkelig ledig plads til installationen. Kontrollér den tilgængelige diskplads, og prøv igen.</string>
	<string name="IDS_EPI_DISKSPACE_HEADER01">Drev</string>
	<string name="IDS_EPI_DISKSPACE_HEADER02">Kapacitet</string>
	<string name="IDS_EPI_DISKSPACE_HEADER03">Ledig plads</string>
	<string name="IDS_EPI_DISKSPACE_HEADER04">Krævet plads</string>

	<string name="IDS_EPI_INSTALL_PACKAGE_SINGLE">Installerer...</string>
	<string name="IDS_EPI_INSTALL_PACKAGE_MULTI">Installerer %1 ...</string>

	<string name="IDS_EPI_DONE_TITLE">Installationen lykkedes</string>
	<string name="IDS_EPI_DONE_TEXT01">${bts.package.[${bts.var.package.default}].name} er installeret på din computer. Din computer kontrolleres løbende for virus og malware. &lt;br/&gt; &lt;br/&gt; Tak, fordi du har valgt ESET! &lt;br/&gt; &lt;br/&gt; &lt;br/&gt; Klik på &lt;i&gt;Udført&lt;/i&gt; for at fuldføre installationen af produktet.</string>
	<string name="IDS_EPI_DONE_TEXT01_EPI">Alle pakker er installeret på din computer. &lt;br/&gt; &lt;br/&gt; Klik på &lt;i&gt;Udført&lt;/i&gt; for at fuldføre opsætningen af produktet.</string>
		<string name="IDS_EPI_DONE_PACKAGECACHE_CAPTION">%1 og %2 skal være i samme mappe under kørslen.</string>
	<string name="IDS_EPI_DONE_PACKAGECACHE_DESCRIPTION">%1 blev hentet og gemt i mappen:&lt;br/&gt;</string>

	<string name="IDS_EPI_FAIL_FAILED_TITLE">Installationen mislykkedes</string>
	<string name="IDS_EPI_FAIL_FINISH_TITLE">Installationen er fuldført</string>
	<string name="IDS_EPI_FAIL_KNOWLEDGEBASE">Søg efter en løsning i ESET-vidensbasen.</string>
	<string name="IDS_EPI_FAIL_TROUBLESHOOT">Kør fejlfindingsværktøjet</string>
	<string name="IDS_EPI_FAIL_TS_LINK">Kontakt ESETs tekniske support</string>
	<string name="IDS_EPI_FAIL_RESTART">Genstart computeren</string>

	<string name="IDS_EPI_FAIL_TITLE_OS">Forældet version af Microsoft Windows</string>
	<string name="IDS_EPI_FAIL_TEXT_OS_OUTDATED">ESET Security understøtter ikke din forældede version af Microsoft Windows. Klik på Luk for at afslutte installationen.</string>
	<string name="IDS_EPI_FAIL_TEXT_OS_NOT_SUPPORTED">Dette produkt understøttes ikke længere på din forældede version af Microsoft Windows. &lt;a {{IDS_LINK_PRODUCT_OPTIONS}}&gt;Se dine muligheder&lt;/a&gt;</string>
	<string name="IDS_EPI_FAIL_TEXT_OS_NOT_SUPPORTED_BUSINESS">Dette produkt understøttes ikke længere på din forældede version af Microsoft Windows.</string>

	<string name="IDS_EPI_FAIL_TITLE_EULA_REJECTED">Slutbrugerlicensaftale</string>
	<string name="IDS_EPI_FAIL_TEXT_EULA_REJECTED">Slutbrugerlicensaftalen blev ikke accepteret.</string>

	<string name="IDS_EPI_FAIL_TITLE_CONNECTION">Forbindelsesfejl</string>
	<string name="IDS_EPI_FAIL_TEXT_CONNECTION">Det lader ikke til, at din internetforbindelse virker. Produktet kan ikke installeres. &lt;a {{IDS_LINK_INTERNET_SETTINGS}}&gt;Tjek din internetforbindelse&lt;/a&gt;, og prøv at udføre installationen igen.&lt;br/&gt;&lt;br/&gt;Bruger du en proxyserver? Skift indstillingerne for din proxyserver, og prøv igen.</string>
	<string name="IDS_EPI_FAIL_TEXT_CONNECTION_EPI">Det lader ikke til, at din internetforbindelse virker. Pakken kan ikke installeres. &lt;a {{IDS_LINK_INTERNET_SETTINGS}}&gt;Tjek din internetforbindelse&lt;/a&gt;, og prøv at udføre installationen igen.&lt;br/&gt;&lt;br/&gt;Bruger du en proxyserver? Skift indstillingerne for din proxyserver, og prøv igen.</string>

	<string name="IDS_EPI_FAIL_TITLE_DOWNLOAD_ERROR">Overførselsfejl</string>
	<string name="IDS_EPI_FAIL_TEXT_DOWNLOAD_ERROR">Der opstod en fejl under overførsel af data fra serveren. Kontrollér din netværksforbindelse, og prøv igen.&lt;br/&gt;&lt;br/&gt;Hvis du stadig har problemer, kan du gå til &lt;a {{IDS_LINK_OFFLINE_INSTALLER}}&gt;www.eset.com&lt;/a&gt; for at hente offlineinstallationsprogrammet.</string>
	<string name="IDS_EPI_FAIL_TEXT_DOWNLOAD_ERROR_EPI">Der opstod en fejl under overførsel af data fra serveren. Kontrollér din netværksforbindelse, og prøv igen.</string>

	<string name="IDS_EPI_FAIL_TITLE_INVALID_SERVER_RESPONSE">Ugyldigt svar</string>
	<string name="IDS_EPI_FAIL_TEXT_INVALID_SERVER_RESPONSE">Der er modtaget et ugyldigt svar fra serveren.</string>

	<string name="IDS_EPI_FAIL_TITLE_INVALID_INSTALLER">Ugyldigt installationsprogram</string>
	<string name="IDS_EPI_FAIL_TEXT_INVALID_INSTALLER">Dette installationsprogram er ikke længere gyldigt og skal erstattes. Hent et nyt installationsprogram for at installere dette produkt.</string>
	<string name="IDS_EPI_FAIL_TEXT_INVALID_INSTALLER_EPI">Dette installationsprogram er ikke længere gyldigt og skal erstattes. Generér et nyt installationsprogram, eller kontakt din administrator for at installere dette produkt.</string>

	<string name="IDS_EPI_FAIL_TITLE_VERSIONCHECK_NO_PACKAGES">Der blev ikke fundet en kompatibel pakke</string>
	<string name="IDS_EPI_FAIL_TEXT_VERSIONCHECK_NO_PACKAGES">Der er ingen kompatible installationspakker på serveren. Gå til &lt;a {{IDS_LINK_OFFLINE_INSTALLER}}&gt;www.eset.com&lt;/a&gt; for at hente offlineinstallationsprogrammet.</string>
	<string name="IDS_EPI_FAIL_TEXT_VERSIONCHECK_NO_PACKAGES_EPI">Dette installationsprogram er ikke længere gyldigt og skal erstattes. Generér et nyt installationsprogram, eller kontakt din administrator for at installere dette produkt.</string>

	<string name="IDS_EPI_FAIL_TITLE_INCOMPATIBLE_OS">Inkompatibelt operativsystem</string>
	<string name="IDS_EPI_FAIL_TEXT_INCOMPATIBLE_OS">Pakken ${bts.package.[${bts.var.package.current}].name} er ikke beregnet til dine operativsystemer. Hent og installer et produkt fra &lt;a {{IDS_LINK_OFFLINE_INSTALLER}}&gt;www.eset.com&lt;/a&gt;.</string>
	<string name="IDS_EPI_FAIL_TEXT_INCOMPATIBLE_OS_EPI">${bts.package.[${bts.var.package.current}].name} er ikke beregnet til dine operativsystemer.</string>

	<string name="IDS_EPI_FAIL_TITLE_INCOMPATIBLE_PACKAGE_X32">Inkompatibel pakke</string>
	<string name="IDS_EPI_FAIL_TEXT_INCOMPATIBLE_PACKAGE_X32">Denne installationspakke skal bruges til 32-bit operativsystemer. Brug en installationspakke til 64-bit operativsystemer.</string>

	<string name="IDS_EPI_FAIL_TITLE_INCOMPATIBLE_PACKAGE_X64">Inkompatibel pakke</string>
	<string name="IDS_EPI_FAIL_TEXT_INCOMPATIBLE_PACKAGE_X64">Denne installationspakke skal bruges til 64-bit operativsystemer. Brug en installationspakke til 64-bit operativsystemer.</string>

	<string name="IDS_EPI_FAIL_TITLE_INCOMPATIBLE_PRODUCT_INSTALLED">Der er installeret et inkompatibelt produkt</string>
	<string name="IDS_EPI_FAIL_TEXT_INCOMPATIBLE_PRODUCT_INSTALLED">Der er allerede installeret et inkompatibelt {PRODUCT}-produkt. Fjern det manuelt, og start installationen igen.</string>

	<string name="IDS_EPI_FAIL_TITLE_NEWER_VERSION_NOT_AVAILABLE">Den seneste version er allerede installeret</string>
	<string name="IDS_EPI_FAIL_TEXT_NEWER_VERSION_NOT_AVAILABLE">Den seneste version af ${bts.package.[${bts.var.package.default}].name} er allerede installeret på denne computer.</string>

	<string name="IDS_EPI_FAIL_TITLE_REFERRAL">Produktet kan ikke installeres</string>
	<string name="IDS_EPI_FAIL_TEXT_REFERRAL">Produktet kan ikke installeres, da der allerede er installeret et andet ESET-produkt på denne enhed.</string>
	<string name="IDS_EPI_FAIL_TEXT_REFERRAL_UPGRADE">Din eksisterende version af ESET er forældet og sikrer dig ikke længere den bedst mulige beskyttelse.&lt;br/&gt;&lt;b&gt;Du kan forbedre din sikkerhedsbeskyttelse ved at opgradere til den nyeste version GRATIS.&lt;/b&gt;</string>

	<string name="IDS_EPI_FAIL_TITLE_PACKAGE_NOT_FOUND">Der blev ikke fundet en pakke</string>
	<string name="IDS_EPI_FAIL_TEXT_PACKAGE_NOT_FOUND">Installationspakken til {PRODUCT} blev ikke fundet.</string>

	<string name="IDS_EPI_FAIL_TITLE_PACKAGE_CORRUPTED">Pakken er beskadiget</string>
	<string name="IDS_EPI_FAIL_TEXT_PACKAGE_CORRUPTED">Installationspakken til {PRODUCT} er beskadiget.</string>

	<string name="IDS_EPI_FAIL_TITLE_INSTALL_OUT_OF_SPACE">Ingen plads på disken</string>
	<string name="IDS_EPI_FAIL_TEXT_INSTALL_OUT_OF_SPACE">Der er ikke nok ledig diskplads til at fuldføre installationen af ${bts.package.[${bts.var.package.default}].name}.&lt;br/&gt;&lt;br/&gt;Kontrollér, at du har mindst %u MB ledig plads, og prøv igen.</string>
	<string name="IDS_EPI_FAIL_TEXT_INSTALL_OUT_OF_SPACE_EPI">Der er ikke nok ledig diskplads til at fuldføre installationen af alle pakker.&lt;br/&gt;&lt;br/&gt;Kontrollér, at du har mindst %u MB ledig plads, og prøv igen.</string>

	<string name="IDS_EPI_FAIL_TITLE_SETUP">Installationen blev ikke fuldført</string>
	<string name="IDS_EPI_FAIL_TEXT_SETUP">Installationen af ${bts.package.[${bts.var.package.current}].name} er ikke fuldført. Systemet er måske ikke beskyttet mod computertrusler. Hvis du vil installere ${bts.package.[${bts.var.package.current}].name} på din computer, skal du køre installationen igen.</string>
	<string name="IDS_EPI_FAIL_TEXT_SETUP_TROUBLESHOOT">Der opstod et problem under installation af ESET-produktet på enheden. Vi anbefaler, at du kører et fejlfindingsværktøj. Fejlfindingsværktøjet løser problemet, hvis det er muligt.</string>
	<string name="IDS_EPI_FAIL_TEXT_SETUP_EPI">Installationen af ${bts.package.[${bts.var.package.current}].name} er ikke fuldført. Systemet er måske ikke beskyttet mod computertrusler. Hvis du vil installere alle pakker på din computer, skal du køre installationen igen.</string>
	<string name="IDS_EPI_FAIL_TEXT_SETUP_ERROR_CODE">Fejlkode: %s</string>

	<string name="IDS_EPI_FAIL_TITLE_ABORT">Installation er afbrudt af brugeren</string>
	<string name="IDS_EPI_FAIL_TEXT_ABORT">Installationen af ${bts.package.[${bts.var.package.default}].name} er afbrudt af brugeren. Hvis du vil installere ${bts.package.[${bts.var.package.default}].name} på din computer, skal du køre installationen igen.</string>
	<string name="IDS_EPI_FAIL_TEXT_ABORT_EPI">Installationen er afbrudt af brugeren. Hvis du vil installere alle pakker på computeren, skal du køre installationen igen.</string>

	<string name="IDS_EPI_FAIL_TITLE_INTERNAL_ERROR">Intern fejl</string>
	<string name="IDS_EPI_FAIL_TEXT_INTERNAL_ERROR">Der opstod en intern fejl. Prøv igen for at starte installationen igen.</string>

	<string name="IDS_EPI_TROUBLESHOOT_FINISH_TITLE">Fejlfindingsværktøjet er afsluttet</string>
	<string name="IDS_EPI_TROUBLESHOOT_SUCCESS_TITLE">Fejlfindingen lykkedes</string>
	<string name="IDS_EPI_TROUBLESHOOT_FAILED_TITLE">Fejlfindingen lykkedes ikke</string>
	<string name="IDS_EPI_TROUBLESHOOT_TEXT">&lt;b&gt;Vi anbefaler, at du lukker dette vindue og genstarter din computer. Når computeren er genstartet, skal du køre installationsprogrammet igen.&lt;/b&gt;</string>
	<string name="IDS_EPI_TROUBLESHOOT_REBOOT_TEXT">&lt;b&gt;Du skal genstarte computeren for at fuldføre fejlfinding. Luk vinduet, og genstart computeren. Når computeren er genstartet, skal du køre installationsprogrammet igen.&lt;/b&gt;</string>
	<string name="IDS_EPI_TROUBLESHOOT_CONTACT_TEXT">Kontakt din systemadministrator eller &lt;a {{IDS_LINK_SUPPORT}}&gt;ESETs tekniske support&lt;/a&gt;, hvis fejlen fortsætter.</string>

	<string name="IDS_EPI_CFG_SIMPLE_CAPTION">Indstillinger for beskyttelse og installation</string>
	<string name="IDS_EPI_CFG_RECOMMENDED_CAPTION">Anbefalet</string>
	<string name="IDS_EPI_CFG_SIMPLE_PUA_CAPTION">Aktivér registrering af potentielt uønskede programmer</string>
	<string name="IDS_EPI_CFG_SIMPLE_CEIP_CAPTION">Deltag i programmet til forbedring af kundeoplevelsen &lt;br/&gt; &lt;a type="command" href="gui.ceip.show"&gt; Hvilke oplysninger indsamler vi?&lt;/a&gt;</string>
	<string name="IDS_EPI_CFG_SIMPLE_LGF_CAPTION">Aktivér ESET LiveGrid®-feedbacksystemet</string>
	<string name="IDS_EPI_CFG_SIMPLE_CEIP_TEXT">Vi vil gerne indsamle anonyme oplysninger om, hvordan dette produkt bruges. De indsamlede data hjælper os med at give dig en bedre oplevelse, og de deles aldrig med tredjeparter.</string>
	<string name="IDS_EPI_CFG_SIMPLE_CONTINUE">Fortsæt</string>
	<string name="IDS_EPI_CFG_SIMPLE_ALL_CONTINUE">Tillad alt, og fortsæt</string>

	<string name="IDS_EPI_BANNER_CAPTION1">Forbereder installation</string>
	<string name="IDS_EPI_BANNER_DESCRIPTION1">Vent, mens vi downloader installationspakken.</string>

	<string name="IDS_EPI_BANNER_CAPTION2">Installationen er i gang</string>
	<string name="IDS_EPI_BANNER_DESCRIPTION2">Du er næsten færdig! Vent, mens installationen fuldføres.</string>

	<string name="IDS_EPI_BANNER_CAPTION3">Uovertruffen ydeevne</string>
	<string name="IDS_EPI_BANNER_DESCRIPTION3">ESETs teknologi i flere lag bruger intelligens fra 100 millioner sensorer i hele verden for at sikre, at du får den absolut bedste beskyttelse med mindst mulige krav til dit system.</string>

	<string name="IDS_EPI_BANNER_CAPTION4">Tak, fordi du har valgt ESET!</string>
	<string name="IDS_EPI_BANNER_DESCRIPTION4">ESET NOD32®-teknologien er den teknologi i verden, der har modtaget de fleste samlede VB100-priser i træk.</string>

	<string name="IDS_EPI_BANNER_CAPTION5">Nem og central styring af din it-sikkerhed</string>
	<string name="IDS_EPI_BANNER_DESCRIPTION5">Uanset om du bruger en skybaseret eller lokal konsol til sikkerhedsadministration, får du en controller med en enkelt rude, der giver dig bedre styring af al din ESET-sikkerhed, uanset tid og sted.</string>


</resources>
