﻿<?xml version="1.0" encoding="utf-8" ?>
<resources langname="Eesti" lcid="0425">

	<string name="IDS_EPI_INSTALL_STEP">Tere tulemast|Litsentsileping|AV Remover|Installimine|Lõpetamine</string>

	<string name="IDS_EPI_ACTION_INIT">Lähtestamine ...</string>
	<string name="IDS_EPI_ACTION_EULA">Lõppkasutaja litsentsilepingu(te) allalaadimine ...</string>
	<string name="IDS_EPI_ACTION_DUMP">Installipaketi ettevalmistamine ...</string>
	<string name="IDS_EPI_ACTION_CALC">Vaba ruumi arvutamine ...</string>
	<string name="IDS_EPI_ACTION_DETECTAV">Võimalike konfliktsete rakenduste kontrollimine ...</string>
	<string name="IDS_EPI_ACTION_PACKAGECACHE">Võrguühenduseta paketi lõpuleviimine …</string>
	<string name="IDS_EPI_ACTION_CLEANUP_FOLDERS">Kaustade kustutamine ...</string>
	<string name="IDS_EPI_ACTION_TROUBLESHOOTING">Tõrkeotsing, see võib võtta mõne hetke ...</string>

	<string name="IDS_EPI_HOME_TITLE_EAV">Installi ${bts.package.[0].name}</string>
	<string name="IDS_EPI_HOME_TEXT_EAV">Nautige oma arvuti kasutamist töötades, mängides ja suhtlemise ajal – ESET kaitseb teid.</string>
	<string name="IDS_EPI_HOME_TITLE_ESS">Installi ${bts.package.[0].name}</string>
	<string name="IDS_EPI_HOME_TEXT_ESS">Nautige oma arvuti kasutamist töötades, mängides ja suhtlemise ajal – ESET kaitseb teid.</string>
	<string name="IDS_EPI_HOME_TITLE_EIS">Installi ${bts.package.[0].name}</string>
	<string name="IDS_EPI_HOME_TEXT_EIS">Nautige oma arvuti kasutamist töötades, mängides ja suhtlemise ajal – ESET kaitseb teid.</string>
	<string name="IDS_EPI_HOME_TITLE_ESSP">Installi ${bts.package.[0].name}</string>
	<string name="IDS_EPI_HOME_TEXT_ESSP">Nautige oma arvuti kasutamist töötades, mängides ja suhtlemise ajal – ESET kaitseb teid.</string>
	<string name="IDS_EPI_HOME_TITLE_EHS">Installi ${bts.package.[0].name}</string>
	<string name="IDS_EPI_HOME_TEXT_EHS">Nautige oma arvuti kasutamist töötades, mängides ja suhtlemise ajal – ESET kaitseb teid.</string>
	<string name="IDS_EPI_HOME_TITLE_EEA">Installi ${bts.package.[0].name}</string>
	<string name="IDS_EPI_HOME_SUBTITLE_EEA">Täiendatud etalonturve teie ettevõttele</string>
	<string name="IDS_EPI_HOME_TEXT_EEA">${bts.package.[0].name} koos auhinnatud ESET NOD32® avastuse tehnoloogiaga pakub teie ettevõttele kerget ja täiendatud etalonturvet, mida võimendab meie pilvesüsteem. Hoidke seda kõike hõlpsalt kontrolli all meie täielikult ümber kujundatud ning kasutajasõbraliku veebikonsooliga ESET PROTECT.</string>
	<string name="IDS_EPI_HOME_TITLE_EES">Installi ${bts.package.[0].name}</string>
	<string name="IDS_EPI_HOME_SUBTITLE_EES">Teie täisfunktsionaalne, täiendatud turbekomplekt</string>
	<string name="IDS_EPI_HOME_TEXT_EES">${bts.package.[0].name} on teie täisfunktsionaalne ja täiendatud turbekomplekt, pakkudes kõikehõlmavat ning mitmetasandilist kaitset kõikide ründevarade vastu. Nautige madalaid süsteeminõudluseid, virtualiseerimistuge ja ülevaadet uue veebikonsooliga ESET PROTECT.</string>

	<string name="IDS_EPI_HOME_TITLE_MULTI">Installi komponendid</string>
	<string name="IDS_EPI_INFO_TITLE_ERAA">Arvutit haldab ESET PROTECT (ESETi kaughaldus)</string>
	<string name="IDS_EPI_BUNDLE_TITLE">Selles installeris on järgmised komponendid</string>

	<string name="IDS_EPI_HOME_AVREMOVER_CHECK">Soovin ühildumatud turbetooted desinstallida</string>
	<string name="IDS_EPI_HOME_NEW_VERSION_TEXT">Selle toote uuem versioon on võrgus saadaval ning selle saab praeguse versiooni asemel automaatselt alla laadida ja installida.</string>
	<string name="IDS_EPI_HOME_NEW_VERSION_CHECKBOX">Installi uuem versioon</string>

<string name="IDS_EPI_HOME_NEED_HELP">Kas vajate paigaldamisel abi?</string>
	<string name="IDS_EPI_HOME_OPEN_INSTRUCTIONS">Ava paigaldusjuhised</string>
	<string name="IDS_EPI_HOME_OPEN_GUIDE">Ava kasutusjuhend</string>

	<string name="IDS_EPI_LOCK_PASSWORD_TITLE">ESET Security sätted on parooliga kaitstud</string>
	<string name="IDS_EPI_LOCK_PASSWORD_SUBTITLE">Jätkamiseks sisestage kehtiv parool.</string>
	<string name="IDS_EPI_LOCK_PASSWORD_TEXT">Parool</string>
	<string name="IDS_EPI_LOCK_PASSWORD_ERROR">Vale parool. Saate parooli taastada&lt;br/&gt;toote jaotises Täpsem häälestus.</string>

	<string name="IDS_EPI_EULA_SINGLE_TITLE">Lõppkasutaja litsentsileping</string>
	<string name="IDS_EPI_EULA_SAVEAS_FILTER">Tekstifailid (*.txt)|*.txt|HTML-failid (*.html,*.htm)|*.html;*.htm||</string>
	<string name="IDS_EPI_EULA_BUTTON_ACCEPT">Nõustun</string>
	<string name="IDS_EPI_EULA_BUTTON_DECLINE">Tühista</string>
	<string name="IDS_EPI_EULA_DECLINE">Lõppkasutaja litsentsilepinguga mittenõustumise korral suletakse installer. Kas olete kindel, et tahate seda teha?</string>

	<string name="IDS_EPI_DETECTAV_TITLE">Kontrollimine</string>
	<string name="IDS_EPI_DETECTAV_TEXT01">Leiti muu viirusetõrjetarkvara</string>
	<string name="IDS_EPI_DETECTAV_TEXT02">Samal ajal kahe turbelahenduse kasutamine võib põhjustada ebastabiilsust. Probleemi lahendamiseks desinstallige süsteemist probleeme tekitav turbetarkvara.</string>
	<string name="IDS_EPI_DETECTAV_UNINSTALL">Muu viirusetõrjetarkvara desinstallimine</string>

	<string name="IDS_EPI_PACKAGECACHE_TITLE">Laadige komponendid eelnevalt alla</string>
	<string name="IDS_EPI_PACKAGECACHE_TEXT">Laadige selles paketiinstalleris (Otseinstaller) olevad komponendid eelnevalt alla, et muuta juurutusprotsess kiiremaks, kui teie Interneti-ühendus on piiratud.</string>
	<string name="IDS_EPI_PACKAGECACHE_HOW01">&lt;b&gt;Klõpsake allalaadimise nuppu&lt;/b&gt;, misjärel %1 luuakse, laaditakse alla ja salvestatakse teie arvutisse.</string>
	<string name="IDS_EPI_PACKAGECACHE_HOW02">&lt;b&gt;Kopeerige %1 ja %2 samasse kausta.&lt;/b&gt; Võite kasutada ühist võrguruumi või USB-draivi.</string>
	<string name="IDS_EPI_PACKAGECACHE_HOW03">&lt;b&gt;Käivitage %2 mistahes arvutis ühiskaustast või USB-draivilt.&lt;/b&gt; %2 kasutab juba eelnevalt alla laaditud komponente ilma neid uuesti alla laadimata.</string>

	<string name="IDS_EPI_DOWNLOAD_PACKAGE_SINGLE">Allalaadimine ...</string>
	<string name="IDS_EPI_DOWNLOAD_PACKAGE_MULTI">%1 allalaadimine ...</string>

	<string name="IDS_EPI_CFG_LGF_CAPTION_CONSUMER">Koos oleme võimsad. Saa maksimaalne kaitsetase.</string>
	<string name="IDS_EPI_CFG_LGF_TEXT_CONSUMER">Tagasisidesüsteem ESET LiveGrid® võimaldab meil koguda teavet kahtlaste objektide kohta, mida me automaatselt töötleme, et luua oma pilvesüsteemis tuvastusmehhanismid. Seejärel rakendame neid kohe, et tagada oma klientidele maksimaalne kaitsetase.</string>
	<string name="IDS_EPI_CFG_LGF_CAPTION_BUSINESS">Aidake meil teile veel paremat turvet pakkuda.</string>
	<string name="IDS_EPI_CFG_LGF_TEXT_BUSINESS">Tagasisidesüsteem ESET LiveGrid® kasutab enam kui 100 miljonit andurit üle maailma, et koguda statistikat ja teavet kahtlaste objektide kohta, mida töötleme automaatselt oma pilvepõhises mainesüsteemis tuvastusmehhanismide loomiseks. Rakendame neid kohe maksimaalse kaitsetaseme tagamiseks.</string>
	<string name="IDS_EPI_CFG_LGF_ENABLE">Luba tagasisidesüsteem ESET LiveGrid® (soovitatav)</string>
	<string name="IDS_EPI_CFG_LGF_DISABLE">Keela tagasisidesüsteem ESET LiveGrid®</string>

	<string name="IDS_EPI_CFG_PUA_CAPTION">Võimalike soovimatute rakenduste tuvastus</string>
	<string name="IDS_EPI_CFG_PUA_TEXT">ESET võib tuvastada &lt;a {{IDS_HELP_PUA_LINK}}&gt;võimalikud soovimatud rakendused&lt;/a&gt; ja küsida enne nende installimist kinnitust. Võimalikud soovimatud rakendused ei pruugi kujutada endast turvariski, kuid nad võivad mõjutada arvuti jõudlust, kiirust ja töökindlust või põhjustada käitumise muutumist. Tavaliselt vajavad need enne installimist kasutaja nõusolekut.</string>
	<string name="IDS_EPI_CFG_PUA_ENABLE">Luba võimalike soovimatute rakenduste tuvastamine</string>
	<string name="IDS_EPI_CFG_PUA_DISABLE">Keela võimalike soovimatute rakenduste tuvastamine</string>

	<string name="IDS_EPI_CFG_CEIP_CAPTION">Kliendirahulolu tõstmise programmis osalemine</string>
	<string name="IDS_EPI_CFG_CEIP_TEXT">Soovime koguda anonüümset teavet selle toote kasutamise kohta. Kogutud andmed aitavad meil parendada toote kasutusfunktsionaalsust ja neid ei jagata kunagi kolmandate osapooltega.&lt;a type="command" href="gui.ceip.show"&gt; Millist teavet kogume?&lt;/a&gt;</string>
	<string name="IDS_EPI_CFG_CEIP_YES">Jah, ma soovin programmis osaleda (soovitatud)</string>
	<string name="IDS_EPI_CFG_CEIP_NO">Ei, ma ei soovi programmis osaleda</string>

	<string name="IDS_EPI_CFG_EULA_CAPTION">Lõppkasutaja litsentsileping</string>
	<string name="IDS_EPI_CFG_EULA_DESCRIPTION">Klõpsates allpool ühte nuppudest „Jätka”, nõustute &lt;a {{IDS_LINK_SHOW_EULA}}&gt;lõppkasutaja litsentsilepinguga&lt;/a&gt; ja tunnistate &lt;a {{IDS_LINK_SHOW_PRIVACY_POLICY}}&gt;privaatsuspoliitikat.&lt;/a&gt;</string>
	<string name="IDS_EPI_CFG_EULA_MSGBOX_OK">OK</string>
	<string name="IDS_EPI_CFG_EULA_MSGBOX_NOT_AGREE">Ma ei nõustu</string>
	<string name="IDS_EPI_CFG_EULA_MSGBOX_SAVE">Salvesta</string>

	<string name="IDS_EPI_CFG_BUTTON_ADVANCED">Installikausta muutmine</string>
	<string name="IDS_EPI_CFG_FOLDERS_INSTALL">Toote kaust:</string>
	<string name="IDS_EPI_CFG_FOLDERS_DATA">Andmete kaust:</string>
	<string name="IDS_EPI_CFG_FOLDERS_MODULE">Mooduli kaust:</string>
	<string name="IDS_EPI_CFG_FOLDERS_VALIDATOR_INVALID">Valitud on lubamatu kaust.</string>

	<string name="IDS_EPI_CFG_ALREADY_CONFIGURED">Installisätted on juba konfigureeritud.</string>

	<string name="IDS_EPI_NONEMPTY_FOLDER_WARNING_TITLE">Installimiskaust peab olema tühi</string>
	<string name="IDS_EPI_NONEMPTY_FOLDER_WARNING_MESSAGE_SINGULAR">Installimise jätkamiseks kustutatakse olemasolev kaust:</string>
	<string name="IDS_EPI_NONEMPTY_FOLDER_WARNING_MESSAGE_PLURAL">Installimise jätkamiseks kustutatakse olemasolevad kaustad:</string>
	<string name="IDS_EPI_NONEMPTY_FOLDER_QUESTION">&lt;b&gt;Kas nõustute kaustade kustutamisega ja installimise jätkamisega?&lt;/b&gt;</string>

	<string name="IDS_EPI_DISKSPACE_TITLE">Kettaruum otsas</string>
	<string name="IDS_EPI_DISKSPACE_TEXT01">Teil on kettaruum otsas. Esiletõstetud mahtudel pole installimiseks piisavalt ruumi. Kontrollige saadaolevat kettaruumi ja proovige uuesti.</string>
	<string name="IDS_EPI_DISKSPACE_HEADER01">Draiv</string>
	<string name="IDS_EPI_DISKSPACE_HEADER02">Maht</string>
	<string name="IDS_EPI_DISKSPACE_HEADER03">Vaba ruum</string>
	<string name="IDS_EPI_DISKSPACE_HEADER04">Nõutav ruum</string>

	<string name="IDS_EPI_INSTALL_PACKAGE_SINGLE">Installimine ...</string>
	<string name="IDS_EPI_INSTALL_PACKAGE_MULTI">%1 installimine ...</string>

	<string name="IDS_EPI_DONE_TITLE">Installimine õnnestus</string>
	<string name="IDS_EPI_DONE_TEXT01">${bts.package.[${bts.var.package.default}].name} on edukalt teie arvutisse installitud. Arvutit kontrollitakse pidevalt viiruste ja ründevara suhtes. &lt;br/&gt; &lt;br/&gt; Täname, et valisite ESETi! &lt;br/&gt; &lt;br/&gt; &lt;br/&gt; Klõpsake toote installimise lõpuleviimiseks nuppu &lt;i&gt;Valmis&lt;/i&gt;.</string>
	<string name="IDS_EPI_DONE_TEXT01_EPI">Kõik paketid on edukalt teie arvutisse installitud. &lt;br/&gt; &lt;br/&gt; Klõpsake nuppu &lt;i&gt;Valmis&lt;/i&gt; toote häälestamise lõpuleviimiseks.</string>
		<string name="IDS_EPI_DONE_PACKAGECACHE_CAPTION">%1 ja %2 peavad käivitamisel asuma samas kaustas.</string>
	<string name="IDS_EPI_DONE_PACKAGECACHE_DESCRIPTION">%1 laaditi alla ja salvestati kausta:&lt;br/&gt;</string>

	<string name="IDS_EPI_FAIL_FAILED_TITLE">Installimine nurjus</string>
	<string name="IDS_EPI_FAIL_FINISH_TITLE">Installimine on lõpetatud</string>
	<string name="IDS_EPI_FAIL_KNOWLEDGEBASE">Otsi lahendust ESET-i teadmusbaasist.</string>
	<string name="IDS_EPI_FAIL_TROUBLESHOOT">Käivita tõrkeotsing</string>
	<string name="IDS_EPI_FAIL_TS_LINK">Võta ühendust ESET-i tehnilise toega</string>
	<string name="IDS_EPI_FAIL_RESTART">Taaskäivita arvuti</string>

	<string name="IDS_EPI_FAIL_TITLE_OS">Microsoft Windowsi aegunud versioon</string>
	<string name="IDS_EPI_FAIL_TEXT_OS_OUTDATED">ESET Security ei toeta teie Microsoft Windowsi aegunud versiooni. Paigaldusest väljumiseks klõpsake nuppu Sule.</string>
	<string name="IDS_EPI_FAIL_TEXT_OS_NOT_SUPPORTED">See toode pole teie Microsoft Windowsi aegunud versioonis enam toetatud. &lt;a {{IDS_LINK_PRODUCT_OPTIONS}}&gt;Teie valikud&lt;/a&gt;</string>
	<string name="IDS_EPI_FAIL_TEXT_OS_NOT_SUPPORTED_BUSINESS">See toode pole teie Microsoft Windowsi aegunud versioonis enam toetatud.</string>

	<string name="IDS_EPI_FAIL_TITLE_EULA_REJECTED">Lõppkasutaja litsentsileping</string>
	<string name="IDS_EPI_FAIL_TEXT_EULA_REJECTED">Lõppkasutaja litsentsilepinguga ei nõustutud.</string>

	<string name="IDS_EPI_FAIL_TITLE_CONNECTION">Ühendustõrge</string>
	<string name="IDS_EPI_FAIL_TEXT_CONNECTION">Paistab, et teie internetiühendus ei toimi. Toodet ei saa installida. &lt;a {{IDS_LINK_INTERNET_SETTINGS}}&gt;Kontrollige oma internetiühendust&lt;/a&gt; ja proovige uuesti installida.&lt;br/&gt;&lt;br/&gt;Kas te kasutate puhverserverit? Muutke oma puhverserveri sätteid ja proovige uuesti.</string>
	<string name="IDS_EPI_FAIL_TEXT_CONNECTION_EPI">Paistab, et teie internetiühendus ei toimi. Pakette ei saa installida. &lt;a {{IDS_LINK_INTERNET_SETTINGS}}&gt;Kontrollige oma internetiühendust&lt;/a&gt; ja proovige uuesti installida.&lt;br/&gt;&lt;br/&gt;Kas te kasutate puhverserverit? Muutke oma puhverserveri sätteid ja proovige uuesti.</string>

	<string name="IDS_EPI_FAIL_TITLE_DOWNLOAD_ERROR">Allalaadimistõrge</string>
	<string name="IDS_EPI_FAIL_TEXT_DOWNLOAD_ERROR">Andmete allalaadimisel serverist ilmnes tõrge. Kontrollige võrguühendust ja proovige uuesti.&lt;br/&gt;&lt;br/&gt;Kui probleemid ei kao, külastage võrguühenduseta installeri allalaadimiseks veebisaiti &lt;a {{IDS_LINK_OFFLINE_INSTALLER}}&gt;www.eset.com&lt;/a&gt;.</string>
	<string name="IDS_EPI_FAIL_TEXT_DOWNLOAD_ERROR_EPI">Andmete allalaadimisel serverist ilmnes tõrge. Kontrollige võrguühendust ja proovige uuesti.</string>

	<string name="IDS_EPI_FAIL_TITLE_INVALID_SERVER_RESPONSE">Kehtetu vastus</string>
	<string name="IDS_EPI_FAIL_TEXT_INVALID_SERVER_RESPONSE">Serverist saadi kehtetu vastus.</string>

	<string name="IDS_EPI_FAIL_TITLE_INVALID_INSTALLER">Kehtetu installer</string>
	<string name="IDS_EPI_FAIL_TEXT_INVALID_INSTALLER">See installer on kehtetu ja tuleb asendada. Laadige selle toote installimiseks alla uus installer.</string>
	<string name="IDS_EPI_FAIL_TEXT_INVALID_INSTALLER_EPI">See installer on kehtetu ja tuleb asendada. Selle toote installimiseks looge uus installer või pöörduge administraatori poole.</string>

	<string name="IDS_EPI_FAIL_TITLE_VERSIONCHECK_NO_PACKAGES">Ühilduvat paketti ei leitud</string>
	<string name="IDS_EPI_FAIL_TEXT_VERSIONCHECK_NO_PACKAGES">Serveris pole ühilduvat installipaketti saadaval. Külastage võrguühenduseta installeri allalaadimiseks veebisaiti &lt;a {{IDS_LINK_OFFLINE_INSTALLER}}&gt;www.eset.com&lt;/a&gt;.</string>
	<string name="IDS_EPI_FAIL_TEXT_VERSIONCHECK_NO_PACKAGES_EPI">See installer on kehtetu ja tuleb asendada. Selle toote installimiseks looge uus installer või pöörduge administraatori poole.</string>

	<string name="IDS_EPI_FAIL_TITLE_INCOMPATIBLE_OS">Mitteühilduv operatsioonisüsteem</string>
	<string name="IDS_EPI_FAIL_TEXT_INCOMPATIBLE_OS">Toode ${bts.package.[${bts.var.package.current}].name} pole mõeldud teie operatsioonisüsteemile. Laadige toode alla ja installige veebisaidilt &lt;a {{IDS_LINK_OFFLINE_INSTALLER}}&gt;www.eset.com&lt;/a&gt;.</string>
	<string name="IDS_EPI_FAIL_TEXT_INCOMPATIBLE_OS_EPI">Toode ${bts.package.[${bts.var.package.current}].name} pole mõeldud teie operatsioonisüsteemile.</string>

	<string name="IDS_EPI_FAIL_TITLE_INCOMPATIBLE_PACKAGE_X32">Mitteühilduv pakett</string>
	<string name="IDS_EPI_FAIL_TEXT_INCOMPATIBLE_PACKAGE_X32">See installipakett on ette nähtud 32-bitistele operatsioonisüsteemidele. Kasutage 64-bitise operatsioonisüsteemi installipaketti.</string>

	<string name="IDS_EPI_FAIL_TITLE_INCOMPATIBLE_PACKAGE_X64">Mitteühilduv pakett</string>
	<string name="IDS_EPI_FAIL_TEXT_INCOMPATIBLE_PACKAGE_X64">See installipakett on ette nähtud 64-bitistele operatsioonisüsteemidele. Kasutage 32-bitise operatsioonisüsteemi installipaketti.</string>

	<string name="IDS_EPI_FAIL_TITLE_INCOMPATIBLE_PRODUCT_INSTALLED">Installitud on mitteühilduv toode</string>
	<string name="IDS_EPI_FAIL_TEXT_INCOMPATIBLE_PRODUCT_INSTALLED">Mitteühilduv {PRODUCT} toode on juba installitud. Desinstallige see käsitsi ja käivitage installimine uuesti.</string>

	<string name="IDS_EPI_FAIL_TITLE_NEWER_VERSION_NOT_AVAILABLE">Uusim versioon on juba installitud</string>
	<string name="IDS_EPI_FAIL_TEXT_NEWER_VERSION_NOT_AVAILABLE">Toote ${bts.package.[${bts.var.package.default}].name} uusim versioon on sellesse arvutisse juba installitud.</string>

	<string name="IDS_EPI_FAIL_TITLE_REFERRAL">Toodet ei saa installida</string>
	<string name="IDS_EPI_FAIL_TEXT_REFERRAL">Toodet ei saa installida, kuna sellele seadmele on juba installitud teine ESET-i toode.</string>
	<string name="IDS_EPI_FAIL_TEXT_REFERRAL_UPGRADE">Teie olemasolev ESET-i versioon on aegunud ja ei taga enam parimat kaitset.&lt;br/&gt;&lt;b&gt;Täiustage oma turvalist kaitset – täiendage uusimale versioonile TASUTA.&lt;/b&gt;</string>

	<string name="IDS_EPI_FAIL_TITLE_PACKAGE_NOT_FOUND">Paketti ei leitud</string>
	<string name="IDS_EPI_FAIL_TEXT_PACKAGE_NOT_FOUND">Paigalduspaketti {PRODUCT} ei leitud.</string>

	<string name="IDS_EPI_FAIL_TITLE_PACKAGE_CORRUPTED">Pakend on rikutud</string>
	<string name="IDS_EPI_FAIL_TEXT_PACKAGE_CORRUPTED">Paigalduspakett {PRODUCT} () on rikutud.</string>

	<string name="IDS_EPI_FAIL_TITLE_INSTALL_OUT_OF_SPACE">Kettaruum on otsas</string>
	<string name="IDS_EPI_FAIL_TEXT_INSTALL_OUT_OF_SPACE">Kettal pole toote ${bts.package.[${bts.var.package.default}].name} paigaldamiseks piisavalt ruumi.&lt;br/&gt;&lt;br/&gt;Veenduge, et teil oleks vähemalt %u MB vaba ruumi ja seejärel proovige uuesti.</string>
	<string name="IDS_EPI_FAIL_TEXT_INSTALL_OUT_OF_SPACE_EPI">Kettal pole kõigi pakettide paigaldamiseks piisavalt ruumi.&lt;br/&gt;&lt;br/&gt;Veenduge, et teil oleks vähemalt %u MB vaba ruumi ja seejärel proovige uuesti.</string>

	<string name="IDS_EPI_FAIL_TITLE_SETUP">Installimist ei viidud edukalt lõpule.</string>
	<string name="IDS_EPI_FAIL_TEXT_SETUP">Toote ${bts.package.[${bts.var.package.current}].name} installlimist ei viidud edukalt lõpule. Süsteem ei pruugi olla arvutiohtude eest kaitstud. Toote ${bts.package.[${bts.var.package.current}].name} installimiseks oma arvutisse käivitage installimine uuesti.</string>
	<string name="IDS_EPI_FAIL_TEXT_SETUP_TROUBLESHOOT">ESET-i toote installimisel teie seadmesse ilmnes probleem. Soovitame teil käivitada tõrkeotsing. Tõrkeotsing lahendab probleemi, kui see on võimalik.</string>
	<string name="IDS_EPI_FAIL_TEXT_SETUP_EPI">Toote ${bts.package.[${bts.var.package.current}].name} installlimist ei viidud edukalt lõpule. Süsteem ei pruugi olla arvutiohtude eest kaitstud. Kõigi pakettide installimiseks oma arvutisse käivitage installimine uuesti.</string>
	<string name="IDS_EPI_FAIL_TEXT_SETUP_ERROR_CODE">Tõrkekood: %s</string>

	<string name="IDS_EPI_FAIL_TITLE_ABORT">Kasutaja katkestas installimise</string>
	<string name="IDS_EPI_FAIL_TEXT_ABORT">Kasutaja katkestas toote ${bts.package.[${bts.var.package.default}].name} installimise. Toote ${bts.package.[${bts.var.package.default}].name} installimiseks oma arvutisse käivitage installimine uuesti.</string>
	<string name="IDS_EPI_FAIL_TEXT_ABORT_EPI">Kasutaja katkestas installimise. Kõigi teie arvutis olevate pakettide installimiseks käivitage installimine uuesti.</string>

	<string name="IDS_EPI_FAIL_TITLE_INTERNAL_ERROR">Sisemine tõrge</string>
	<string name="IDS_EPI_FAIL_TEXT_INTERNAL_ERROR">Ilmnes sisemine tõrge. Proovige installimine uuesti käivitada.</string>

	<string name="IDS_EPI_TROUBLESHOOT_FINISH_TITLE">Tõrkeotsing lõpetatud</string>
	<string name="IDS_EPI_TROUBLESHOOT_SUCCESS_TITLE">Tõrkeotsing õnnestus</string>
	<string name="IDS_EPI_TROUBLESHOOT_FAILED_TITLE">Tõrkeotsing ei õnnestunud</string>
	<string name="IDS_EPI_TROUBLESHOOT_TEXT">&lt;b&gt;Soovitame teil selle akna sulgeda ja arvuti taaskäivitada. Pärast seda käivitage installer uuesti.&lt;/b&gt;</string>
	<string name="IDS_EPI_TROUBLESHOOT_REBOOT_TEXT">&lt;b&gt;Tõrkeotsingu lõpetamiseks on vajalik taaskäivitamine. Sulgege see aken ja taaskäivitage arvuti. Pärast seda käivitage installer uuesti.&lt;/b&gt;</string>
	<string name="IDS_EPI_TROUBLESHOOT_CONTACT_TEXT">Kui tõrge ei lahene, võtke ühendust oma süsteemiadministraatori või &lt;a {{IDS_LINK_SUPPORT}}&gt;ESET-i klienditeenindusega.&lt;/a&gt;</string>

	<string name="IDS_EPI_CFG_SIMPLE_CAPTION">Kaitse- ja installisätted</string>
	<string name="IDS_EPI_CFG_RECOMMENDED_CAPTION">Soovitatav</string>
	<string name="IDS_EPI_CFG_SIMPLE_PUA_CAPTION">Luba võimalike soovimatute rakenduste tuvastamine</string>
	<string name="IDS_EPI_CFG_SIMPLE_CEIP_CAPTION">Osale kliendirahulolu tõstmise programmis &lt;br/&gt; &lt;a type="command" href="gui.ceip.show"&gt; Millist teavet me kogume?&lt;/a&gt;</string>
	<string name="IDS_EPI_CFG_SIMPLE_LGF_CAPTION">Luba tagasisidesüsteem ESET LiveGrid®</string>
	<string name="IDS_EPI_CFG_SIMPLE_CEIP_TEXT">Soovime koguda anonüümset teavet selle toote kasutamise kohta. Kogutud andmed aitavad meil parendada toote kasutusfunktsionaalsust ja neid ei jagata kunagi kolmandate osapooltega.</string>
	<string name="IDS_EPI_CFG_SIMPLE_CONTINUE">Jätka</string>
	<string name="IDS_EPI_CFG_SIMPLE_ALL_CONTINUE">Luba kõik ja jätka</string>

	<string name="IDS_EPI_BANNER_CAPTION1">Installimise ettevalmistamine</string>
	<string name="IDS_EPI_BANNER_DESCRIPTION1">Oodake, kuni me installipaketi alla laadime.</string>

	<string name="IDS_EPI_BANNER_CAPTION2">Installimine on pooleli</string>
	<string name="IDS_EPI_BANNER_DESCRIPTION2">Ongi peaaegu kõik! Oodake, kuni installimine lõpule viiakse.</string>

	<string name="IDS_EPI_BANNER_CAPTION3">Erakordne suutlikkus</string>
	<string name="IDS_EPI_BANNER_DESCRIPTION3">ESETi mitmekihiline tehnoloogia kasutab kogu maailmast 100 miljonilt andurilt saadud infot tagamaks sulle maksimaalset kaitset väikseimate võimalike süsteeminõuetega.</string>

	<string name="IDS_EPI_BANNER_CAPTION4">Täname, et valisid ESETi!</string>
	<string name="IDS_EPI_BANNER_DESCRIPTION4">ESET NOD32® tehnoloogiale kuulub järjestikuste kumulatiivsete VB100 auhindade maailmarekord.</string>

	<string name="IDS_EPI_BANNER_CAPTION5">Sinu IT-turbe lihtne tsentraliseeritud juhtimine</string>
	<string name="IDS_EPI_BANNER_DESCRIPTION5">Pole vahet, kas kasutad pilvepõhist või kohapealset turbehalduskonsooli, sest sul on juurdepääs ühe paneeliga kontrollerile, mille abil saad ESETi turvet igal pool ja igal ajal veelgi täpsemalt hallata.</string>


</resources>
