﻿<?xml version="1.0" encoding="utf-8" ?>
<resources langname="Hrvatski (Hrvatska)" lcid="041a">

	<string name="IDS_EPI_INSTALL_STEP">Dobro došli|Licenčni ugovor|AV Remover|Instalacija|Kraj</string>

	<string name="IDS_EPI_ACTION_INIT">Pokretanje...</string>
	<string name="IDS_EPI_ACTION_EULA">Preuzimanje licenčnog ugovora za krajnjeg korisnika (ili više njih)...</string>
	<string name="IDS_EPI_ACTION_DUMP">Priprema instalacijskog paketa...</string>
	<string name="IDS_EPI_ACTION_CALC">Izračunavanje slobodnog prostora...</string>
	<string name="IDS_EPI_ACTION_DETECTAV">Provjera mogućih aplikacija koje su u sukobu...</string>
	<string name="IDS_EPI_ACTION_PACKAGECACHE">Dovršavanje izvanmrežnog paketa...</string>
	<string name="IDS_EPI_ACTION_CLEANUP_FOLDERS">Brisanje mapa...</string>
	<string name="IDS_EPI_ACTION_TROUBLESHOOTING">Otklanjanje poteškoća u tijeku, moglo bi potrajati nekoliko trenutaka...</string>

	<string name="IDS_EPI_HOME_TITLE_EAV">Instalacija programa ${bts.package.[0].name}</string>
	<string name="IDS_EPI_HOME_TEXT_EAV">Uživajte u korištenju računalom u radu, igri ili prilikom povezivanja – zaštićeni programima tvrtke ESET.</string>
	<string name="IDS_EPI_HOME_TITLE_ESS">Instalacija programa ${bts.package.[0].name}</string>
	<string name="IDS_EPI_HOME_TEXT_ESS">Uživajte u korištenju računalom u radu, igri ili prilikom povezivanja – zaštićeni programima tvrtke ESET.</string>
	<string name="IDS_EPI_HOME_TITLE_EIS">Instalacija programa ${bts.package.[0].name}</string>
	<string name="IDS_EPI_HOME_TEXT_EIS">Uživajte u korištenju računalom u radu, igri ili prilikom povezivanja – zaštićeni programima tvrtke ESET.</string>
	<string name="IDS_EPI_HOME_TITLE_ESSP">Instalacija programa ${bts.package.[0].name}</string>
	<string name="IDS_EPI_HOME_TEXT_ESSP">Uživajte u korištenju računalom u radu, igri ili prilikom povezivanja – zaštićeni programima tvrtke ESET.</string>
	<string name="IDS_EPI_HOME_TITLE_EHS">Instalacija programa ${bts.package.[0].name}</string>
	<string name="IDS_EPI_HOME_TEXT_EHS">Uživajte u korištenju računalom u radu, igri ili prilikom povezivanja – zaštićeni programima tvrtke ESET.</string>
	<string name="IDS_EPI_HOME_TITLE_EEA">Instalacija programa ${bts.package.[0].name}</string>
	<string name="IDS_EPI_HOME_SUBTITLE_EEA">Napredna osnovna zaštita za vaše poslovanje</string>
	<string name="IDS_EPI_HOME_TEXT_EEA">${bts.package.[0].name}, s nagrađivanom tehnologijom za otkrivanje ESET NOD32®, pruža vašem poslovanju jednostavnu, naprednu osnovnu zaštitu, proširenu našim sustavom reputacije na temelju cloud tehnologije. Upravljajte svime bez napora na našoj preuređenoj i praktičnoj web-konzoli programa ESET PROTECT.</string>
	<string name="IDS_EPI_HOME_TITLE_EES">Instalacija programa ${bts.package.[0].name}</string>
	<string name="IDS_EPI_HOME_SUBTITLE_EES">Napredni zaštitni paket sa svim funkcijama</string>
	<string name="IDS_EPI_HOME_TEXT_EES">${bts.package.[0].name} vaš je napredni zaštitni paket sa svim funkcijama koji vam pruža sveobuhvatnu, višeslojnu zaštitu od svih vrsta zlonamjernog softvera. Ne zahtijeva velike tehničke resurse, a nudi podršku i nadzor za virtualizaciju s potpuno novom web-konzolom programa ESET PROTECT.</string>

	<string name="IDS_EPI_HOME_TITLE_MULTI">Instaliraj komponente</string>
	<string name="IDS_EPI_INFO_TITLE_ERAA">Ovim računalom upravljat će ESET PROTECT</string>
	<string name="IDS_EPI_BUNDLE_TITLE">Instalacijski program sadrži sljedeće komponente</string>

	<string name="IDS_EPI_HOME_AVREMOVER_CHECK">Želim deinstalirati nekompatibilne sigurnosne programe.</string>
	<string name="IDS_EPI_HOME_NEW_VERSION_TEXT">Novija verzija programa dostupna je na mreži i može se automatski preuzeti i instalirati umjesto uključene verzije.</string>
	<string name="IDS_EPI_HOME_NEW_VERSION_CHECKBOX">Instaliraj noviju verziju</string>

<string name="IDS_EPI_HOME_NEED_HELP">Potrebna vam je pomoć s instalacijom?</string>
	<string name="IDS_EPI_HOME_OPEN_INSTRUCTIONS">Otvori upute za instalaciju</string>
	<string name="IDS_EPI_HOME_OPEN_GUIDE">Otvori vodič za korisnike</string>

	<string name="IDS_EPI_LOCK_PASSWORD_TITLE">Postavke za ESET Security zaštićene su lozinkom</string>
	<string name="IDS_EPI_LOCK_PASSWORD_SUBTITLE">Unesite ispravnu lozinku za nastavak.</string>
	<string name="IDS_EPI_LOCK_PASSWORD_TEXT">Lozinka</string>
	<string name="IDS_EPI_LOCK_PASSWORD_ERROR">Lozinka nije točna. U naprednom podešavanju programa&lt;br/&gt;možete vratiti lozinku.</string>

	<string name="IDS_EPI_EULA_SINGLE_TITLE">Licenčni ugovor za krajnjeg korisnika</string>
	<string name="IDS_EPI_EULA_SAVEAS_FILTER">Tekstualne datoteke (*.txt)|*.txt|HTML datoteke (*.html,*.htm)|*.html;*.htm||</string>
	<string name="IDS_EPI_EULA_BUTTON_ACCEPT">Prihvaćam</string>
	<string name="IDS_EPI_EULA_BUTTON_DECLINE">Ne prihvaćam</string>
	<string name="IDS_EPI_EULA_DECLINE">Ako odbijete Licenčni ugovor za krajnjeg korisnika, instalacijski program će se zatvoriti. Jeste li sigurni da želite to učiniti?</string>

	<string name="IDS_EPI_DETECTAV_TITLE">Skeniranje za antivirusne aplikacije</string>
	<string name="IDS_EPI_DETECTAV_TEXT01">Pronađeni su drugi sigurnosni programi</string>
	<string name="IDS_EPI_DETECTAV_TEXT02">Pokretanje dvaju sigurnosnih rješenja u isto vrijeme može dovesti do nestabilnosti. Riješite ovaj problem tako da deinstalirate nekompatibilni sigurnosni softver u vašem sustavu.</string>
	<string name="IDS_EPI_DETECTAV_UNINSTALL">Deinstalacija drugog antivirusnog softvera</string>

	<string name="IDS_EPI_PACKAGECACHE_TITLE">Prethodno preuzmi komponente</string>
	<string name="IDS_EPI_PACKAGECACHE_TEXT">Prethodno preuzmite komponente koje su uključene u ovaj paket instalacijskog programa (internetski instalacijski program) kako biste ubrzali proces instalacije kada imate ograničenu internetsku vezu.</string>
	<string name="IDS_EPI_PACKAGECACHE_HOW01">&lt;b&gt;Kliknite gumb za preuzimanje&lt;/b&gt; i datoteka %1 stvorit će se, preuzeti i spremiti na vaše računalo.</string>
	<string name="IDS_EPI_PACKAGECACHE_HOW02">&lt;b&gt;Kopirajte datoteke %1 i %2 u istu mapu.&lt;/b&gt; Možete upotrebljavati zajednički mrežni prostor ili USB pogon.</string>
	<string name="IDS_EPI_PACKAGECACHE_HOW03">&lt;b&gt;Pokrenite datoteku %2 a bilo kojem računalu iz zajedničke mape ili USB pogona.&lt;/b&gt; Datoteka %2 potrebljavat će prethodno preuzete komponente bez njihovog ponovnog preuzimanja.</string>

	<string name="IDS_EPI_DOWNLOAD_PACKAGE_SINGLE">Preuzimanje...</string>
	<string name="IDS_EPI_DOWNLOAD_PACKAGE_MULTI">Preuzimanje %1...</string>

	<string name="IDS_EPI_CFG_LGF_CAPTION_CONSUMER">Što više to bolje. Odaberite maksimalnu razinu zaštite.</string>
	<string name="IDS_EPI_CFG_LGF_TEXT_CONSUMER">Sustav za povratne informacije programa ESET LiveGrid® omogućuje prikupljanje informacija o sumnjivim objektima koje automatski obrađujemo kako bismo stvorili mehanizme za otkrivanje u našem cloud sustavu. Zatim te informacije odmah primjenjujemo kako bismo osigurali da naši korisnici imaju maksimalnu razinu zaštite.</string>
	<string name="IDS_EPI_CFG_LGF_CAPTION_BUSINESS">Zaštitite se našom sve naprednijom zaštitom.</string>
	<string name="IDS_EPI_CFG_LGF_TEXT_BUSINESS">Sustav za povratne informacije programa ESET LiveGrid® upotrebljava više od 100 milijuna senzora diljem svijeta koji nam omogućuju prikupljanje informacija o sumnjivim objektima, koje automatski obrađujemo kako bismo stvorili mehanizme za otkrivanje s našim sustavom reputacije na temelju cloud tehnologije. Zatim te informacije odmah primjenjujemo kako bismo vam osigurali maksimalnu razinu zaštite.</string>
	<string name="IDS_EPI_CFG_LGF_ENABLE">Aktiviraj sustav za povratne informacije programa ESET LiveGrid® (preporučeno)</string>
	<string name="IDS_EPI_CFG_LGF_DISABLE">Deaktiviraj sustav za povratne informacije programa ESET LiveGrid®</string>

	<string name="IDS_EPI_CFG_PUA_CAPTION">Otkrivanje potencijalno neželjenih aplikacija</string>
	<string name="IDS_EPI_CFG_PUA_TEXT">ESET može otkriti &lt;a {{IDS_HELP_PUA_LINK}}&gt;potencijalno neželjene aplikacije&lt;/a&gt; i zatražiti pristanak prije nego što se instaliraju. Potencijalno neželjene aplikacije možda ne predstavljaju sigurnosni rizik, ali mogu utjecati na performanse računala, njegovu brzinu i pouzdanost ili pak uzrokovati promjene u uobičajenom radu. Obično se prije njihove instalacije traži pristanak korisnika.</string>
	<string name="IDS_EPI_CFG_PUA_ENABLE">Aktiviraj otkrivanje potencijalno neželjenih aplikacija</string>
	<string name="IDS_EPI_CFG_PUA_DISABLE">Deaktiviraj otkrivanje potencijalno neželjenih aplikacija</string>

	<string name="IDS_EPI_CFG_CEIP_CAPTION">Sudjelujte u programu za poboljšanje iskustva korisnika</string>
	<string name="IDS_EPI_CFG_CEIP_TEXT">Željeli bismo prikupljati anonimne podatke o načinu na koji se ovaj program upotrebljava. Prikupljeni podaci pomoći će nam u poboljšanju vašeg iskustva i nikada ih nećemo dijeliti s trećim stranama. &lt;a type="command" href="gui.ceip.show"&gt;Koje podatke prikupljamo?&lt;/a&gt;</string>
	<string name="IDS_EPI_CFG_CEIP_YES">Da, želim sudjelovati u programu (preporučeno)</string>
	<string name="IDS_EPI_CFG_CEIP_NO">Ne, ne želim sudjelovati u programu</string>

	<string name="IDS_EPI_CFG_EULA_CAPTION">Licenčni ugovor za krajnjeg korisnika</string>
	<string name="IDS_EPI_CFG_EULA_DESCRIPTION">Klikom bilo kojeg gumba "Nastavi" u nastavku prihvaćate &lt;a {{IDS_LINK_SHOW_EULA}}&gt;Licenčni ugovor za krajnjeg korisnika&lt;/a&gt; i pristajete na &lt;a {{IDS_LINK_SHOW_PRIVACY_POLICY}}&gt;Pravila privatnosti.&lt;/a&gt;</string>
	<string name="IDS_EPI_CFG_EULA_MSGBOX_OK">U redu</string>
	<string name="IDS_EPI_CFG_EULA_MSGBOX_NOT_AGREE">Ne pristajem</string>
	<string name="IDS_EPI_CFG_EULA_MSGBOX_SAVE">Spremi</string>

	<string name="IDS_EPI_CFG_BUTTON_ADVANCED">Promijeni mapu za instalaciju</string>
	<string name="IDS_EPI_CFG_FOLDERS_INSTALL">Mapa programa:</string>
	<string name="IDS_EPI_CFG_FOLDERS_DATA">Podatkovna mapa:</string>
	<string name="IDS_EPI_CFG_FOLDERS_MODULE">Mapa modula:</string>
	<string name="IDS_EPI_CFG_FOLDERS_VALIDATOR_INVALID">Odabrana je neispravna mapa.</string>

	<string name="IDS_EPI_CFG_ALREADY_CONFIGURED">Postavke instalacije već su konfigurirane.</string>

	<string name="IDS_EPI_NONEMPTY_FOLDER_WARNING_TITLE">Mapa za instalaciju mora biti prazna</string>
	<string name="IDS_EPI_NONEMPTY_FOLDER_WARNING_MESSAGE_SINGULAR">Postojeća mapa obrisat će se kako bi se instalacija nastavila:</string>
	<string name="IDS_EPI_NONEMPTY_FOLDER_WARNING_MESSAGE_PLURAL">Postojeće mape obrisat će se kako bi se instalacija nastavila:</string>
	<string name="IDS_EPI_NONEMPTY_FOLDER_QUESTION">&lt;b&gt;Prihvaćate li brisanje mapa i nastavak instalacije?&lt;/b&gt;</string>

	<string name="IDS_EPI_DISKSPACE_TITLE">Ponestalo je diskovnog prostora</string>
	<string name="IDS_EPI_DISKSPACE_TEXT01">Nemate više diskovnog prostora. Na označenim jedinicama nema dovoljno slobodnog prostora za instalaciju. Provjerite slobodan diskovni prostor i pokušajte ponovno.</string>
	<string name="IDS_EPI_DISKSPACE_HEADER01">Pogon</string>
	<string name="IDS_EPI_DISKSPACE_HEADER02">Kapacitet</string>
	<string name="IDS_EPI_DISKSPACE_HEADER03">Slobodan prostor</string>
	<string name="IDS_EPI_DISKSPACE_HEADER04">Potreban prostor</string>

	<string name="IDS_EPI_INSTALL_PACKAGE_SINGLE">Instalacija...</string>
	<string name="IDS_EPI_INSTALL_PACKAGE_MULTI">Instalacija %1...</string>

	<string name="IDS_EPI_DONE_TITLE">Instalacija uspješna</string>
	<string name="IDS_EPI_DONE_TEXT01">Program ${bts.package.[${bts.var.package.default}].name} uspješno je instaliran na vaše računalo. Vaše računalo redovito će se provjeravati radi otkrivanja virusa i zlonamjernih programa. &lt;br/&gt; &lt;br/&gt; Hvala vam što ste odabrali ESET! &lt;br/&gt; &lt;br/&gt; &lt;br/&gt; Kliknite &lt;i&gt;Gotovo&lt;/i&gt; da biste dovršili instalaciju programa.</string>
	<string name="IDS_EPI_DONE_TEXT01_EPI">Svi su paketi uspješno instalirani na vaše računalo. &lt;br/&gt; &lt;br/&gt; Kliknite &lt;i&gt;Gotovo&lt;/i&gt; da biste dovršili podešavanje programa.</string>
		<string name="IDS_EPI_DONE_PACKAGECACHE_CAPTION">Datoteke %1 i %2 moraju se nalaziti u istoj mapi pri pokretanju.</string>
	<string name="IDS_EPI_DONE_PACKAGECACHE_DESCRIPTION">Datoteka %1 reuzeta je i spremljena u mapu:&lt;br/&gt;.</string>

	<string name="IDS_EPI_FAIL_FAILED_TITLE">Instalacija nije uspjela</string>
	<string name="IDS_EPI_FAIL_FINISH_TITLE">Instalacija je završena</string>
	<string name="IDS_EPI_FAIL_KNOWLEDGEBASE">Potražite rješenje u ESET-ovoj bazi znanja.</string>
	<string name="IDS_EPI_FAIL_TROUBLESHOOT">Pokreni alat za otklanjanje poteškoća</string>
	<string name="IDS_EPI_FAIL_TS_LINK">Obratite se ESET-ovoj tehničkoj podršci</string>
	<string name="IDS_EPI_FAIL_RESTART">Ponovno pokreni računalo</string>

	<string name="IDS_EPI_FAIL_TITLE_OS">Zastarjela verzija operacijskog sustava Microsoft Windows</string>
	<string name="IDS_EPI_FAIL_TEXT_OS_OUTDATED">ESET Security ne podržava vašu zastarjelu verziju operacijskog sustava Microsoft Windows. Kliknite Zatvori da biste izašli iz instalacije.</string>
	<string name="IDS_EPI_FAIL_TEXT_OS_NOT_SUPPORTED">Vaša verzija operacijskog sustava Microsoft Windows zastarjela je i više ne podržava ovaj program. &lt;a {{IDS_LINK_PRODUCT_OPTIONS}}&gt;Pogledajte opcije&lt;/a&gt;</string>
	<string name="IDS_EPI_FAIL_TEXT_OS_NOT_SUPPORTED_BUSINESS">Vaša verzija operacijskog sustava Microsoft Windows zastarjela je i više ne podržava ovaj program.</string>

	<string name="IDS_EPI_FAIL_TITLE_EULA_REJECTED">Licenčni ugovor za krajnjeg korisnika</string>
	<string name="IDS_EPI_FAIL_TEXT_EULA_REJECTED">Niste prihvatili Licenčni ugovor za krajnjeg korisnika.</string>

	<string name="IDS_EPI_FAIL_TITLE_CONNECTION">Pogreška s vezom</string>
	<string name="IDS_EPI_FAIL_TEXT_CONNECTION">Čini se da vaša internetska veza ne funkcionira. Nije moguće instalirati program. &lt;a {{IDS_LINK_INTERNET_SETTINGS}}&gt;Provjerite internetsku vezu&lt;/a&gt; i ponovno pokušajte s instalacijom.&lt;br/&gt;&lt;br/&gt;Upotrebljavate li proxy server? Promijenite postavke proxy servera i pokušajte ponovno.</string>
	<string name="IDS_EPI_FAIL_TEXT_CONNECTION_EPI">Čini se da vaša internetska veza ne funkcionira. Nije moguće instalirati pakete. &lt;a {{IDS_LINK_INTERNET_SETTINGS}}&gt;Provjerite internetsku vezu&lt;/a&gt; i ponovno pokušajte s instalacijom.&lt;br/&gt;&lt;br/&gt;Upotrebljavate li proxy server? Promijenite postavke proxy servera i pokušajte ponovno.</string>

	<string name="IDS_EPI_FAIL_TITLE_DOWNLOAD_ERROR">Pogreška u preuzimanju</string>
	<string name="IDS_EPI_FAIL_TEXT_DOWNLOAD_ERROR">Došlo je do pogreške tijekom preuzimanja podataka sa servera. Pregledajte postavke svoje mrežne veze i pokušajte ponovno.&lt;br/&gt;&lt;br/&gt;Ako još uvijek imate poteškoća, posjetite &lt;a {{IDS_LINK_OFFLINE_INSTALLER}}&gt;www.eset.com&lt;/a&gt; da biste preuzeli izvanmrežni instalacijski program.</string>
	<string name="IDS_EPI_FAIL_TEXT_DOWNLOAD_ERROR_EPI">Došlo je do pogreške tijekom preuzimanja podataka sa servera. Pregledajte postavke svoje mrežne veze i pokušajte ponovno.</string>

	<string name="IDS_EPI_FAIL_TITLE_INVALID_SERVER_RESPONSE">Nevaljani odgovor</string>
	<string name="IDS_EPI_FAIL_TEXT_INVALID_SERVER_RESPONSE">Primljen nevaljani odgovor sa servera.</string>

	<string name="IDS_EPI_FAIL_TITLE_INVALID_INSTALLER">Neispravan instalacijski program</string>
	<string name="IDS_EPI_FAIL_TEXT_INVALID_INSTALLER">Ovaj instalacijski program više nije ispravan i potrebno ga je zamijeniti. Preuzmite novi instalacijski program da biste instalirali ovaj program.</string>
	<string name="IDS_EPI_FAIL_TEXT_INVALID_INSTALLER_EPI">Ovaj instalacijski program više nije ispravan i potrebno ga je zamijeniti. Generirajte novi instalacijski program ili se obratite administratoru da biste instalirali ovaj program.</string>

	<string name="IDS_EPI_FAIL_TITLE_VERSIONCHECK_NO_PACKAGES">Nije pronađen kompatibilan paket</string>
	<string name="IDS_EPI_FAIL_TEXT_VERSIONCHECK_NO_PACKAGES">Na serveru nema dostupnih kompatibilnih instalacijskih paketa. Posjetite &lt;a {{IDS_LINK_OFFLINE_INSTALLER}}&gt;www.eset.com&lt;/a&gt; da biste preuzeli izvanmrežni instalacijski program.</string>
	<string name="IDS_EPI_FAIL_TEXT_VERSIONCHECK_NO_PACKAGES_EPI">Ovaj instalacijski program više nije ispravan i potrebno ga je zamijeniti. Generirajte novi instalacijski program ili se obratite administratoru da biste instalirali ovaj program.</string>

	<string name="IDS_EPI_FAIL_TITLE_INCOMPATIBLE_OS">Nekompatibilan operacijski sustav</string>
	<string name="IDS_EPI_FAIL_TEXT_INCOMPATIBLE_OS">Program ${bts.package.[${bts.var.package.current}].name} nije namijenjen za vaš operacijski sustav. Preuzmite i instalirajte program sa stranice &lt;a {{IDS_LINK_OFFLINE_INSTALLER}}&gt;www.eset.com&lt;/a&gt;.</string>
	<string name="IDS_EPI_FAIL_TEXT_INCOMPATIBLE_OS_EPI">Paket ${bts.package.[${bts.var.package.current}].name} nije namijenjen za vaš operacijski sustav.</string>

	<string name="IDS_EPI_FAIL_TITLE_INCOMPATIBLE_PACKAGE_X32">Nekompatibilan paket</string>
	<string name="IDS_EPI_FAIL_TEXT_INCOMPATIBLE_PACKAGE_X32">Ovaj instalacijski paket namijenjen je 32-bitnim operacijskim sustavima. Upotrijebite instalacijski paket za 64-bitne operacijske sustave.</string>

	<string name="IDS_EPI_FAIL_TITLE_INCOMPATIBLE_PACKAGE_X64">Nekompatibilan paket</string>
	<string name="IDS_EPI_FAIL_TEXT_INCOMPATIBLE_PACKAGE_X64">Ovaj instalacijski paket namijenjen je 64-bitnim operacijskim sustavima. Upotrijebite instalacijski paket za 32-bitne operacijske sustave.</string>

	<string name="IDS_EPI_FAIL_TITLE_INCOMPATIBLE_PRODUCT_INSTALLED">Instaliran je nekompatibilan program</string>
	<string name="IDS_EPI_FAIL_TEXT_INCOMPATIBLE_PRODUCT_INSTALLED">Nekompatibilan program {PRODUCT} već je instaliran. Ručno ga deinstalirajte i ponovno pokrenite instalaciju.</string>

	<string name="IDS_EPI_FAIL_TITLE_NEWER_VERSION_NOT_AVAILABLE">Najnovija verzija već je instalirana</string>
	<string name="IDS_EPI_FAIL_TEXT_NEWER_VERSION_NOT_AVAILABLE">Najnovija verzija programa ${bts.package.[${bts.var.package.default}].name} je već instalirana na ovom računalu.</string>

	<string name="IDS_EPI_FAIL_TITLE_REFERRAL">Nije moguće instalirati program</string>
	<string name="IDS_EPI_FAIL_TEXT_REFERRAL">Nije moguće instalirati program jer je drugi ESET-ov program već instaliran na ovom uređaju.</string>
	<string name="IDS_EPI_FAIL_TEXT_REFERRAL_UPGRADE">Vaša je postojeća verzija ESET-a zastarjela i više ne jamči najbolju zaštitu.&lt;br/&gt;&lt;b&gt;Poboljšajte zaštitu sigurnosti BESPLATNOM nadogradnjom na najnoviju verziju.&lt;/b&gt;</string>

	<string name="IDS_EPI_FAIL_TITLE_PACKAGE_NOT_FOUND">Paket nije nađen</string>
	<string name="IDS_EPI_FAIL_TEXT_PACKAGE_NOT_FOUND">Instalacijski paket za {PRODUCT} nije pronađen.</string>

	<string name="IDS_EPI_FAIL_TITLE_PACKAGE_CORRUPTED">Paket je oštećen</string>
	<string name="IDS_EPI_FAIL_TEXT_PACKAGE_CORRUPTED">Instalacijski paket za {PRODUCT} je oštećen.</string>

	<string name="IDS_EPI_FAIL_TITLE_INSTALL_OUT_OF_SPACE">Ponestalo je diskovnog prostora</string>
	<string name="IDS_EPI_FAIL_TEXT_INSTALL_OUT_OF_SPACE">Nema dovoljno diskovnog prostora za dovršetak instalacije paketa ${bts.package.[${bts.var.package.default}].name}.&lt;br/&gt;&lt;br/&gt;Osigurajte barem %u MB slobodnog prostora i pokušajte ponovno.</string>
	<string name="IDS_EPI_FAIL_TEXT_INSTALL_OUT_OF_SPACE_EPI">Nema dovoljno diskovnog prostora za dovršetak instalacije svih paketa.&lt;br/&gt;&lt;br/&gt;Osigurajte barem %u MB slobodnog prostora i pokušajte ponovno.</string>

	<string name="IDS_EPI_FAIL_TITLE_SETUP">Instalacija nije uspješno završena</string>
	<string name="IDS_EPI_FAIL_TEXT_SETUP">Instalacija programa ${bts.package.[${bts.var.package.current}].name} nije uspješno završena. Sustav možda neće biti zaštićen od računalnih prijetnji. Da biste instalirali ${bts.package.[${bts.var.package.current}].name} na svoje računalo, ponovno pokrenite instalaciju.</string>
	<string name="IDS_EPI_FAIL_TEXT_SETUP_TROUBLESHOOT">Došlo je do problema prilikom instalacije ESET-ovog programa na vaš uređaj. Preporučujemo da pokrenete alat za otklanjanje poteškoća. Ako je moguće, alat za otklanjanje poteškoća riješit će problem.</string>
	<string name="IDS_EPI_FAIL_TEXT_SETUP_EPI">Instalacija paketa ${bts.package.[${bts.var.package.current}].name} nije uspješno dovršena. Sustav možda neće biti zaštićen od računalnih prijetnji. Da biste instalirali sve pakete na računalo, ponovno pokrenite instalaciju.</string>
	<string name="IDS_EPI_FAIL_TEXT_SETUP_ERROR_CODE">Kôd pogreške: %s</string>

	<string name="IDS_EPI_FAIL_TITLE_ABORT">Instalaciju je prekinuo korisnik</string>
	<string name="IDS_EPI_FAIL_TEXT_ABORT">Instalaciju programa ${bts.package.[${bts.var.package.default}].name} prekinuo je korisnik. Da biste instalirali program ${bts.package.[${bts.var.package.default}].name} na svoje računalo, ponovno pokrenite instalaciju.</string>
	<string name="IDS_EPI_FAIL_TEXT_ABORT_EPI">Korisnik je prekinuo instalaciju. Da biste instalirali sve pakete na računalo, ponovno pokrenite instalaciju.</string>

	<string name="IDS_EPI_FAIL_TITLE_INTERNAL_ERROR">Interna pogreška</string>
	<string name="IDS_EPI_FAIL_TEXT_INTERNAL_ERROR">Došlo je do interne pogreške. Pokušajte ponovno pokrenuti instalaciju.</string>

	<string name="IDS_EPI_TROUBLESHOOT_FINISH_TITLE">Dovršen je rad alata za otklanjanje poteškoća</string>
	<string name="IDS_EPI_TROUBLESHOOT_SUCCESS_TITLE">Poteškoće su otklonjene</string>
	<string name="IDS_EPI_TROUBLESHOOT_FAILED_TITLE">Poteškoće nisu otklonjene</string>
	<string name="IDS_EPI_TROUBLESHOOT_TEXT">&lt;b&gt;Preporučujemo da zatvorite ovaj prozor i ponovno pokrenete računalo. Nakon ponovnog pokretanja opet pokrenite ovaj instalacijski program.&lt;/b&gt;</string>
	<string name="IDS_EPI_TROUBLESHOOT_REBOOT_TEXT">&lt;b&gt;Potrebno je ponovno pokrenuti računalo za dovršetak otklanjanja poteškoća. Zatvorite ovaj prozor i ponovno pokrenite računalo. Nakon ponovnog pokretanja opet pokrenite ovaj instalacijski program.&lt;/b&gt;</string>
	<string name="IDS_EPI_TROUBLESHOOT_CONTACT_TEXT">Ako se pogreška ne otkloni, obratite se administratoru sustava ili &lt;a {{IDS_LINK_SUPPORT}}&gt;ESET-ovoj tehničkoj podršci.&lt;/a&gt;</string>

	<string name="IDS_EPI_CFG_SIMPLE_CAPTION">Postavke zaštite i instalacije</string>
	<string name="IDS_EPI_CFG_RECOMMENDED_CAPTION">Preporučeno</string>
	<string name="IDS_EPI_CFG_SIMPLE_PUA_CAPTION">Aktiviraj otkrivanje potencijalno neželjenih aplikacija</string>
	<string name="IDS_EPI_CFG_SIMPLE_CEIP_CAPTION">Sudjelujte u Programu za poboljšanje iskustva korisnika &lt;br/&gt; &lt;a type="command" href="gui.ceip.show"&gt; Koje podatke prikupljamo?&lt;/a&gt;</string>
	<string name="IDS_EPI_CFG_SIMPLE_LGF_CAPTION">Aktiviraj sustav za povratne informacije programa ESET LiveGrid®</string>
	<string name="IDS_EPI_CFG_SIMPLE_CEIP_TEXT">Željeli bismo prikupljati anonimne podatke o načinu na koji se ovaj program upotrebljava. Prikupljeni podaci pomoći će nam u poboljšanju vašeg iskustva i nikada ih nećemo dijeliti s trećim stranama.</string>
	<string name="IDS_EPI_CFG_SIMPLE_CONTINUE">Nastavi</string>
	<string name="IDS_EPI_CFG_SIMPLE_ALL_CONTINUE">Dopusti sve i nastavi</string>

	<string name="IDS_EPI_BANNER_CAPTION1">Priprema za instalaciju</string>
	<string name="IDS_EPI_BANNER_DESCRIPTION1">Pričekajte dok se instalacijski paket ne preuzme.</string>

	<string name="IDS_EPI_BANNER_CAPTION2">Instalacija u tijeku</string>
	<string name="IDS_EPI_BANNER_DESCRIPTION2">Skoro ste gotovi! Pričekajte dok se instalacija ne završi.</string>

	<string name="IDS_EPI_BANNER_CAPTION3">Nenadmašne performanse</string>
	<string name="IDS_EPI_BANNER_DESCRIPTION3">ESET-ova složena tehnologija koristi podatke prikupljene s 100 milijuna računala širom svijeta kako bi Vam pružila najvišu razinu zaštite uz najniže opterećenje sistema.</string>

	<string name="IDS_EPI_BANNER_CAPTION4">Hvala vam što ste odabrali ESET!</string>
	<string name="IDS_EPI_BANNER_DESCRIPTION4">ESET NOD32® tehnologija drži svjetski rekord u ukupnom broju i neprekinutom nizu VB100 nagrada.</string>

	<string name="IDS_EPI_BANNER_CAPTION5">Jednostavna, centralizirana kontrola Vaše IT sigurnosti</string>
	<string name="IDS_EPI_BANNER_DESCRIPTION5">Bez obzira na to upotrebljavate li cloud ili lokalnu konzolu za upravljanje sigurnošću, dobit ćete kontroler s jednim oknom za poboljšano upravljanje ESET-ovim sigurnosnim programima, bilo gdje i bilo kada.</string>


</resources>
