﻿<?xml version="1.0" encoding="utf-8" ?>
<resources langname="Қазақша (Kazakh)" lcid="043f">

	<string name="IDS_EPI_INSTALL_STEP">Қош келдіңіз|Лицензиялық келісім|AV Remover|Орнату|Аяқтау</string>

	<string name="IDS_EPI_ACTION_INIT">Баптандырылуда...</string>
	<string name="IDS_EPI_ACTION_EULA">Соңғы пайдаланушының лицензиялық келісімдері жүктеп алынуда...</string>
	<string name="IDS_EPI_ACTION_DUMP">Орнату жиынтығы дайындалуда...</string>
	<string name="IDS_EPI_ACTION_CALC">Қол жетімді бос орын есептелуде...</string>
	<string name="IDS_EPI_ACTION_DETECTAV">Ықтимал қайшылықтары бар бағдарламалардың бар-жоғы тексерілуде...</string>
	<string name="IDS_EPI_ACTION_PACKAGECACHE">Дербес бума аяқталуда ...</string>
	<string name="IDS_EPI_ACTION_CLEANUP_FOLDERS">Қалталар жойылуда...</string>
	<string name="IDS_EPI_ACTION_TROUBLESHOOTING">Ақаулықтар жойылуда, бұл бірнеше минут алуы мүмкін...</string>

	<string name="IDS_EPI_HOME_TITLE_EAV">${bts.package.[0].name} орнату</string>
	<string name="IDS_EPI_HOME_TEXT_EAV">ESET қорғап тұрып, жұмыс істегенде, ойнағанда және байланыс орнатқанда компьютерді пайдаланудан ләззат алыңыз.</string>
	<string name="IDS_EPI_HOME_TITLE_ESS">${bts.package.[0].name} орнату</string>
	<string name="IDS_EPI_HOME_TEXT_ESS">ESET қорғап тұрып, жұмыс істегенде, ойнағанда және байланыс орнатқанда компьютерді пайдаланудан ләззат алыңыз.</string>
	<string name="IDS_EPI_HOME_TITLE_EIS">${bts.package.[0].name} орнату</string>
	<string name="IDS_EPI_HOME_TEXT_EIS">ESET қорғап тұрып, жұмыс істегенде, ойнағанда және байланыс орнатқанда компьютерді пайдаланудан ләззат алыңыз.</string>
	<string name="IDS_EPI_HOME_TITLE_ESSP">${bts.package.[0].name} орнату</string>
	<string name="IDS_EPI_HOME_TEXT_ESSP">ESET қорғап тұрып, жұмыс істегенде, ойнағанда және байланыс орнатқанда компьютерді пайдаланудан ләззат алыңыз.</string>
	<string name="IDS_EPI_HOME_TITLE_EHS">${bts.package.[0].name} орнату</string>
	<string name="IDS_EPI_HOME_TEXT_EHS">ESET қорғап тұрып, жұмыс істегенде, ойнағанда және байланыс орнатқанда компьютерді пайдаланудан ләззат алыңыз.</string>
	<string name="IDS_EPI_HOME_TITLE_EEA">${bts.package.[0].name} орнату</string>
	<string name="IDS_EPI_HOME_SUBTITLE_EEA">Бизнесіңізге арналған кеңейтілген негізгі қорғау</string>
	<string name="IDS_EPI_HOME_TEXT_EEA">Жүлде ұтқан ESET NOD32® анықтау технологиясы бар ${bts.package.[0].name} бизнесіңізге бұлттық репутация жүйесімен толықтырылған, жеңіл, озық негізгі қорғауды қамтамасыз етеді. Толығымен қайта жасақталған, түсінікті ESET PROTECT веб-консолі арқылы оны оңай басқарыңыз.</string>
	<string name="IDS_EPI_HOME_TITLE_EES">${bts.package.[0].name} орнату</string>
	<string name="IDS_EPI_HOME_SUBTITLE_EES">Мүмкіндіктері толық, кеңейтілген қауіпсіздік бумасы</string>
	<string name="IDS_EPI_HOME_TEXT_EES">${bts.package.[0].name} — зиянкес бағдарламалардың барлық түрлерінен толық, көп қабатты қорғауды қамтамасыз ететін, мүмкіндіктері толық, кеңейтілген қауіпсіздік бумасы. Мүлде жаңа ESET PROTECT веб-консолі арқылы жүйеге қойылатын төмен талаптарды, виртуализацияны қолдауды және бақылауды пайдаланыңыз.</string>

	<string name="IDS_EPI_HOME_TITLE_MULTI">Құрамдастарды орнату</string>
	<string name="IDS_EPI_INFO_TITLE_ERAA">Бұл компьютерді ESET PROTECT басқарады</string>
	<string name="IDS_EPI_BUNDLE_TITLE">Бұл орнатушыға келесі құрамдастар қосылған</string>

	<string name="IDS_EPI_HOME_AVREMOVER_CHECK">Үйлесімді емес қауіпсіздік өнімдерін жойғым келеді</string>
	<string name="IDS_EPI_HOME_NEW_VERSION_TEXT">Осы өнімнің жаңарақ нұсқасы онлайн қол жетімді және автоматты түрде жүктеліп, қамтылғанның орнына орнатылады.</string>
	<string name="IDS_EPI_HOME_NEW_VERSION_CHECKBOX">Жаңарақ нұсқаны орнату</string>

<string name="IDS_EPI_HOME_NEED_HELP">Орнату бойынша анықтама қажет пе?</string>
	<string name="IDS_EPI_HOME_OPEN_INSTRUCTIONS">Орнату нұсқауларын ашу</string>
	<string name="IDS_EPI_HOME_OPEN_GUIDE">Пайдаланушы нұсқаулығын ашу</string>

	<string name="IDS_EPI_LOCK_PASSWORD_TITLE">ESET Security параметрлері құпия сөзбен қорғалған</string>
	<string name="IDS_EPI_LOCK_PASSWORD_SUBTITLE">Жалғастыру үшін жарамды құпия сөзді енгізіңіз.</string>
	<string name="IDS_EPI_LOCK_PASSWORD_TEXT">Құпия сөз</string>
	<string name="IDS_EPI_LOCK_PASSWORD_ERROR">Құпия сөз дұрыс емес. Құпия сөзді&lt;br/&gt;өнімнің Кеңейтілген орнату опциясы ішінде қалпына келтіруге болады.</string>

	<string name="IDS_EPI_EULA_SINGLE_TITLE">Соңғы пайдаланушының лицензиялық келісімі</string>
	<string name="IDS_EPI_EULA_SAVEAS_FILTER">Мәтін (*.txt)|*.txt|HTML (*.html,*.htm)|*.html;*.htm||</string>
	<string name="IDS_EPI_EULA_BUTTON_ACCEPT">Қабылдаймын</string>
	<string name="IDS_EPI_EULA_BUTTON_DECLINE">Қабылдамаймын</string>
	<string name="IDS_EPI_EULA_DECLINE">Соңғы пайдаланушының лицензиялық келісімін қабылдамаған кезде орнатқыш жабылады. Бұл әрекетті орындау керек пе?</string>

	<string name="IDS_EPI_DETECTAV_TITLE">Қарап шығу орындалуда</string>
	<string name="IDS_EPI_DETECTAV_TEXT01">Басқа қауіпсіздік өнімдері табылды</string>
	<string name="IDS_EPI_DETECTAV_TEXT02">Бір уақытта екі қауіпсіздік шешімін іске қосу тұрақсыздықты туындатуы мүмкін. Бұл мәселені шешу үшін жүйездегі қайшылық туындатудағы қауіпсіздік бағдарламалық құралын жойыңыз.</string>
	<string name="IDS_EPI_DETECTAV_UNINSTALL">Басқа антивирустық бағдарламаны жою әдісі</string>

	<string name="IDS_EPI_PACKAGECACHE_TITLE">Құрамдастарды алдын ала жүктеп алу</string>
	<string name="IDS_EPI_PACKAGECACHE_TEXT">Интернетке қосылым шектеулі болған кезде орналастыру процесін жылдамдату үшін осы Package Installer (Live Installer) ішіне қосылған құрамдастарды алдын ала жүктеп алыңыз.</string>
	<string name="IDS_EPI_PACKAGECACHE_HOW01">&lt;b&gt;Жүктеп алу түймесін басыңыз&lt;/b&gt; және %1 жасалады, жүктеліп алынады және компьютерге сақталады.</string>
	<string name="IDS_EPI_PACKAGECACHE_HOW02">&lt;b&gt;Бір қалтаға %1 және %2 көшіріңіз.&lt;/b&gt; Ортақ желі кеңістігін немесе USB дискісін пайдалануға болады.</string>
	<string name="IDS_EPI_PACKAGECACHE_HOW03">&lt;b&gt;%2 кез келген компьютерде ортақ қалтадан немесе USB дискісінен орындаңыз.&lt;/b&gt; %2 қайта жүктеп алмай бұрын жүктеліп алынған құрамдастарды пайдаланады.</string>

	<string name="IDS_EPI_DOWNLOAD_PACKAGE_SINGLE">Жүктелуде ...</string>
	<string name="IDS_EPI_DOWNLOAD_PACKAGE_MULTI">%1 жүктелуде ...</string>

	<string name="IDS_EPI_CFG_LGF_CAPTION_CONSUMER">Сандарда қуат бар. Қорғаныстың ең жоғары деңгейін алыңыз.</string>
	<string name="IDS_EPI_CFG_LGF_TEXT_CONSUMER">ESET LiveGrid® пікірлер жүйесі бізге күдікті нысандар турлы ақпаратты жинап және автоматты түрде өңдеп отыруға мүмкіндік береді. Бұл ақпарат біздің бұлтты жүйеде тауып анықтау механизмдерін құру үшін қолданылады. Артынша біз клиенттерді барынша қорғауды қамтамасыз ету үшін оларды лезде қолданып отырамыз.</string>
	<string name="IDS_EPI_CFG_LGF_CAPTION_BUSINESS">Сізге бұрыннан да жақсырақ қауіпсіздікті қамтамасыз етуге көмектесіңіз.</string>
	<string name="IDS_EPI_CFG_LGF_TEXT_BUSINESS">ESET LiveGrid® кері байланыс жүйесі бізге күдікті нысандар туралы ақпаратты жинауға мүмкіндік беретін дүние жүзіндегі 100 миллионнан астам сенсорларды пайдаланады. Біз бұл ақпаратты бұлттық репутация жүйемізді пайдаланып анықтау механизмдерін жасау үшін автоматты түрде өңдейміз. Содан кейін біз тұтынушыларда ең жоғары қорғау деңгейі болуын қамтамасыз ету үшін бұларды бірден қолданамыз.</string>
	<string name="IDS_EPI_CFG_LGF_ENABLE">ESET LiveGrid® кері байланыс жүйесін қосу (ұсынылады)</string>
	<string name="IDS_EPI_CFG_LGF_DISABLE">ESET LiveGrid® кері байланыс жүйесін өшіру</string>

	<string name="IDS_EPI_CFG_PUA_CAPTION">Ықтимал қалаусыз бағдарламаларды анықтау</string>
	<string name="IDS_EPI_CFG_PUA_TEXT">ESET &lt;a {{IDS_HELP_PUA_LINK}}&gt;ықтимал қалаусыз бағдарламаларды&lt;/a&gt; анықтай алады және орнатпастан бұрын растауыңызды сұрайды. Ықтимал қалаусыз бағдарламалар қауіпсіздік қатерін тудырмауы мүмкін, бірақ олар компьютердің өнімділігіне, жылдамдығына және сенімділігіне әсер етіп немесе әрекет етуінде өзгерістер пайда болуы мүмкін. Әдетте, олар орнатпастан бұрын пайдаланушының келісімін талап етеді.</string>
	<string name="IDS_EPI_CFG_PUA_ENABLE">Ықтимал қалаусыз бағдарламаларды анықтауды қосу</string>
	<string name="IDS_EPI_CFG_PUA_DISABLE">Ықтимал қалаусыз бағдарламалар анықтауды өшіру</string>

	<string name="IDS_EPI_CFG_CEIP_CAPTION">Тұтынушы тәжірибесін жақсарту бағдарламасына қатысу</string>
	<string name="IDS_EPI_CFG_CEIP_TEXT">Осы өнімнің қалай пайдаланылатыны туралы анонимдік ақпаратты жинағымыз келеді. Жиналған деректер пайдалану тәжірибеңізді жақсартуға көмектеседі және үшінші тараптармен мүлдем бөлісілмейді.&lt;a type="command" href="gui.ceip.show"&gt; Қандай ақпаратты жинаймыз?&lt;/a&gt;</string>
	<string name="IDS_EPI_CFG_CEIP_YES">Иә, бағдарламаға қатысқым келеді (ұсынылады)</string>
	<string name="IDS_EPI_CFG_CEIP_NO">Жоқ, бағдарламаға қатысқым келмейді</string>

	<string name="IDS_EPI_CFG_EULA_CAPTION">Соңғы пайдаланушының лицензиялық келісімі</string>
	<string name="IDS_EPI_CFG_EULA_DESCRIPTION">Төмендегі «Жалғастыру» түймешіктерінің кез келгенін басу арқылы &lt;a {{IDS_LINK_SHOW_EULA}}&gt;Соңғы пайдаланушы лицензиялық келісімінің&lt;/a&gt; шарттарын қабылдап, &lt;a {{IDS_LINK_SHOW_PRIVACY_POLICY}}&gt;Құпиялылық саясатын&lt;/a&gt; мойындаған болып есептелесіз.</string>
	<string name="IDS_EPI_CFG_EULA_MSGBOX_OK">OK</string>
	<string name="IDS_EPI_CFG_EULA_MSGBOX_NOT_AGREE">Келіспеймін</string>
	<string name="IDS_EPI_CFG_EULA_MSGBOX_SAVE">Сақтау</string>

	<string name="IDS_EPI_CFG_BUTTON_ADVANCED">Орнату қалтасын өзгерту</string>
	<string name="IDS_EPI_CFG_FOLDERS_INSTALL">Өнім қалтасы:</string>
	<string name="IDS_EPI_CFG_FOLDERS_DATA">Деректер қалтасы:</string>
	<string name="IDS_EPI_CFG_FOLDERS_MODULE">Модуль қалтасы:</string>
	<string name="IDS_EPI_CFG_FOLDERS_VALIDATOR_INVALID">Жарамсыз қалта таңдалды.</string>

	<string name="IDS_EPI_CFG_ALREADY_CONFIGURED">Орнату параметрлері конфигурацияланып қойған.</string>

	<string name="IDS_EPI_NONEMPTY_FOLDER_WARNING_TITLE">Орнату қалтасы бос болуы керек</string>
	<string name="IDS_EPI_NONEMPTY_FOLDER_WARNING_MESSAGE_SINGULAR">Орнатуды жалғастыру үшін бар қалта жойылады:</string>
	<string name="IDS_EPI_NONEMPTY_FOLDER_WARNING_MESSAGE_PLURAL">Орнатуды жалғастыру үшін бар қалталар жойылады:</string>
	<string name="IDS_EPI_NONEMPTY_FOLDER_QUESTION">&lt;b&gt;Қалталарды жоюға және орнатуды жалғастыруға келісесіз бе?&lt;/b&gt;</string>

	<string name="IDS_EPI_DISKSPACE_TITLE">Дискіде бос орын жоқ</string>
	<string name="IDS_EPI_DISKSPACE_TEXT01">Дискіде бос орын жоқ. Белгіленген бөлімдерде орнату үшін қолжетімді жеткілікті бос орын жоқ. Дискіде қолжетімді бос орынды тексеріңіз және әрекетті қайталаңыз.</string>
	<string name="IDS_EPI_DISKSPACE_HEADER01">Диск</string>
	<string name="IDS_EPI_DISKSPACE_HEADER02">Сыйымдылық</string>
	<string name="IDS_EPI_DISKSPACE_HEADER03">Бос орын</string>
	<string name="IDS_EPI_DISKSPACE_HEADER04">Қажетті бос орын</string>

	<string name="IDS_EPI_INSTALL_PACKAGE_SINGLE">Орнатылуда ...</string>
	<string name="IDS_EPI_INSTALL_PACKAGE_MULTI">%1 орнатылуда ...</string>

	<string name="IDS_EPI_DONE_TITLE">Орнату сәтті аяқталды</string>
	<string name="IDS_EPI_DONE_TEXT01">${bts.package.[${bts.var.package.default}].name} компьютерде сәтті орнатылды. Компьютер вирустардың және зиянды бағдарламалардың бар-жоғын үздіксіз тексереді. &lt;br/&gt; &lt;br/&gt; ESET өнімін таңдағаныңызға рахмет! &lt;br/&gt; &lt;br/&gt; &lt;br/&gt; Өнімді орнатуды аяқтау үшін &lt;i&gt;Дайын&lt;/i&gt; түймесін басыңыз.</string>
	<string name="IDS_EPI_DONE_TEXT01_EPI">Барлық жиынтықтар компьютерге сәтті орнатылды. &lt;br/&gt; &lt;br/&gt; Өнім орнатуын аяқтау үшін &lt;i&gt;Дайын&lt;/i&gt; опциясын басыңыз.</string>
		<string name="IDS_EPI_DONE_PACKAGECACHE_CAPTION">%1 және %2 орындалған кезде бір қалтада орналасуы керек.</string>
	<string name="IDS_EPI_DONE_PACKAGECACHE_DESCRIPTION">%1 мына қалтаға жүктеп алынды және сақталды:&lt;br/&gt;</string>

	<string name="IDS_EPI_FAIL_FAILED_TITLE">Орнату орындалмады</string>
	<string name="IDS_EPI_FAIL_FINISH_TITLE">Орнату аяқталды</string>
	<string name="IDS_EPI_FAIL_KNOWLEDGEBASE">ESET білім қорында шешімді іздеу.</string>
	<string name="IDS_EPI_FAIL_TROUBLESHOOT">Ақаулықтарды жою құралын іске қосу</string>
	<string name="IDS_EPI_FAIL_TS_LINK">ESET Техникалық қолдау қызметіне хабарласу</string>
	<string name="IDS_EPI_FAIL_RESTART">Компьютеріңізді қайта іске қосыңыз</string>

	<string name="IDS_EPI_FAIL_TITLE_OS">Microsoft Windows жүйесінің ескірген нұсқасы</string>
	<string name="IDS_EPI_FAIL_TEXT_OS_OUTDATED">ESET Security қолданбасы Microsoft Windows жүйесінің ескірген нұсқасына қолдау көрсетпейді. Орнатудан шығу үшін «Жабу» опциясын басыңыз.</string>
	<string name="IDS_EPI_FAIL_TEXT_OS_NOT_SUPPORTED">Бұл өнімге енді Microsoft Windows жүйесінің ескірген нұсқасында қолдау көрсетілмейді. &lt;a {{IDS_LINK_PRODUCT_OPTIONS}}&gt;Опцияларды қараңыз&lt;/a&gt;</string>
	<string name="IDS_EPI_FAIL_TEXT_OS_NOT_SUPPORTED_BUSINESS">Бұл өнімге енді Microsoft Windows жүйесінің ескірген нұсқасында қолдау көрсетілмейді.</string>

	<string name="IDS_EPI_FAIL_TITLE_EULA_REJECTED">Соңғы пайдаланушының лицензиялық келісімі</string>
	<string name="IDS_EPI_FAIL_TEXT_EULA_REJECTED">Соңғы пайдаланушының лицензиялық келісімі қабылданбаған.</string>

	<string name="IDS_EPI_FAIL_TITLE_CONNECTION">Байланыс қатесі</string>
	<string name="IDS_EPI_FAIL_TEXT_CONNECTION">Интернет байланысы жұмыс істемейтін сияқты. Өнімді орнату мүмкін емес. &lt;a {{IDS_LINK_INTERNET_SETTINGS}}&gt;Интернет байланысын тексеріңіз&lt;/a&gt; және орнатуды қайталаңыз.&lt;br/&gt;&lt;br/&gt;Прокси-серверді пайдаланасыз ба? Прокси-сервер параметрлерін өзгертіңіз және әрекетті қайталаңыз.</string>
	<string name="IDS_EPI_FAIL_TEXT_CONNECTION_EPI">Интернет байланысы жұмыс істемейтін сияқты. Жиынтықтарды орнату мүмкін емес. &lt;a {{IDS_LINK_INTERNET_SETTINGS}}&gt;Интернет байланысын тексеріңіз&lt;/a&gt; және орнатуды қайталаңыз.&lt;br/&gt;&lt;br/&gt;Прокси серверді пайдаланасыз ба? Прокси сервер параметрлерін өзгертіңіз және әрекетті қайталаңыз.</string>

	<string name="IDS_EPI_FAIL_TITLE_DOWNLOAD_ERROR">Жүктеу қатесі</string>
	<string name="IDS_EPI_FAIL_TEXT_DOWNLOAD_ERROR">Серверден деректерді жүктеу кезінде қате орын алды. Желілік байланысты тексеріп, әрекетті қайталаңыз.&lt;br/&gt;&lt;br/&gt;Әлі мәселелер болып жатса, оффлайн орнатқышты жүктеу үшін &lt;a {{IDS_LINK_OFFLINE_INSTALLER}}&gt;www.eset.com&lt;/a&gt; сайтына кіріңіз.</string>
	<string name="IDS_EPI_FAIL_TEXT_DOWNLOAD_ERROR_EPI">Серверден деректерді жүктеу кезінде қате орын алды. Желілік байланысты тексеріп, әрекетті қайталаңыз.</string>

	<string name="IDS_EPI_FAIL_TITLE_INVALID_SERVER_RESPONSE">Жарамсыз жауап</string>
	<string name="IDS_EPI_FAIL_TEXT_INVALID_SERVER_RESPONSE">Серверден жарамсыз жауап алынды.</string>

	<string name="IDS_EPI_FAIL_TITLE_INVALID_INSTALLER">Жарамсыз орнатушы</string>
	<string name="IDS_EPI_FAIL_TEXT_INVALID_INSTALLER">Бұл орнатушы енді жарамсыз және оны ауыстыру керек. Бұл өнімді орнату үшін жаңа орнатушы жүктеп алыңыз.</string>
	<string name="IDS_EPI_FAIL_TEXT_INVALID_INSTALLER_EPI">Бұл орнатушы енді жарамсыз және оны ауыстыру керек. Осы өнімді орнату үшін жаңа орнатушыны жасаңыз немесе әкімшіге хабарласыңыз.</string>

	<string name="IDS_EPI_FAIL_TITLE_VERSIONCHECK_NO_PACKAGES">Үйлесімді жиынтық табылмады</string>
	<string name="IDS_EPI_FAIL_TEXT_VERSIONCHECK_NO_PACKAGES">Серверде үйлесімді орнату жиынтығы қол жетімді емес. Оффлайн орнатқышты жүктеу үшін &lt;a {{IDS_LINK_OFFLINE_INSTALLER}}&gt;www.eset.com&lt;/a&gt; сайтына кіріңіз.</string>
	<string name="IDS_EPI_FAIL_TEXT_VERSIONCHECK_NO_PACKAGES_EPI">Бұл орнатушы енді жарамсыз және оны ауыстыру керек. Осы өнімді орнату үшін жаңа орнатушыны жасаңыз немесе әкімшіге хабарласыңыз.</string>

	<string name="IDS_EPI_FAIL_TITLE_INCOMPATIBLE_OS">Үйлесімді емес операциялық жүйе</string>
	<string name="IDS_EPI_FAIL_TEXT_INCOMPATIBLE_OS">${bts.package.[${bts.var.package.current}].name} операциялық жүйелерге арналмаған. &lt;a {{IDS_LINK_OFFLINE_INSTALLER}}&gt;www.eset.com&lt;/a&gt; сайтынан өнімді жүктеңіз және орнатыңыз.</string>
	<string name="IDS_EPI_FAIL_TEXT_INCOMPATIBLE_OS_EPI">${bts.package.[${bts.var.package.current}].name} операциялық жүйелеріңізге арналмаған.</string>

	<string name="IDS_EPI_FAIL_TITLE_INCOMPATIBLE_PACKAGE_X32">Үйлесімді емес жиынтық</string>
	<string name="IDS_EPI_FAIL_TEXT_INCOMPATIBLE_PACKAGE_X32">Бұл орнату жиынтығы 32 биттік операциялық жүйелерге арналған. 64 биттік операциялық жүйелерге арналған орнату жиынтығын пайдаланыңыз.</string>

	<string name="IDS_EPI_FAIL_TITLE_INCOMPATIBLE_PACKAGE_X64">Үйлесімді емес жиынтық</string>
	<string name="IDS_EPI_FAIL_TEXT_INCOMPATIBLE_PACKAGE_X64">Бұл орнату жиынтығы 64 биттік операциялық жүйелерге арналған. 32 биттік операциялық жүйелерге арналған орнату жиынтығын пайдаланыңыз.</string>

	<string name="IDS_EPI_FAIL_TITLE_INCOMPATIBLE_PRODUCT_INSTALLED">Үйлесімді емес өнім орнатылған</string>
	<string name="IDS_EPI_FAIL_TEXT_INCOMPATIBLE_PRODUCT_INSTALLED">Үйлесімді емес {PRODUCT} өнімі орнатылып қойылған. Оны қолмен жойыңыз және орнатуды қайтадан бастаңыз.</string>

	<string name="IDS_EPI_FAIL_TITLE_NEWER_VERSION_NOT_AVAILABLE">Соңғы нұсқа орнатылып қойылған</string>
	<string name="IDS_EPI_FAIL_TEXT_NEWER_VERSION_NOT_AVAILABLE">${bts.package.[${bts.var.package.default}].name} соңғы нұсқасы осы компьютерде орнатылып қойылған.</string>

	<string name="IDS_EPI_FAIL_TITLE_REFERRAL">Өнімді орнату мүмкін емес</string>
	<string name="IDS_EPI_FAIL_TEXT_REFERRAL">Өнімді орнату мүмкін емес, себебі осы құрылғыға басқа ESET өнімі бұрыннан орнатылған.</string>
	<string name="IDS_EPI_FAIL_TEXT_REFERRAL_UPGRADE">ESET өнімінің бар нұсқасы ескірген және енді үздік қорғанысқа кепілдік бермейді.&lt;br/&gt;&lt;b&gt;Соңғы нұсқасына ТЕГІН жаңартып, қауіпсіздік қорғанысын жақсартыңыз.&lt;/b&gt;</string>

	<string name="IDS_EPI_FAIL_TITLE_PACKAGE_NOT_FOUND">Бума табылмады</string>
	<string name="IDS_EPI_FAIL_TEXT_PACKAGE_NOT_FOUND">{PRODUCT} орнату бумасы табылмады.</string>

	<string name="IDS_EPI_FAIL_TITLE_PACKAGE_CORRUPTED">Бума бүлінген</string>
	<string name="IDS_EPI_FAIL_TEXT_PACKAGE_CORRUPTED">{PRODUCT} орнату бумасы бүлінген.</string>

	<string name="IDS_EPI_FAIL_TITLE_INSTALL_OUT_OF_SPACE">Дискіде бос орын жоқ</string>
	<string name="IDS_EPI_FAIL_TEXT_INSTALL_OUT_OF_SPACE">${bts.package.[${bts.var.package.default}].name} орнатуын аяқтау үшін дискідегі бос орын жеткіліксіз.&lt;br/&gt;&lt;br/&gt;Кемінде %u MБ бос екеніне көз жеткізіңіз және әрекетті қайталаңыз.</string>
	<string name="IDS_EPI_FAIL_TEXT_INSTALL_OUT_OF_SPACE_EPI">Барлық бумалар орнатуын аяқтау үшін дискідегі бос орын жеткіліксіз.&lt;br/&gt;&lt;br/&gt;Кемінде %u MБ бос екеніне көз жеткізіңіз және әрекетті қайталаңыз.</string>

	<string name="IDS_EPI_FAIL_TITLE_SETUP">Орнату сәтті аяқталмады</string>
	<string name="IDS_EPI_FAIL_TEXT_SETUP">${bts.package.[${bts.var.package.current}].name} орнату сәтті аяқталмады. Жүйе компьютерлік қауіптерден қорғалмаған болуы мүмкін. Компьютерде ${bts.package.[${bts.var.package.current}].name} орнату үшін орнатуды қайтадан орындаңыз.</string>
	<string name="IDS_EPI_FAIL_TEXT_SETUP_TROUBLESHOOT">ESET өнімін құрылғыңызға орнатуда ақаулық орын алды. Ақаулықтарды жою құралын іске қосу ұсынылады. Ақаулықтарды жою құралы мүмкіндігінше ақаулықты шешеді.</string>
	<string name="IDS_EPI_FAIL_TEXT_SETUP_EPI">${bts.package.[${bts.var.package.current}].name} орнатуы сәтті аяқталмады. Жүйе компьютер қауіптерінен қорғалмаған болуы мүмкін. Барлық бумаларды компьютерге орнату үшін орнатуды қайта іске қосыңыз.</string>
	<string name="IDS_EPI_FAIL_TEXT_SETUP_ERROR_CODE">Қате коды: %s</string>

	<string name="IDS_EPI_FAIL_TITLE_ABORT">Орнатуды пайдаланушы үзді</string>
	<string name="IDS_EPI_FAIL_TEXT_ABORT">${bts.package.[${bts.var.package.default}].name} орнатуды пайдаланушы үзді. Компьютерде ${bts.package.[${bts.var.package.default}].name} орнату үшін орнатуды қайтадан орындаңыз.</string>
	<string name="IDS_EPI_FAIL_TEXT_ABORT_EPI">Орнатуды пайдаланушы үзді. Барлық бумаларды компьютерге орнату үшін орнатуды қайта іске қосыңыз.</string>

	<string name="IDS_EPI_FAIL_TITLE_INTERNAL_ERROR">Ішкі қате</string>
	<string name="IDS_EPI_FAIL_TEXT_INTERNAL_ERROR">Ішкі қате орын алды. Орнатуды қайтадан бастау үшін әрекетті қайталаңыз.</string>

	<string name="IDS_EPI_TROUBLESHOOT_FINISH_TITLE">Ақаулықтарды жою құралы тоқтады</string>
	<string name="IDS_EPI_TROUBLESHOOT_SUCCESS_TITLE">Ақаулықтарды жою сәтті болды</string>
	<string name="IDS_EPI_TROUBLESHOOT_FAILED_TITLE">Ақаулықтарды жою сәтті болмады</string>
	<string name="IDS_EPI_TROUBLESHOOT_TEXT">&lt;b&gt;Бұл терезені жауып, компьютерді қайта іске қосу ұсынылады. Қайта іске қосқаннан кейін, бұл орнатқышты қайта іске қосыңыз.&lt;/b&gt;</string>
	<string name="IDS_EPI_TROUBLESHOOT_REBOOT_TEXT">&lt;b&gt;Ақаулықтар жоюын аяқтау үшін қайта іске қосу қажет. Бұл терезені жабыңыз және компьютерді қайта іске қосыңыз. Қайта іске қосқаннан кейін, бұл орнатқышты қайта іске қосыңыз.&lt;/b&gt;</string>
	<string name="IDS_EPI_TROUBLESHOOT_CONTACT_TEXT">Қате қайталанған жағдайда жүйе әкімшісіне немесе &lt;a {{IDS_LINK_SUPPORT}}&gt;ESET Техникалық қолдау қызметіне хабарласыңыз.&lt;/a&gt;</string>

	<string name="IDS_EPI_CFG_SIMPLE_CAPTION">Қорғау және орнату параметрлері</string>
	<string name="IDS_EPI_CFG_RECOMMENDED_CAPTION">Ұсынылады</string>
	<string name="IDS_EPI_CFG_SIMPLE_PUA_CAPTION">Ықтимал қалаусыз бағдарламаларды анықтауды қосу</string>
	<string name="IDS_EPI_CFG_SIMPLE_CEIP_CAPTION">Тұтынушы тәжірибесін жақсарту бағдарламасына қатысу &lt;br/&gt; &lt;a type="command" href="gui.ceip.show"&gt; Біз қандай ақпаратты жинаймыз?&lt;/a&gt;</string>
	<string name="IDS_EPI_CFG_SIMPLE_LGF_CAPTION">ESET LiveGrid® кері байланыс жүйесін қосу</string>
	<string name="IDS_EPI_CFG_SIMPLE_CEIP_TEXT">Осы өнімнің қалай пайдаланылатыны туралы анонимдік ақпаратты жинағымыз келеді. Жиналған деректер пайдалану тәжірибеңізді жақсартуға көмектеседі және үшінші тараптармен мүлдем бөлісілмейді.</string>
	<string name="IDS_EPI_CFG_SIMPLE_CONTINUE">Жалғастыру</string>
	<string name="IDS_EPI_CFG_SIMPLE_ALL_CONTINUE">Барлығына рұқсат ету және жалғастыру</string>

	<string name="IDS_EPI_BANNER_CAPTION1">Орнату дайындалуда</string>
	<string name="IDS_EPI_BANNER_DESCRIPTION1">Орнату бумасын жүктеп алу кезінде күтуіңізді сұраймыз.</string>

	<string name="IDS_EPI_BANNER_CAPTION2">Орнату орындалуда</string>
	<string name="IDS_EPI_BANNER_DESCRIPTION2">Аяқталуға сәл қалды! Орнатудың аяқталуын күтуіңізді сұраймыз.</string>

	<string name="IDS_EPI_BANNER_CAPTION3">Тәжірибемен сыналған сапа</string>
	<string name="IDS_EPI_BANNER_DESCRIPTION3">Қауіп-қатерлерді анықтаудың көп деңгейлік технологиялары ESET өнімдеріне бүкіл әлем бойынша 100 миллионнан астам пайдаланушыны олардың жұмысының өнімділігіне барынша аз әсер ете отырып қорғауға мүмкіндік беруде.</string>

	<string name="IDS_EPI_BANNER_CAPTION4">ESET өнімін таңдағаныңызға рахмет!</string>
	<string name="IDS_EPI_BANNER_DESCRIPTION4">ESET NOD32® технологиялары VB100 тәуелсіз зертханасының рекордтық марапаттар санын жеңіп алды.</string>

	<string name="IDS_EPI_BANNER_CAPTION5">Қорғауды жеңіл басқару</string>
	<string name="IDS_EPI_BANNER_DESCRIPTION5">Бұлтты немесе жергілікті қауіпсіздікті басқару консолін қолданғаныңызға қарамастан, кез келген уақытта, кез келген жерде ESET қауіпсіздігіңіздің жақсартылған пәрменін беретін бір панельді бақылаушысына қол жеткізе аласыз.</string>


</resources>
