﻿<?xml version="1.0" encoding="utf-8" ?>
<resources langname="Slovenščina" lcid="0424">

	<string name="IDS_EPI_INSTALL_STEP">Dobrodošli|Licenčna pogodba|AV Remover|Namestitev|Dokončanje</string>

	<string name="IDS_EPI_ACTION_INIT">Inicializacija ...</string>
	<string name="IDS_EPI_ACTION_EULA">Prenašanje ene ali več licenčnih pogodb za končnega uporabnika ...</string>
	<string name="IDS_EPI_ACTION_DUMP">Pripravljanje namestitvenega paketa ...</string>
	<string name="IDS_EPI_ACTION_CALC">Preračunavanje razpoložljivega prostora ...</string>
	<string name="IDS_EPI_ACTION_DETECTAV">Preverjanje prisotnosti programov, ki so v sporu ...</string>
	<string name="IDS_EPI_ACTION_PACKAGECACHE">Pripravljanje paketa za uporabo brez povezave ...</string>
	<string name="IDS_EPI_ACTION_CLEANUP_FOLDERS">Brisanje map ...</string>
	<string name="IDS_EPI_ACTION_TROUBLESHOOTING">Odpravljanje težav, to lahko traja nekaj trenutkov ...</string>

	<string name="IDS_EPI_HOME_TITLE_EAV">Namesti ${bts.package.[0].name}</string>
	<string name="IDS_EPI_HOME_TEXT_EAV">Uživajte v uporabi računalnika za delo, igranje in povezovanje, saj vas pri tem varuje ESET.</string>
	<string name="IDS_EPI_HOME_TITLE_ESS">Namesti ${bts.package.[0].name}</string>
	<string name="IDS_EPI_HOME_TEXT_ESS">Uživajte v uporabi računalnika za delo, igranje in povezovanje, saj vas pri tem varuje ESET.</string>
	<string name="IDS_EPI_HOME_TITLE_EIS">Namesti ${bts.package.[0].name}</string>
	<string name="IDS_EPI_HOME_TEXT_EIS">Uživajte v uporabi računalnika za delo, igranje in povezovanje, saj vas pri tem varuje ESET.</string>
	<string name="IDS_EPI_HOME_TITLE_ESSP">Namesti ${bts.package.[0].name}</string>
	<string name="IDS_EPI_HOME_TEXT_ESSP">Uživajte v uporabi računalnika za delo, igranje in povezovanje, saj vas pri tem varuje ESET.</string>
	<string name="IDS_EPI_HOME_TITLE_EHS">Namesti ${bts.package.[0].name}</string>
	<string name="IDS_EPI_HOME_TEXT_EHS">Uživajte v uporabi računalnika za delo, igranje in povezovanje, saj vas pri tem varuje ESET.</string>
	<string name="IDS_EPI_HOME_TITLE_EEA">Namesti ${bts.package.[0].name}</string>
	<string name="IDS_EPI_HOME_SUBTITLE_EEA">Napredna osnovna zaščita za vaše podjetje</string>
	<string name="IDS_EPI_HOME_TEXT_EEA">${bts.package.[0].name} z nagrajeno tehnologijo zaznavanja ESET NOD32® vašemu podjetju zagotavlja lahko, napredno osnovno zaščito, ki je z našim sistemom ugleda v oblaku še večja. Enostaven nadzor vam omogoča naša popolnoma prenovljena spletna konzola ESET PROTECT, ki je uporabniku prijazna.</string>
	<string name="IDS_EPI_HOME_TITLE_EES">Namesti ${bts.package.[0].name}</string>
	<string name="IDS_EPI_HOME_SUBTITLE_EES">Napredna zbirka za varnost z vsemi funkcijami</string>
	<string name="IDS_EPI_HOME_TEXT_EES">${bts.package.[0].name} je napredna zbirka za varnost z vsemi funkcijami, ki zagotavlja celovito in večplastno zaščito proti vsem vrstam zlonamerne programske opreme. Izkoristite majhne sistemske zahteve, podporo za virtualizacijo in pregled z uporabo popolnoma prenovljene spletne konzole ESET PROTECT.</string>

	<string name="IDS_EPI_HOME_TITLE_MULTI">Namestitev komponent</string>
	<string name="IDS_EPI_INFO_TITLE_ERAA">ESET PROTECT bo upravljal ta računalnik</string>
	<string name="IDS_EPI_BUNDLE_TITLE">V ta namestitveni program so vključene naslednje komponente</string>

	<string name="IDS_EPI_HOME_AVREMOVER_CHECK">Želim odstraniti nezdružljive varnostne izdelke</string>
	<string name="IDS_EPI_HOME_NEW_VERSION_TEXT">Novejša različica tega izdelka je na voljo v spletu in jo je mogoče samodejno prenesti in namestiti namesto te različice.</string>
	<string name="IDS_EPI_HOME_NEW_VERSION_CHECKBOX">Namesti novejšo različico</string>

<string name="IDS_EPI_HOME_NEED_HELP">Potrebujete pomoč pri namestitvi?</string>
	<string name="IDS_EPI_HOME_OPEN_INSTRUCTIONS">Odprite navodila za namestitev</string>
	<string name="IDS_EPI_HOME_OPEN_GUIDE">Odprite uporabniški priročnik</string>

	<string name="IDS_EPI_LOCK_PASSWORD_TITLE">Nastavitve izdelka ESET Security so zaščitene z geslom</string>
	<string name="IDS_EPI_LOCK_PASSWORD_SUBTITLE">Če želite nadaljevati, vnesite veljavno geslo.</string>
	<string name="IDS_EPI_LOCK_PASSWORD_TEXT">Geslo</string>
	<string name="IDS_EPI_LOCK_PASSWORD_ERROR">Nepravilno geslo. Geslo lahko obnovite&lt;br/&gt;v naprednih nastavitvah izdelka.</string>

	<string name="IDS_EPI_EULA_SINGLE_TITLE">Licenčna pogodba za končnega uporabnika</string>
	<string name="IDS_EPI_EULA_SAVEAS_FILTER">Besedilne datoteke (*.txt)|*.txt|HTML (*.html,*.htm)|*.html;*.htm||</string>
	<string name="IDS_EPI_EULA_BUTTON_ACCEPT">Sprejemam</string>
	<string name="IDS_EPI_EULA_BUTTON_DECLINE">Ne sprejemam</string>
	<string name="IDS_EPI_EULA_DECLINE">Če zavrnete licenčno pogodbo za končnega uporabnika, se bo namestitveni program zaprl. Ali ste prepričani, da želite to storiti?</string>

	<string name="IDS_EPI_DETECTAV_TITLE">Pregledovanje</string>
	<string name="IDS_EPI_DETECTAV_TEXT01">Najdeni so bili drugi varnostni izdelki</string>
	<string name="IDS_EPI_DETECTAV_TEXT02">Sočasni zagon dveh varnostnih rešitev lahko povzroči nestabilnost. Težavo odpravite tako, da odstranite varnostno programsko opremo, ki je v sistemu povzročila spor.</string>
	<string name="IDS_EPI_DETECTAV_UNINSTALL">Kako odstraniti drugo protivirusno programsko opremo</string>

	<string name="IDS_EPI_PACKAGECACHE_TITLE">Vnaprejšnji prenos komponent</string>
	<string name="IDS_EPI_PACKAGECACHE_TEXT">Z vnaprejšnjim prenosom komponent, vključenih v ta program za namestitev paketa (namestitveni program Live), pospešite postopek uvedbe, ko imate le omejeno povezavo z internetom.</string>
	<string name="IDS_EPI_PACKAGECACHE_HOW01">&lt;b&gt;Kliknite gumb za prenos&lt;/b&gt;, nato se ustvari %1 ter prenese in shrani v vaš računalnik.</string>
	<string name="IDS_EPI_PACKAGECACHE_HOW02">&lt;b&gt;Prekopirajte elementa %1 in %2 v isto mapo.&lt;/b&gt; Uporabite lahko omrežno shrambo v skupni rabi ali pogon USB.</string>
	<string name="IDS_EPI_PACKAGECACHE_HOW03">&lt;b&gt;Zaženite %2 v katerem koli računalniku iz mape v skupni rabi ali pogona USB.&lt;/b&gt; %2 pri tem uporabi že vnaprej prenesene komponente, zato jih ni treba znova prenesti.</string>

	<string name="IDS_EPI_DOWNLOAD_PACKAGE_SINGLE">Prenos ...</string>
	<string name="IDS_EPI_DOWNLOAD_PACKAGE_MULTI">Prenos %1 ...</string>

	<string name="IDS_EPI_CFG_LGF_CAPTION_CONSUMER">V številkah je moč. Zagotovite si največjo možno raven zaščite.</string>
	<string name="IDS_EPI_CFG_LGF_TEXT_CONSUMER">S sistemom za povratne informacije ESET LiveGrid® zbiramo statistične podatke in informacije o sumljivih predmetih, njihova samodejna obdelava pa nam omogoča ustvarjanje mehanizmov za zaznavo v sistemu v oblaku. Na ta način lahko svojim uporabnikom zagotavljamo najvišjo možno stopnjo zaščite.</string>
	<string name="IDS_EPI_CFG_LGF_CAPTION_BUSINESS">Pomagajte nam, da vam bomo lahko zagotovili še večjo varnost.</string>
	<string name="IDS_EPI_CFG_LGF_TEXT_BUSINESS">Sistem za povratne informacije ESET LiveGrid® uporablja več kot 100 milijonov senzorjev po vsem svetu, kar nam omogoča zbiranje statističnih podatkov in informacij o sumljivih predmetih. Ti podatki so samodejno obdelani, zato lahko s svojim sistemom ugleda v oblaku ustvarimo mehanizme za zaznavo, ki jih nato takoj uporabimo, da vam zagotovimo najvišjo stopnjo zaščite.</string>
	<string name="IDS_EPI_CFG_LGF_ENABLE">Omogoči sistem ESET LiveGrid® za povratne informacije (priporočeno)</string>
	<string name="IDS_EPI_CFG_LGF_DISABLE">Onemogoči sistem za povratne informacije ESET LiveGrid®</string>

	<string name="IDS_EPI_CFG_PUA_CAPTION">Zaznavanje morebitno neželenih programov</string>
	<string name="IDS_EPI_CFG_PUA_TEXT">ESET lahko zazna &lt;a {{IDS_HELP_PUA_LINK}}&gt;morebitno neželene programe&lt;/a&gt; in od vas pred njihovo namestitvijo zahteva potrditev. Morebitno neželeni programi morda ne predstavljajo varnostnega tveganja, vendar lahko vplivajo na učinkovitost delovanja, hitrost in zanesljivost računalnika ali spremenijo njegovo delovanje. Za te programe je pred namestitvijo običajno potrebno soglasje uporabnika.</string>
	<string name="IDS_EPI_CFG_PUA_ENABLE">Omogoči zaznavanje morebitno neželenih programov</string>
	<string name="IDS_EPI_CFG_PUA_DISABLE">Onemogoči zaznavanje morebitno neželenih programov</string>

	<string name="IDS_EPI_CFG_CEIP_CAPTION">Sodelujte v programu za izboljšanje izkušenj strank</string>
	<string name="IDS_EPI_CFG_CEIP_TEXT">Želimo zbirati anonimne podatke o uporabi izdelka. Zbrani podatki nam bodo pomagali izboljšati vašo izkušnjo in nikoli jih ne bomo delili s tretjimi osebami. &lt;a type="command" href="gui.ceip.show"&gt; Katere podatke zbiramo?&lt;/a&gt;</string>
	<string name="IDS_EPI_CFG_CEIP_YES">Da, želim sodelovati v programu (priporočeno)</string>
	<string name="IDS_EPI_CFG_CEIP_NO">Ne, ne želim sodelovati v programu</string>

	<string name="IDS_EPI_CFG_EULA_CAPTION">Licenčna pogodba za končnega uporabnika</string>
	<string name="IDS_EPI_CFG_EULA_DESCRIPTION">Če v nadaljevanju kliknete gumb »Nadaljuj«, &lt;a {{IDS_LINK_SHOW_EULA}}&gt;sprejmete licenčno pogodbo za končnega uporabnika&lt;/a&gt; in potrdite &lt;a {{IDS_LINK_SHOW_PRIVACY_POLICY}}&gt;pravilnik o zasebnosti.&lt;/a&gt;</string>
	<string name="IDS_EPI_CFG_EULA_MSGBOX_OK">V redu</string>
	<string name="IDS_EPI_CFG_EULA_MSGBOX_NOT_AGREE">Ne strinjam se.</string>
	<string name="IDS_EPI_CFG_EULA_MSGBOX_SAVE">Shrani</string>

	<string name="IDS_EPI_CFG_BUTTON_ADVANCED">Sprememba namestitvene mape</string>
	<string name="IDS_EPI_CFG_FOLDERS_INSTALL">Mapa izdelka:</string>
	<string name="IDS_EPI_CFG_FOLDERS_DATA">Mapa podatkov:</string>
	<string name="IDS_EPI_CFG_FOLDERS_MODULE">Mapa modula:</string>
	<string name="IDS_EPI_CFG_FOLDERS_VALIDATOR_INVALID">Izbrana je neveljavna mapa.</string>

	<string name="IDS_EPI_CFG_ALREADY_CONFIGURED">Nastavitve namestitve so že konfigurirane.</string>

	<string name="IDS_EPI_NONEMPTY_FOLDER_WARNING_TITLE">Namestitvena mapa mora biti prazna</string>
	<string name="IDS_EPI_NONEMPTY_FOLDER_WARNING_MESSAGE_SINGULAR">Za nadaljevanje namestitve bo obstoječa mapa izbrisana:</string>
	<string name="IDS_EPI_NONEMPTY_FOLDER_WARNING_MESSAGE_PLURAL">Za nadaljevanje namestitve bodo obstoječe mape izbrisane:</string>
	<string name="IDS_EPI_NONEMPTY_FOLDER_QUESTION">&lt;b&gt;Ali res želite izbrisati mape in nadaljevati namestitev?&lt;/b&gt;</string>

	<string name="IDS_EPI_DISKSPACE_TITLE">Na disku ni več prostora</string>
	<string name="IDS_EPI_DISKSPACE_TEXT01">Zmanjkalo je prostora na disku. Označeni nosilci nimajo na voljo dovolj prostora za namestitev. Preverite razpoložljivi prostor na disku in poskusite znova.</string>
	<string name="IDS_EPI_DISKSPACE_HEADER01">Pogon</string>
	<string name="IDS_EPI_DISKSPACE_HEADER02">Kapaciteta</string>
	<string name="IDS_EPI_DISKSPACE_HEADER03">Nezasedeni prostor</string>
	<string name="IDS_EPI_DISKSPACE_HEADER04">Potrebni prostor</string>

	<string name="IDS_EPI_INSTALL_PACKAGE_SINGLE">Nameščanje ...</string>
	<string name="IDS_EPI_INSTALL_PACKAGE_MULTI">Nameščanje %1 ...</string>

	<string name="IDS_EPI_DONE_TITLE">Namestitev je bila uspešna</string>
	<string name="IDS_EPI_DONE_TEXT01">Izdelek ${bts.package.[${bts.var.package.default}].name} je uspešno nameščen v vaš računalnik. Zdaj se bo v računalniku stalno preverjalo, ali vsebuje viruse ali zlonamerno programsko opremo. &lt;br/&gt; &lt;br/&gt; Hvala, ker ste izbrali ESET! &lt;br/&gt; &lt;br/&gt; &lt;br/&gt; Kliknite &lt;i&gt;Dokončano&lt;/i&gt;, da zaključite namestitev izdelka.</string>
	<string name="IDS_EPI_DONE_TEXT01_EPI">Vsi paketi so bili uspešno nameščeni v računalniku. &lt;br/&gt; &lt;br/&gt; Kliknite &lt;i&gt;Dokončano&lt;/i&gt;, da zaključite postopek nastavitve izdelka.</string>
		<string name="IDS_EPI_DONE_PACKAGECACHE_CAPTION">Elementa %1 in %2 morata pred zagonom biti v isti mapi.</string>
	<string name="IDS_EPI_DONE_PACKAGECACHE_DESCRIPTION">Element %1 je prenesen in shranjen v mapi:&lt;br/&gt;</string>

	<string name="IDS_EPI_FAIL_FAILED_TITLE">Namestitev ni uspela</string>
	<string name="IDS_EPI_FAIL_FINISH_TITLE">Namestitev dokončana</string>
	<string name="IDS_EPI_FAIL_KNOWLEDGEBASE">Poiščite rešitev v zbirki znanja družbe ESET.</string>
	<string name="IDS_EPI_FAIL_TROUBLESHOOT">Zagon orodja za odpravljanje težav</string>
	<string name="IDS_EPI_FAIL_TS_LINK">Stik s tehnično podporo ESET</string>
	<string name="IDS_EPI_FAIL_RESTART">Znova zaženi računalnik</string>

	<string name="IDS_EPI_FAIL_TITLE_OS">Zastarela različica sistema Microsoft Windows</string>
	<string name="IDS_EPI_FAIL_TEXT_OS_OUTDATED">ESET Security ne podpira vaše zastarele različice sistema Microsoft Windows. Za izhod iz namestitve kliknite »Zapri«.</string>
	<string name="IDS_EPI_FAIL_TEXT_OS_NOT_SUPPORTED">Ta izdelek ni več podprt v vaši zastareli različici sistema Microsoft Windows. &lt;a {{IDS_LINK_PRODUCT_OPTIONS}}&gt;Ogled možnosti&lt;/a&gt;</string>
	<string name="IDS_EPI_FAIL_TEXT_OS_NOT_SUPPORTED_BUSINESS">Ta izdelek ni več podprt v vaši zastareli različici sistema Microsoft Windows.</string>

	<string name="IDS_EPI_FAIL_TITLE_EULA_REJECTED">Licenčna pogodba za končnega uporabnika</string>
	<string name="IDS_EPI_FAIL_TEXT_EULA_REJECTED">Licenčna pogodba za končnega uporabnika ni bila sprejeta.</string>

	<string name="IDS_EPI_FAIL_TITLE_CONNECTION">Napaka pri povezavi</string>
	<string name="IDS_EPI_FAIL_TEXT_CONNECTION">Zdi se, da vaša internetna povezava ne deluje. Izdelka ni mogoče namestiti. &lt;a {{IDS_LINK_INTERNET_SETTINGS}}&gt;Preverite internetno povezavo&lt;/a&gt; in znova poskusite namestiti izdelek.&lt;br/&gt;&lt;br/&gt;Ali uporabljate strežnik proxy? Spremenite nastavitve strežnika proxy in poskusite znova.</string>
	<string name="IDS_EPI_FAIL_TEXT_CONNECTION_EPI">Zdi se, da vaša internetna povezava ne deluje. Paketov ni mogoče namestiti. &lt;a {{IDS_LINK_INTERNET_SETTINGS}}&gt;Preverite internetno povezavo&lt;/a&gt; in jih znova poskusite namestiti.&lt;br/&gt;&lt;br/&gt;Ali uporabljate strežnik proxy? Spremenite nastavitve strežnika proxy in poskusite znova.</string>

	<string name="IDS_EPI_FAIL_TITLE_DOWNLOAD_ERROR">Napaka pri prenosu</string>
	<string name="IDS_EPI_FAIL_TEXT_DOWNLOAD_ERROR">Pri prenosu podatkov iz strežnika je prišlo do napake. Preverite omrežno povezavo in poskusite znova.&lt;br/&gt;&lt;br/&gt;Če se težave nadaljujejo, obiščite &lt;a {{IDS_LINK_OFFLINE_INSTALLER}}&gt;www.eset.com&lt;/a&gt; in prenesite program za namestitev brez povezave.</string>
	<string name="IDS_EPI_FAIL_TEXT_DOWNLOAD_ERROR_EPI">Pri prenosu podatkov iz strežnika je prišlo do napake. Preverite omrežno povezavo in poskusite znova.</string>

	<string name="IDS_EPI_FAIL_TITLE_INVALID_SERVER_RESPONSE">Neveljaven odziv</string>
	<string name="IDS_EPI_FAIL_TEXT_INVALID_SERVER_RESPONSE">Prejet je bil neveljaven odziv strežnika.</string>

	<string name="IDS_EPI_FAIL_TITLE_INVALID_INSTALLER">Neveljaven namestitveni program</string>
	<string name="IDS_EPI_FAIL_TEXT_INVALID_INSTALLER">Namestitveni program ni več veljaven in ga je treba nadomestiti. Za namestitev izdelka prenesite nov namestitveni program.</string>
	<string name="IDS_EPI_FAIL_TEXT_INVALID_INSTALLER_EPI">Namestitveni program ni več veljaven in ga je treba nadomestiti. Za namestitev izdelka ustvarite nov namestitveni program ali se obrnite na skrbnika.</string>

	<string name="IDS_EPI_FAIL_TITLE_VERSIONCHECK_NO_PACKAGES">Ni bilo mogoče najti združljivega paketa</string>
	<string name="IDS_EPI_FAIL_TEXT_VERSIONCHECK_NO_PACKAGES">V strežniku ni nobenega združljivega paketa. Obiščite &lt;a {{IDS_LINK_OFFLINE_INSTALLER}}&gt;www.eset.com&lt;/a&gt; in prenesite program za namestitev brez povezave.</string>
	<string name="IDS_EPI_FAIL_TEXT_VERSIONCHECK_NO_PACKAGES_EPI">Namestitveni program ni več veljaven in ga je treba nadomestiti. Za namestitev izdelka ustvarite nov namestitveni program ali se obrnite na skrbnika.</string>

	<string name="IDS_EPI_FAIL_TITLE_INCOMPATIBLE_OS">Nezdružljiv operacijski sistem</string>
	<string name="IDS_EPI_FAIL_TEXT_INCOMPATIBLE_OS">Izdelek ${bts.package.[${bts.var.package.current}].name} ni namenjen za vaš operacijski sistem. Obiščite &lt;a {{IDS_LINK_OFFLINE_INSTALLER}}&gt;www.eset.com&lt;/a&gt; in prenesite ustrezen izdelek ter ga namestite.</string>
	<string name="IDS_EPI_FAIL_TEXT_INCOMPATIBLE_OS_EPI">Izdelek ${bts.package.[${bts.var.package.current}].name} ni namenjen za vaš operacijski sistem.</string>

	<string name="IDS_EPI_FAIL_TITLE_INCOMPATIBLE_PACKAGE_X32">Nezdružljiv paket</string>
	<string name="IDS_EPI_FAIL_TEXT_INCOMPATIBLE_PACKAGE_X32">Ta namestitveni paket je za 32-bitne operacijske sisteme. Uporabite namestitveni paket za 64-bitne operacijske sisteme.</string>

	<string name="IDS_EPI_FAIL_TITLE_INCOMPATIBLE_PACKAGE_X64">Nezdružljiv paket</string>
	<string name="IDS_EPI_FAIL_TEXT_INCOMPATIBLE_PACKAGE_X64">Ta namestitveni paket je za 64-bitne operacijske sisteme. Uporabite namestitveni paket za 32-bitne operacijske sisteme.</string>

	<string name="IDS_EPI_FAIL_TITLE_INCOMPATIBLE_PRODUCT_INSTALLED">Nameščen je nezdružljiv izdelek</string>
	<string name="IDS_EPI_FAIL_TEXT_INCOMPATIBLE_PRODUCT_INSTALLED">Nezdružljiv izdelek {PRODUCT} je že nameščen. Ročno ga odstranite in znova začnite namestitev.</string>

	<string name="IDS_EPI_FAIL_TITLE_NEWER_VERSION_NOT_AVAILABLE">Najnovejša različica je že nameščena</string>
	<string name="IDS_EPI_FAIL_TEXT_NEWER_VERSION_NOT_AVAILABLE">V tem računalniku je že nameščena najnovejša različica izdelka ${bts.package.[${bts.var.package.default}].name}.</string>

	<string name="IDS_EPI_FAIL_TITLE_REFERRAL">Izdelka ni mogoče namestiti</string>
	<string name="IDS_EPI_FAIL_TEXT_REFERRAL">Izdelka ni mogoče namestiti, saj je v napravi že nameščen drug izdelek ESET.</string>
	<string name="IDS_EPI_FAIL_TEXT_REFERRAL_UPGRADE">Obstoječa različica izdelka ESET je zastarela in vam ne zagotavlja več najboljše zaščite.&lt;br/&gt;&lt;b&gt;Izboljšajte raven zaščite in nadgradite na najnovejšo različico BREZPLAČNO.&lt;/b&gt;</string>

	<string name="IDS_EPI_FAIL_TITLE_PACKAGE_NOT_FOUND">Paketa ni bilo mogoče najti</string>
	<string name="IDS_EPI_FAIL_TEXT_PACKAGE_NOT_FOUND">Namestitvenega paketa za {PRODUCT} ni mogoče najti.</string>

	<string name="IDS_EPI_FAIL_TITLE_PACKAGE_CORRUPTED">Paket je pokvarjen</string>
	<string name="IDS_EPI_FAIL_TEXT_PACKAGE_CORRUPTED">Namestitveni paket za {PRODUCT} je pokvarjen.</string>

	<string name="IDS_EPI_FAIL_TITLE_INSTALL_OUT_OF_SPACE">Zmanjkalo je prostora na disku</string>
	<string name="IDS_EPI_FAIL_TEXT_INSTALL_OUT_OF_SPACE">Na disku ni dovolj prostora za dokončanje postopka namestitve izdelka ${bts.package.[${bts.var.package.default}].name}.&lt;br/&gt;&lt;br/&gt;Poskrbite, da imate vsaj %u MB nezasedenega prostora, in poskusite znova.</string>
	<string name="IDS_EPI_FAIL_TEXT_INSTALL_OUT_OF_SPACE_EPI">Na disku ni dovolj prostora za dokončanje postopka namestitve vseh paketov.&lt;br/&gt;&lt;br/&gt;Poskrbite, da imate vsaj %u MB nezasedenega prostora, in poskusite znova.</string>

	<string name="IDS_EPI_FAIL_TITLE_SETUP">Namestitev ni bila uspešno zaključena</string>
	<string name="IDS_EPI_FAIL_TEXT_SETUP">Namestitev izdelka ${bts.package.[${bts.var.package.current}].name} ni bila uspešno zaključena. Sistem morda ni zaščiten pred grožnjami računalniku. ${bts.package.[${bts.var.package.current}].name} lahko v računalnik namestite tako, da znova zaženete namestitev.</string>
	<string name="IDS_EPI_FAIL_TEXT_SETUP_TROUBLESHOOT">Pri namestitvi izdelka ESET v napravo je prišlo do težave. Priporočamo, da zaženete orodje za odpravljanje težav. Orodje za odpravljanje težav bo težavo odpravilo, če je le mogoče.</string>
	<string name="IDS_EPI_FAIL_TEXT_SETUP_EPI">Namestitev izdelka ${bts.package.[${bts.var.package.current}].name} ni bila uspešno dokončana. Sistem morda ni zaščiten pred grožnjami za računalnik. Če želite v računalniku namestiti vse pakete, znova zaženite namestitev.</string>
	<string name="IDS_EPI_FAIL_TEXT_SETUP_ERROR_CODE">Koda napake: %s</string>

	<string name="IDS_EPI_FAIL_TITLE_ABORT">Postopek namestitve je prekinil uporabnik</string>
	<string name="IDS_EPI_FAIL_TEXT_ABORT">Namestitev izdelka ${bts.package.[${bts.var.package.default}].name} je prekinil uporabnik. ${bts.package.[${bts.var.package.default}].name} lahko v računalnik namestite tako, da znova zaženete namestitev.</string>
	<string name="IDS_EPI_FAIL_TEXT_ABORT_EPI">Uporabnik je prekinil namestitev. Če želite v računalniku namestiti vse pakete, znova zaženite namestitev.</string>

	<string name="IDS_EPI_FAIL_TITLE_INTERNAL_ERROR">Notranja napaka</string>
	<string name="IDS_EPI_FAIL_TEXT_INTERNAL_ERROR">Prišlo je do notranje napake. Znova začnite namestitev.</string>

	<string name="IDS_EPI_TROUBLESHOOT_FINISH_TITLE">Postopek orodja za odpravljanje težav je dokončan</string>
	<string name="IDS_EPI_TROUBLESHOOT_SUCCESS_TITLE">Odpravljanje težav je bilo uspešno</string>
	<string name="IDS_EPI_TROUBLESHOOT_FAILED_TITLE">Odpravljanje težav ni bilo uspešno</string>
	<string name="IDS_EPI_TROUBLESHOOT_TEXT">&lt;b&gt;Priporočamo, da zaprete okno in znova zaženete računalnik. Po ponovnem zagonu računalnika znova zaženite namestitveni program.&lt;/b&gt;</string>
	<string name="IDS_EPI_TROUBLESHOOT_REBOOT_TEXT">&lt;b&gt;Za dokončanje postopka odpravljanja težav je potreben vnovični zagon. Zaprite okno in znova zaženite računalnik. Po ponovnem zagonu računalnika znova zaženite namestitveni program.&lt;/b&gt;</string>
	<string name="IDS_EPI_TROUBLESHOOT_CONTACT_TEXT">Če napake ne morete odpraviti, se obrnite na skrbnika sistema ali &lt;a {{IDS_LINK_SUPPORT}}&gt;tehnično podporo ESET.&lt;/a&gt;</string>

	<string name="IDS_EPI_CFG_SIMPLE_CAPTION">Nastavitve zaščite in namestitve</string>
	<string name="IDS_EPI_CFG_RECOMMENDED_CAPTION">Priporočeno</string>
	<string name="IDS_EPI_CFG_SIMPLE_PUA_CAPTION">Omogoči zaznavanje morebitno neželenih programov</string>
	<string name="IDS_EPI_CFG_SIMPLE_CEIP_CAPTION">Sodelujte v programu za izboljšanje izkušenj strank &lt;br/&gt; &lt;a type="command" href="gui.ceip.show"&gt; Katere podatke zbiramo?&lt;/a&gt;</string>
	<string name="IDS_EPI_CFG_SIMPLE_LGF_CAPTION">Omogoči sistem za povratne informacije ESET LiveGrid®</string>
	<string name="IDS_EPI_CFG_SIMPLE_CEIP_TEXT">Želimo zbirati anonimne podatke o uporabi izdelka. Zbrani podatki nam bodo pomagali izboljšati vašo izkušnjo in nikoli jih ne bomo delili s tretjimi osebami.</string>
	<string name="IDS_EPI_CFG_SIMPLE_CONTINUE">Nadaljuj</string>
	<string name="IDS_EPI_CFG_SIMPLE_ALL_CONTINUE">Dovoli vse in nadaljuj</string>

	<string name="IDS_EPI_BANNER_CAPTION1">Priprava namestitve</string>
	<string name="IDS_EPI_BANNER_DESCRIPTION1">Počakajte, da prenesemo namestitveni paket.</string>

	<string name="IDS_EPI_BANNER_CAPTION2">Namestitev se izvaja</string>
	<string name="IDS_EPI_BANNER_DESCRIPTION2">Postopek je skoraj dokončan. Počakajte do konca namestitve.</string>

	<string name="IDS_EPI_BANNER_CAPTION3">Neprimerljivo uspešen</string>
	<string name="IDS_EPI_BANNER_DESCRIPTION3">ESET-ova večplastna tehnologija uporablja inteligenco, ki temelji na številnih senzorjih po vsem svetu in vam tako zagotavlja največjo stopnjo zaščite z najnižjimi obremenitvami za vaš računalnik.</string>

	<string name="IDS_EPI_BANNER_CAPTION4">Hvala, ker ste izbrali ESET!</string>
	<string name="IDS_EPI_BANNER_DESCRIPTION4">Tehnologija ESET NOD32® je dobitnica rekordnega števila nagrad VB100.</string>

	<string name="IDS_EPI_BANNER_CAPTION5">Enostaven in centraliziran nadzor nad vašo IT varnostjo</string>
	<string name="IDS_EPI_BANNER_DESCRIPTION5">Ne glede na to, ali uporabljate konzolo za upravljanje varnosti v oblaku ali na mestu uporabe, boste dobili upravljavec z enim podoknom, ki omogoča izboljšano obvladovanje vseh vaših varnostnih izdelkov ESET kjer koli in kadar koli.</string>


</resources>
