﻿<?xml version="1.0" encoding="utf-8" ?>
<resources langname="Ελληνικά (Greek)" lcid="0408">

	<string name="IDS_EPI_INSTALL_STEP">Καλωσήρθατε|Συμφωνία άδειας χρήσης|AV Remover|Εγκατάσταση|Τέλος</string>

	<string name="IDS_EPI_ACTION_INIT">Προετοιμασία...</string>
	<string name="IDS_EPI_ACTION_EULA">Γίνεται λήψη των EULA...</string>
	<string name="IDS_EPI_ACTION_DUMP">Προετοιμασία πακέτου εγκατάστασης...</string>
	<string name="IDS_EPI_ACTION_CALC">Υπολογισμός διαθέσιμου χώρου...</string>
	<string name="IDS_EPI_ACTION_DETECTAV">Έλεγχος πιθανών συγκρουόμενων εφαρμογών...</string>
	<string name="IDS_EPI_ACTION_PACKAGECACHE">Ολοκλήρωση πακέτου χωρίς σύνδεση...</string>
	<string name="IDS_EPI_ACTION_CLEANUP_FOLDERS">Διαγραφή φακέλων...</string>
	<string name="IDS_EPI_ACTION_TROUBLESHOOTING">Αντιμετώπιση προβλημάτων, αυτό μπορεί να διαρκέσει μερικά λεπτά...</string>

	<string name="IDS_EPI_HOME_TITLE_EAV">Εγκατάσταση του ${bts.package.[0].name}</string>
	<string name="IDS_EPI_HOME_TEXT_EAV">Απολαύστε τη χρήση του υπολογιστή σας όταν εργάζεστε, όταν παίζετε και όταν επικοινωνείτε - με την προστασία που σας παρέχει η ESET.</string>
	<string name="IDS_EPI_HOME_TITLE_ESS">Εγκατάσταση του ${bts.package.[0].name}</string>
	<string name="IDS_EPI_HOME_TEXT_ESS">Απολαύστε τη χρήση του υπολογιστή σας όταν εργάζεστε, όταν παίζετε και όταν επικοινωνείτε - με την προστασία που σας παρέχει η ESET.</string>
	<string name="IDS_EPI_HOME_TITLE_EIS">Εγκατάσταση του ${bts.package.[0].name}</string>
	<string name="IDS_EPI_HOME_TEXT_EIS">Απολαύστε τη χρήση του υπολογιστή σας όταν εργάζεστε, όταν παίζετε και όταν επικοινωνείτε - με την προστασία που σας παρέχει η ESET.</string>
	<string name="IDS_EPI_HOME_TITLE_ESSP">Εγκατάσταση του ${bts.package.[0].name}</string>
	<string name="IDS_EPI_HOME_TEXT_ESSP">Απολαύστε τη χρήση του υπολογιστή σας όταν εργάζεστε, όταν παίζετε και όταν επικοινωνείτε - με την προστασία που σας παρέχει η ESET.</string>
	<string name="IDS_EPI_HOME_TITLE_EHS">Εγκατάσταση του ${bts.package.[0].name}</string>
	<string name="IDS_EPI_HOME_TEXT_EHS">Απολαύστε τη χρήση του υπολογιστή σας όταν εργάζεστε, όταν παίζετε και όταν επικοινωνείτε - με την προστασία που σας παρέχει η ESET.</string>
	<string name="IDS_EPI_HOME_TITLE_EEA">Εγκατάσταση του ${bts.package.[0].name}</string>
	<string name="IDS_EPI_HOME_SUBTITLE_EEA">Προηγμένη βασική προστασία για την επιχείρησή σας</string>
	<string name="IDS_EPI_HOME_TEXT_EEA">Το ${bts.package.[0].name} διαθέτει τη βραβευμένη τεχνολογία ανίχνευσης ESET NOD32® και προσφέρει στην επιχείρησή σας ελαφριά, προηγμένη βασική προστασία, που ενισχύεται από το σύστημα αξιολόγησης που βασίζεται στη φήμη και στηρίζεται στο cloud. Μπορείτε να ελέγχετε τα πάντα αβίαστα με την πλήρως ανασχεδιασμένη, φιλική προς το χρήστη κονσόλα διαδικτύου της ESET PROTECT.</string>
	<string name="IDS_EPI_HOME_TITLE_EES">Εγκατάσταση του ${bts.package.[0].name}</string>
	<string name="IDS_EPI_HOME_SUBTITLE_EES">Σουίτα προηγμένης ασφάλειας με πλήρεις λειτουργίες</string>
	<string name="IDS_EPI_HOME_TEXT_EES">Το ${bts.package.[0].name} είναι η σουίτα προηγμένης ασφάλειας με πλήρεις λειτουργίες, η οποία παρέχει περιεκτική προστασία πολλαπλών επιπέδων από όλους τους τύπους κακόβουλου λογισμικού. Απολαύστε χαμηλές απαιτήσεις συστήματος, οπτικοποιημένη υποστήριξη και επίβλεψη μέσω της νέας και ανανεωμένης κονσόλας διαδικτύου της ESET PROTECT.</string>

	<string name="IDS_EPI_HOME_TITLE_MULTI">Εγκατάσταση στοιχείων</string>
	<string name="IDS_EPI_INFO_TITLE_ERAA">Το ESET PROTECT θα διαχειρίζεται αυτό τον υπολογιστή</string>
	<string name="IDS_EPI_BUNDLE_TITLE">Σε αυτό το πρόγραμμα εγκατάστασης περιλαμβάνονται τα εξής στοιχεία</string>

	<string name="IDS_EPI_HOME_AVREMOVER_CHECK">Θέλω να καταργήσω την εγκατάσταση μη συμβατών προϊόντων ασφάλειας</string>
	<string name="IDS_EPI_HOME_NEW_VERSION_TEXT">Είναι διαθέσιμη ηλεκτρονικά μια πιο πρόσφατη έκδοση αυτού του προϊόντος και μπορείτε να τη λάβετε και να την εγκαταστήσετε αυτόματα αντί για την έκδοση που περιλαμβάνεται στο πακέτο.</string>
	<string name="IDS_EPI_HOME_NEW_VERSION_CHECKBOX">Εγκατάσταση της νεότερης έκδοσης</string>

<string name="IDS_EPI_HOME_NEED_HELP">Χρειάζεστε βοήθεια για την εγκατάσταση;</string>
	<string name="IDS_EPI_HOME_OPEN_INSTRUCTIONS">Ανοίξτε τις οδηγίες εγκατάστασης</string>
	<string name="IDS_EPI_HOME_OPEN_GUIDE">Ανοίξτε τον οδηγό χρήστη</string>

	<string name="IDS_EPI_LOCK_PASSWORD_TITLE">Οι ρυθμίσεις του ESET Security προστατεύονται με κωδικό πρόσβασης</string>
	<string name="IDS_EPI_LOCK_PASSWORD_SUBTITLE">Εισαγάγετε έναν έγκυρο κωδικό πρόσβασης για να συνεχίσετε.</string>
	<string name="IDS_EPI_LOCK_PASSWORD_TEXT">Κωδικός πρόσβασης</string>
	<string name="IDS_EPI_LOCK_PASSWORD_ERROR">Εσφαλμένος κωδικός πρόσβασης. Μπορείτε να επαναφέρετε τον κωδικό πρόσβασης&lt;br/&gt;στην ενότητα «Εγκατάσταση για προχωρημένους» του προϊόντος.</string>

	<string name="IDS_EPI_EULA_SINGLE_TITLE">Άδεια Χρήσης Τελικού Χρήστη</string>
	<string name="IDS_EPI_EULA_SAVEAS_FILTER">Κείμενο (*.txt)|*.txt|HTML (*.html,*.htm)|*.html;*.htm||</string>
	<string name="IDS_EPI_EULA_BUTTON_ACCEPT">Συμφωνώ</string>
	<string name="IDS_EPI_EULA_BUTTON_DECLINE">Δεν συμφωνώ</string>
	<string name="IDS_EPI_EULA_DECLINE">Η απόρριψη της Συμφωνίας Άδειας Χρήσης Τελικού Χρήστη θα κλείσει το πρόγραμμα εγκατάστασης. Θέλετε οπωσδήποτε να προχωρήσετε;</string>

	<string name="IDS_EPI_DETECTAV_TITLE">Σάρωση</string>
	<string name="IDS_EPI_DETECTAV_TEXT01">Βρέθηκαν άλλα προϊόντα ασφαλείας</string>
	<string name="IDS_EPI_DETECTAV_TEXT02">Η εκτέλεση δύο λύσεων ασφάλειας ταυτόχρονα μπορεί να προκαλέσει αστάθεια. Για να επιλύσετε αυτό το ζήτημα, καταργήστε την εγκατάσταση του λογισμικού ασφαλείας με διένεξη στο σύστημά σας.</string>
	<string name="IDS_EPI_DETECTAV_UNINSTALL">Τρόπος απεγκατάστασης άλλου λογισμικού antivirus</string>

	<string name="IDS_EPI_PACKAGECACHE_TITLE">Προκαταρκτική λήψη στοιχείων</string>
	<string name="IDS_EPI_PACKAGECACHE_TEXT">Πραγματοποιήστε προκαταρκτική λήψη των στοιχείων που περιλαμβάνονται στο Πακέτο προγράμματος εγκατάστασης (Πρόγραμμα ζωντανής εγκατάστασης) για να επιταχύνετε τη διαδικασία ανάπτυξης όταν έχετε περιορισμένη σύνδεση στο Internet.</string>
	<string name="IDS_EPI_PACKAGECACHE_HOW01">&lt;b&gt;Κάντε κλικ στο κουμπί λήψης&lt;/b&gt; και το %1 θα δημιουργηθεί, θα ληφθεί και θα αποθηκευτεί στον υπολογιστή σας.</string>
	<string name="IDS_EPI_PACKAGECACHE_HOW02">&lt;b&gt;Αντιγράψτε το %1 και το %2 στον ίδιο φάκελο.&lt;/b&gt; Μπορείτε να χρησιμοποιήσετε έναν κοινόχρηστο χώρο δικτύου ή μια μονάδα USB.</string>
	<string name="IDS_EPI_PACKAGECACHE_HOW03">&lt;b&gt;Εκτελέστε το %2 σε οποιονδήποτε υπολογιστή από τον κοινόχρηστο φάκελο ή τη μονάδα USB.&lt;/b&gt; Το %2 θα χρησιμοποιήσει τα στοιχεία της προκαταρκτικής λήψης χωρίς να πραγματοποιήσει νέα λήψη τους.</string>

	<string name="IDS_EPI_DOWNLOAD_PACKAGE_SINGLE">Γίνεται λήψη...</string>
	<string name="IDS_EPI_DOWNLOAD_PACKAGE_MULTI">Γίνεται λήψη %1...</string>

	<string name="IDS_EPI_CFG_LGF_CAPTION_CONSUMER">Οι αριθμοί έχουν δύναμη. Αποκτήστε το μέγιστο επίπεδο προστασίας.</string>
	<string name="IDS_EPI_CFG_LGF_TEXT_CONSUMER">Το σύστημα σχολίων του ESET LiveGrid® μας επιτρέπει να συλλέγουμε πληροφορίες σχετικά με ύποπτα αντικείμενα, τα οποία επεξεργαζόμαστε αυτόματα για τη δημιουργία μηχανισμών ανίχνευσης στο σύστημά μας στο cloud. Στη συνέχεια, εφαρμόζουμε αμέσως αυτούς τους μηχανισμούς για να διασφαλίζουμε ότι οι πελάτες μας έχουν το μέγιστο επίπεδο προστασίας.</string>
	<string name="IDS_EPI_CFG_LGF_CAPTION_BUSINESS">Βοηθήστε μας να σας προσφέρουμε ακόμα καλύτερη ασφάλεια.</string>
	<string name="IDS_EPI_CFG_LGF_TEXT_BUSINESS">Το σύστημα σχολίων του ESET LiveGrid® χρησιμοποιεί περισσότερους από 100 εκατομμύρια αισθητήρες παγκοσμίως που μας επιτρέπουν να συλλέγουμε στατιστικά στοιχεία και πληροφορίες σχετικά με ύποπτα αντικείμενα, τα οποία επεξεργαζόμαστε αυτόματα για τη δημιουργία μηχανισμών ανίχνευσης, χρησιμοποιώντας το σύστημα αξιολόγησης που βασίζεται στη φήμη και στηρίζεται στο cloud.</string>
	<string name="IDS_EPI_CFG_LGF_ENABLE">Ενεργοποίηση του συστήματος σχολίων του ESET LiveGrid® (συνιστάται)</string>
	<string name="IDS_EPI_CFG_LGF_DISABLE">Απενεργοποίηση συστήματος σχολίων ESET LiveGrid®</string>

	<string name="IDS_EPI_CFG_PUA_CAPTION">Ανίχνευση ενδεχομένως ανεπιθύμητων εφαρμογών</string>
	<string name="IDS_EPI_CFG_PUA_TEXT">Η ESET μπορεί να ανιχνεύσει &lt;a {{IDS_HELP_PUA_LINK}}&gt;ενδεχομένως ανεπιθύμητες εφαρμογές&lt;/a&gt; και να ζητήσει επιβεβαίωση για την εγκατάστασή τους. Οι ενδεχομένως ανεπιθύμητες εφαρμογές ίσως να μην αποτελούν κίνδυνο ασφαλείας, αλλά είναι δυνατόν να επηρεάσουν τις επιδόσεις, την ταχύτητα και την αξιοπιστία του υπολογιστή ή να προκαλέσουν αλλαγές στη συμπεριφορά του. Συνήθως ζητούν τη συγκατάθεση του χρήστη πριν από την εγκατάστασή τους.</string>
	<string name="IDS_EPI_CFG_PUA_ENABLE">Ενεργοποίηση ανίχνευσης ενδεχομένως ανεπιθύμητων εφαρμογών</string>
	<string name="IDS_EPI_CFG_PUA_DISABLE">Απενεργοποίηση ανίχνευσης ενδεχομένως ανεπιθύμητων εφαρμογών</string>

	<string name="IDS_EPI_CFG_CEIP_CAPTION">Συμμετοχή στο Πρόγραμμα βελτίωσης εμπειρίας του πελάτη</string>
	<string name="IDS_EPI_CFG_CEIP_TEXT">Θα θέλαμε να συλλέξουμε ανώνυμες πληροφορίες σχετικά με τον τρόπο που χρησιμοποιείται αυτό το προϊόν. Τα δεδομένα που θα συλλεχτούν θα μας βοηθήσουν να βελτιώσουμε την εμπειρία σας και δεν θα κοινοποιηθούν ποτέ σε τρίτους.&lt;a type="command" href="gui.ceip.show"&gt; Τι πληροφορίες συλλέγουμε;&lt;/a&gt;</string>
	<string name="IDS_EPI_CFG_CEIP_YES">Ναι, θέλω να συμμετέχω στο πρόγραμμα (συνιστάται)</string>
	<string name="IDS_EPI_CFG_CEIP_NO">Όχι, δεν θέλω να συμμετέχω στο πρόγραμμα</string>

	<string name="IDS_EPI_CFG_EULA_CAPTION">Συμφωνία άδειας χρήσης τελικού χρήστη</string>
	<string name="IDS_EPI_CFG_EULA_DESCRIPTION">Εάν κάνετε κλικ σε οποιοδήποτε από τα παρακάτω κουμπιά «Συνέχεια», αποδέχεστε τη &lt;a {{IDS_LINK_SHOW_EULA}}&gt;Συμφωνία Άδειας Χρήσης Τελικού Χρήστη&lt;/a&gt; και την &lt;a {{IDS_LINK_SHOW_PRIVACY_POLICY}}&gt;Πολιτική απορρήτου.&lt;/a&gt;</string>
	<string name="IDS_EPI_CFG_EULA_MSGBOX_OK">ΟΚ</string>
	<string name="IDS_EPI_CFG_EULA_MSGBOX_NOT_AGREE">Δεν συμφωνώ</string>
	<string name="IDS_EPI_CFG_EULA_MSGBOX_SAVE">Αποθήκευση</string>

	<string name="IDS_EPI_CFG_BUTTON_ADVANCED">Αλλαγή φακέλου εγκατάστασης</string>
	<string name="IDS_EPI_CFG_FOLDERS_INSTALL">Φάκελος προϊόντος:</string>
	<string name="IDS_EPI_CFG_FOLDERS_DATA">Φάκελος δεδομένων:</string>
	<string name="IDS_EPI_CFG_FOLDERS_MODULE">Φάκελος μονάδας:</string>
	<string name="IDS_EPI_CFG_FOLDERS_VALIDATOR_INVALID">Επιλέχτηκε μη έγκυρος φάκελος.</string>

	<string name="IDS_EPI_CFG_ALREADY_CONFIGURED">Η ρύθμιση παραμέτρων των ρυθμίσεων εγκατάστασης έχει ήδη εκτελεστεί.</string>

	<string name="IDS_EPI_NONEMPTY_FOLDER_WARNING_TITLE">Ο φάκελος εγκατάστασης πρέπει να είναι κενός</string>
	<string name="IDS_EPI_NONEMPTY_FOLDER_WARNING_MESSAGE_SINGULAR">Για να συνεχιστεί η εγκατάσταση, θα καταργηθεί ο υπάρχων φάκελος:</string>
	<string name="IDS_EPI_NONEMPTY_FOLDER_WARNING_MESSAGE_PLURAL">Για να συνεχιστεί η εγκατάσταση, θα καταργηθούν οι υπάρχοντες φάκελοι:</string>
	<string name="IDS_EPI_NONEMPTY_FOLDER_QUESTION">&lt;b&gt;Συμφωνείτε με την κατάργηση των φακέλων και τη συνέχεια της εγκατάστασης;&lt;/b&gt;</string>

	<string name="IDS_EPI_DISKSPACE_TITLE">Ο χώρος δίσκου εξαντλήθηκε</string>
	<string name="IDS_EPI_DISKSPACE_TEXT01">Δεν υπάρχει χώρος στο δίσκο. Οι τόμοι που επισημαίνονται δεν διαθέτουν αρκετό διαθέσιμο χώρο για την εγκατάσταση. Ελέγξτε τον διαθέσιμο χώρο στο δίσκο και προσπαθήστε ξανά.</string>
	<string name="IDS_EPI_DISKSPACE_HEADER01">Μονάδα δίσκου</string>
	<string name="IDS_EPI_DISKSPACE_HEADER02">Χωρητικότητα</string>
	<string name="IDS_EPI_DISKSPACE_HEADER03">Ελεύθερος χώρος</string>
	<string name="IDS_EPI_DISKSPACE_HEADER04">Απαιτούμενος χώρος</string>

	<string name="IDS_EPI_INSTALL_PACKAGE_SINGLE">Γίνεται εγκατάσταση...</string>
	<string name="IDS_EPI_INSTALL_PACKAGE_MULTI">Γίνεται εγκατάσταση %1...</string>

	<string name="IDS_EPI_DONE_TITLE">Η εγκατάσταση έγινε με επιτυχία</string>
	<string name="IDS_EPI_DONE_TEXT01">Το ${bts.package.[${bts.var.package.default}].name} εγκαταστάθηκε με επιτυχία στον υπολογιστή σας. Ο υπολογιστής σας θα ελέγχεται συνεχώς για ιούς και κακόβουλο λογισμικό. &lt;br/&gt; &lt;br/&gt; Ευχαριστούμε που επιλέξατε την ESET! &lt;br/&gt; &lt;br/&gt; &lt;br/&gt; Κάντε κλικ στο στοιχείο &lt;i&gt;Τέλος&lt;/i&gt; για να ολοκληρωθεί η εγκατάσταση του προϊόντος.</string>
	<string name="IDS_EPI_DONE_TEXT01_EPI">Όλα τα πακέτα εγκαταστάθηκαν με επιτυχία στον υπολογιστή σας. &lt;br/&gt; &lt;br/&gt; Κάντε κλικ στο στοιχείο &lt;i&gt;Ολοκληρώθηκε&lt;/i&gt; για να ολοκληρωθεί η ρύθμιση του προϊόντος.</string>
		<string name="IDS_EPI_DONE_PACKAGECACHE_CAPTION">Το %1 και το %2 πρέπει να βρίσκονται στον ίδιο φάκελο κατά την εκτέλεση.</string>
	<string name="IDS_EPI_DONE_PACKAGECACHE_DESCRIPTION">Η λήψη του %1 ολοκληρώθηκε και αποθηκεύτηκε στο φάκελο:&lt;br/&gt;</string>

	<string name="IDS_EPI_FAIL_FAILED_TITLE">Η εγκατάσταση απέτυχε</string>
	<string name="IDS_EPI_FAIL_FINISH_TITLE">Η εγκατάσταση ολοκληρώθηκε</string>
	<string name="IDS_EPI_FAIL_KNOWLEDGEBASE">Αναζητήστε λύση στη Γνωσιακή βάση της ESET.</string>
	<string name="IDS_EPI_FAIL_TROUBLESHOOT">Εκτέλεση αντιμετώπισης προβλημάτων</string>
	<string name="IDS_EPI_FAIL_TS_LINK">Επικοινωνία με την Τεχνική υποστήριξη της ESET</string>
	<string name="IDS_EPI_FAIL_RESTART">Επανεκκίνηση υπολογιστή</string>

	<string name="IDS_EPI_FAIL_TITLE_OS">Μη ενημερωμένη έκδοση των Microsoft Windows</string>
	<string name="IDS_EPI_FAIL_TEXT_OS_OUTDATED">Το ESET Security δεν υποστηρίζει τη μη ενημερωμένη έκδοση των Microsoft Windows που διαθέτετε. Κάντε κλικ στο στοιχείο «Κλείσιμο» για έξοδο από την εγκατάσταση.</string>
	<string name="IDS_EPI_FAIL_TEXT_OS_NOT_SUPPORTED">Αυτό το προϊόν δεν υποστηρίζεται πλέον στη μη ενημερωμένη έκδοση των Microsoft Windows. &lt;a {{IDS_LINK_PRODUCT_OPTIONS}}&gt;Δείτε τις επιλογές σας&lt;/a&gt;</string>
	<string name="IDS_EPI_FAIL_TEXT_OS_NOT_SUPPORTED_BUSINESS">Αυτό το προϊόν δεν υποστηρίζεται πλέον στη μη ενημερωμένη έκδοση των Microsoft Windows που διαθέτετε.</string>

	<string name="IDS_EPI_FAIL_TITLE_EULA_REJECTED">Άδεια Χρήσης Τελικού Χρήστη</string>
	<string name="IDS_EPI_FAIL_TEXT_EULA_REJECTED">Η Συμφωνία Άδειας Χρήσης Τελικού Χρήστη δεν έγινε δεκτή.</string>

	<string name="IDS_EPI_FAIL_TITLE_CONNECTION">Σφάλμα σύνδεσης</string>
	<string name="IDS_EPI_FAIL_TEXT_CONNECTION">Η σύνδεσή σας στο Internet δεν λειτουργεί. Δεν είναι δυνατή η εγκατάσταση του προϊόντος. &lt;a {{IDS_LINK_INTERNET_SETTINGS}}&gt;Ελέγξτε τη σύνδεσή σας στο Internet&lt;/a&gt; και δοκιμάστε ξανά την εγκατάσταση.&lt;br/&gt;&lt;br/&gt;Χρησιμοποιείτε διακομιστή μεσολάβησης; Αλλάξτε τις ρυθμίσεις διακομιστή μεσολάβησης και προσπαθήστε ξανά.</string>
	<string name="IDS_EPI_FAIL_TEXT_CONNECTION_EPI">Η σύνδεσή σας στο Internet δεν λειτουργεί. Δεν είναι δυνατή η εγκατάσταση των πακέτων. &lt;a {{IDS_LINK_INTERNET_SETTINGS}}&gt;Ελέγξτε τη σύνδεσή σας στο Internet&lt;/a&gt; και δοκιμάστε ξανά την εγκατάσταση.&lt;br/&gt;&lt;br/&gt;Χρησιμοποιείτε διακομιστή μεσολάβησης; Αλλάξτε τις ρυθμίσεις διακομιστή μεσολάβησης και προσπαθήστε ξανά.</string>

	<string name="IDS_EPI_FAIL_TITLE_DOWNLOAD_ERROR">Σφάλμα λήψης</string>
	<string name="IDS_EPI_FAIL_TEXT_DOWNLOAD_ERROR">Παρουσιάστηκε ένα σφάλμα κατά τη λήψη δεδομένων από το διακομιστή. Ελέγξτε τη σύνδεση δικτύου και προσπαθήστε ξανά.&lt;br/&gt;&lt;br/&gt;Εάν εξακολουθείτε να αντιμετωπίζετε προβλήματα, επισκεφτείτε τη διεύθυνση &lt;a {{IDS_LINK_OFFLINE_INSTALLER}}&gt;www.eset.com&lt;/a&gt; για λήψη του προγράμματος εγκατάστασης εκτός σύνδεσης.</string>
	<string name="IDS_EPI_FAIL_TEXT_DOWNLOAD_ERROR_EPI">Παρουσιάστηκε ένα σφάλμα κατά τη λήψη δεδομένων από το διακομιστή. Ελέγξτε τη σύνδεση δικτύου και προσπαθήστε ξανά.</string>

	<string name="IDS_EPI_FAIL_TITLE_INVALID_SERVER_RESPONSE">Μη έγκυρη απόκριση</string>
	<string name="IDS_EPI_FAIL_TEXT_INVALID_SERVER_RESPONSE">Λήφθηκε μη έγκυρη απόκριση από το διακομιστή.</string>

	<string name="IDS_EPI_FAIL_TITLE_INVALID_INSTALLER">Μη έγκυρο πρόγραμμα εγκατάστασης</string>
	<string name="IDS_EPI_FAIL_TEXT_INVALID_INSTALLER">Αυτό το πρόγραμμα εγκατάστασης δεν είναι πλέον έγκυρο και πρέπει να αντικατασταθεί. Κατεβάστε ένα νέο πρόγραμμα εγκατάστασης, για να εγκαταστήσετε αυτό το προϊόν.</string>
	<string name="IDS_EPI_FAIL_TEXT_INVALID_INSTALLER_EPI">Αυτό το πρόγραμμα εγκατάστασης δεν είναι πλέον έγκυρο και πρέπει να αντικατασταθεί. Για να εγκαταστήσετε αυτό το προϊόν, δημιουργήστε ένα νέο πρόγραμμα εγκατάστασης ή επικοινωνήστε με τον διαχειριστή σας.</string>

	<string name="IDS_EPI_FAIL_TITLE_VERSIONCHECK_NO_PACKAGES">Δεν βρέθηκε συμβατό πακέτο</string>
	<string name="IDS_EPI_FAIL_TEXT_VERSIONCHECK_NO_PACKAGES">Δεν υπάρχει διαθέσιμο συμβατό πακέτο εγκατάστασης στο διακομιστή. Επισκεφτείτε τη διεύθυνση &lt;a {{IDS_LINK_OFFLINE_INSTALLER}}&gt;www.eset.com&lt;/a&gt; για λήψη του προγράμματος εγκατάστασης εκτός σύνδεσης.</string>
	<string name="IDS_EPI_FAIL_TEXT_VERSIONCHECK_NO_PACKAGES_EPI">Αυτό το πρόγραμμα εγκατάστασης δεν είναι πλέον έγκυρο και πρέπει να αντικατασταθεί. Για να εγκαταστήσετε αυτό το προϊόν, δημιουργήστε ένα νέο πρόγραμμα εγκατάστασης ή επικοινωνήστε με τον διαχειριστή σας.</string>

	<string name="IDS_EPI_FAIL_TITLE_INCOMPATIBLE_OS">Μη συμβατό λειτουργικό σύστημα</string>
	<string name="IDS_EPI_FAIL_TEXT_INCOMPATIBLE_OS">Το ${bts.package.[${bts.var.package.current}].name} δεν προορίζεται για τα λειτουργικά συστήματά σας. Κάντε λήψη και εγκατάσταση ενός προϊόντος από τη διεύθυνση &lt;a {{IDS_LINK_OFFLINE_INSTALLER}}&gt;www.eset.com&lt;/a&gt;.</string>
	<string name="IDS_EPI_FAIL_TEXT_INCOMPATIBLE_OS_EPI">Το ${bts.package.[${bts.var.package.current}].name} δεν προορίζεται για τα λειτουργικά συστήματά σας.</string>

	<string name="IDS_EPI_FAIL_TITLE_INCOMPATIBLE_PACKAGE_X32">Μη συμβατό πακέτο</string>
	<string name="IDS_EPI_FAIL_TEXT_INCOMPATIBLE_PACKAGE_X32">Αυτό το πακέτο εγκατάστασης προορίζεται για λειτουργικά συστήματα 32-bit. Χρησιμοποιήστε πακέτο εγκατάστασης για λειτουργικά συστήματα 64-bit.</string>

	<string name="IDS_EPI_FAIL_TITLE_INCOMPATIBLE_PACKAGE_X64">Μη συμβατό πακέτο</string>
	<string name="IDS_EPI_FAIL_TEXT_INCOMPATIBLE_PACKAGE_X64">Αυτό το πακέτο εγκατάστασης προορίζεται για λειτουργικά συστήματα 64-bit. Χρησιμοποιήστε πακέτο εγκατάστασης για λειτουργικά συστήματα 32-bit.</string>

	<string name="IDS_EPI_FAIL_TITLE_INCOMPATIBLE_PRODUCT_INSTALLED">Εγκαταστάθηκε μη συμβατό προϊόν</string>
	<string name="IDS_EPI_FAIL_TEXT_INCOMPATIBLE_PRODUCT_INSTALLED">Ένα μη συμβατό προϊόν {PRODUCT} έχει ήδη εγκατασταθεί. Απεγκαταστήστε το χειροκίνητα και ξεκινήστε την εγκατάσταση ξανά.</string>

	<string name="IDS_EPI_FAIL_TITLE_NEWER_VERSION_NOT_AVAILABLE">Η πιο πρόσφατη έκδοση είναι ήδη εγκατεστημένη</string>
	<string name="IDS_EPI_FAIL_TEXT_NEWER_VERSION_NOT_AVAILABLE">Η πιο πρόσφατη έκδοση του ${bts.package.[${bts.var.package.default}].name} είναι ήδη εγκατεστημένη σε αυτό τον υπολογιστή.</string>

	<string name="IDS_EPI_FAIL_TITLE_REFERRAL">Δεν είναι δυνατή η εγκατάσταση του προϊόντος</string>
	<string name="IDS_EPI_FAIL_TEXT_REFERRAL">Δεν είναι δυνατή η εγκατάσταση του προϊόντος, επειδή ένα άλλο προϊόν της ESET έχει ήδη εγκατασταθεί σε αυτήν τη συσκευή.</string>
	<string name="IDS_EPI_FAIL_TEXT_REFERRAL_UPGRADE">Η υπάρχουσα έκδοση του ESET είναι παλιά και δεν σας εγγυάται πλέον την καλύτερη προστασία.&lt;br/&gt;&lt;b&gt;Βελτιώστε την προστασία της ασφάλειάς σας με αναβάθμιση στην πιο πρόσφατη έκδοση ΔΩΡΕΑΝ.&lt;/b&gt;</string>

	<string name="IDS_EPI_FAIL_TITLE_PACKAGE_NOT_FOUND">Το πακέτο δεν βρέθηκε</string>
	<string name="IDS_EPI_FAIL_TEXT_PACKAGE_NOT_FOUND">Το πακέτο εγκατάστασης {PRODUCT} δεν βρέθηκε.</string>

	<string name="IDS_EPI_FAIL_TITLE_PACKAGE_CORRUPTED">Το πακέτο είναι κατεστραμμένο</string>
	<string name="IDS_EPI_FAIL_TEXT_PACKAGE_CORRUPTED">Το πακέτο εγκατάστασης {PRODUCT} είναι κατεστραμμένο.</string>

	<string name="IDS_EPI_FAIL_TITLE_INSTALL_OUT_OF_SPACE">Ο χώρος δίσκου εξαντλήθηκε</string>
	<string name="IDS_EPI_FAIL_TEXT_INSTALL_OUT_OF_SPACE">Ο χώρος στο δίσκο δεν επαρκεί για την ολοκλήρωση της εγκατάστασης του ${bts.package.[${bts.var.package.default}].name}.&lt;br/&gt;&lt;br/&gt;Βεβαιωθείτε ότι έχετε τουλάχιστον %u MB ελεύθερο χώρο και προσπαθήστε ξανά.</string>
	<string name="IDS_EPI_FAIL_TEXT_INSTALL_OUT_OF_SPACE_EPI">Ο χώρος στο δίσκο δεν επαρκεί για την ολοκλήρωση της εγκατάστασης όλων των πακέτων.&lt;br/&gt;&lt;br/&gt;Βεβαιωθείτε ότι έχετε τουλάχιστον %u MB ελεύθερο χώρο και προσπαθήστε ξανά.</string>

	<string name="IDS_EPI_FAIL_TITLE_SETUP">Η εγκατάσταση δεν ολοκληρώθηκε με επιτυχία</string>
	<string name="IDS_EPI_FAIL_TEXT_SETUP">Η εγκατάσταση του ${bts.package.[${bts.var.package.current}].name} δεν ολοκληρώθηκε με επιτυχία. Το σύστημα μπορεί να μην προστατεύεται από απειλές υπολογιστή. Για να εγκαταστήσετε το ${bts.package.[${bts.var.package.current}].name} στον υπολογιστή σας, εκτελέστε ξανά την εγκατάσταση.</string>
	<string name="IDS_EPI_FAIL_TEXT_SETUP_TROUBLESHOOT">Παρουσιάστηκε πρόβλημα κατά την εγκατάσταση του προϊόντος ESET στη συσκευή σας. Συνιστάται να εκτελέσετε ένα πρόγραμμα αντιμετώπισης προβλημάτων. Το πρόγραμμα αντιμετώπισης προβλημάτων θα επιλύσει το πρόβλημα, εάν είναι δυνατόν.</string>
	<string name="IDS_EPI_FAIL_TEXT_SETUP_EPI">Η εγκατάσταση του ${bts.package.[${bts.var.package.current}].name} δεν ολοκληρώθηκε με επιτυχία. Το σύστημα μπορεί να μη προστατεύεται από απειλές υπολογιστή. Για να εγκαταστήσετε όλα τα πακέτα στον υπολογιστή σας, εκτελέστε ξανά την εγκατάσταση.</string>
	<string name="IDS_EPI_FAIL_TEXT_SETUP_ERROR_CODE">Κωδικός σφάλματος: %s</string>

	<string name="IDS_EPI_FAIL_TITLE_ABORT">Η εγκατάσταση διακόπηκε από το χρήστη</string>
	<string name="IDS_EPI_FAIL_TEXT_ABORT">Η εγκατάσταση του ${bts.package.[${bts.var.package.default}].name} διακόπηκε από το χρήστη. Για να εγκαταστήσετε το ${bts.package.[${bts.var.package.default}].name} στον υπολογιστή σας, εκτελέστε ξανά την εγκατάσταση.</string>
	<string name="IDS_EPI_FAIL_TEXT_ABORT_EPI">Η εγκατάσταση διακόπηκε από το χρήστη. Για να εγκαταστήσετε όλα τα πακέτα στον υπολογιστή σας, εκτελέστε ξανά την εγκατάσταση.</string>

	<string name="IDS_EPI_FAIL_TITLE_INTERNAL_ERROR">Εσωτερικό σφάλμα</string>
	<string name="IDS_EPI_FAIL_TEXT_INTERNAL_ERROR">Παρουσιάστηκε ένα εσωτερικό σφάλμα. Προσπαθήστε ξανά για να ξεκινήσετε πάλι την εγκατάσταση.</string>

	<string name="IDS_EPI_TROUBLESHOOT_FINISH_TITLE">Το πρόγραμμα αντιμετώπισης προβλημάτων ολοκληρώθηκε</string>
	<string name="IDS_EPI_TROUBLESHOOT_SUCCESS_TITLE">Η αντιμετώπιση προβλημάτων ήταν επιτυχής</string>
	<string name="IDS_EPI_TROUBLESHOOT_FAILED_TITLE">Η αντιμετώπιση προβλημάτων δεν ήταν επιτυχής</string>
	<string name="IDS_EPI_TROUBLESHOOT_TEXT">&lt;b&gt;Συνιστάται να κλείσετε αυτό το παράθυρο και να επανεκκινήσετε τον υπολογιστή σας. Μετά την επανεκκίνηση, εκτελέστε ξανά αυτό το πρόγραμμα εγκατάστασης.&lt;/b&gt;</string>
	<string name="IDS_EPI_TROUBLESHOOT_REBOOT_TEXT">&lt;b&gt;Συνιστάται να εκτελέσετε επανεκκίνηση για να ολοκληρωθεί η αντιμετώπιση προβλημάτων. Κλείστε αυτό το παράθυρο και επανεκκινήστε τον υπολογιστή σας. Μετά την επανεκκίνηση, εκτελέστε ξανά αυτό το πρόγραμμα εγκατάστασης.&lt;/b&gt;</string>
	<string name="IDS_EPI_TROUBLESHOOT_CONTACT_TEXT">Σε περίπτωση που το σφάλμα επιμένει, επικοινωνήστε με το διαχειριστή συστήματος ή &lt;a {{IDS_LINK_SUPPORT}}&gt;με την Τεχνική υποστήριξη της ESET.&lt;/a&gt;</string>

	<string name="IDS_EPI_CFG_SIMPLE_CAPTION">Ρυθμίσεις προστασίας και εγκατάστασης</string>
	<string name="IDS_EPI_CFG_RECOMMENDED_CAPTION">Συνιστάται</string>
	<string name="IDS_EPI_CFG_SIMPLE_PUA_CAPTION">Ενεργοποίηση ανίχνευσης ενδεχομένως ανεπιθύμητων εφαρμογών</string>
	<string name="IDS_EPI_CFG_SIMPLE_CEIP_CAPTION">Συμμετοχή στο Πρόγραμμα βελτίωσης εμπειρίας του πελάτη &lt;br/&gt; &lt;a type="command" href="gui.ceip.show"&gt; Ποιες πληροφορίες συλλέγουμε;&lt;/a&gt;</string>
	<string name="IDS_EPI_CFG_SIMPLE_LGF_CAPTION">Ενεργοποίηση του συστήματος σχολίων του ESET LiveGrid®</string>
	<string name="IDS_EPI_CFG_SIMPLE_CEIP_TEXT">Θα θέλαμε να συλλέξουμε ανώνυμες πληροφορίες σχετικά με τον τρόπο που χρησιμοποιείται αυτό το προϊόν. Τα δεδομένα που θα συλλεχθούν θα μας βοηθήσουν να βελτιώσουμε την εμπειρία σας και δεν θα κοινοποιηθούν ποτέ σε τρίτους.</string>
	<string name="IDS_EPI_CFG_SIMPLE_CONTINUE">Συνέχεια</string>
	<string name="IDS_EPI_CFG_SIMPLE_ALL_CONTINUE">Να επιτρέπονται όλα και συνέχεια</string>

	<string name="IDS_EPI_BANNER_CAPTION1">Προετοιμασία εγκατάστασης</string>
	<string name="IDS_EPI_BANNER_DESCRIPTION1">Περιμένετε μέχρι να πραγματοποιηθεί η λήψη του πακέτου εγκατάστασης.</string>

	<string name="IDS_EPI_BANNER_CAPTION2">Εγκατάσταση σε εξέλιξη</string>
	<string name="IDS_EPI_BANNER_DESCRIPTION2">Σχεδόν ολοκληρώθηκε! Περιμένετε μέχρι να ολοκληρωθεί η εγκατάσταση.</string>

	<string name="IDS_EPI_BANNER_CAPTION3">Ασύγκριτες επιδόσεις</string>
	<string name="IDS_EPI_BANNER_DESCRIPTION3">Η πολυεπίπεδη τεχνολογία της ESET αξιοποιεί πληροφορίες από 100 εκ. αισθητήρες παγκοσμίως, ώστε να να παρέχει τη μέγιστη προστασία με τις χαμηλότερες δυνατές απαιτήσεις συστήματος.</string>

	<string name="IDS_EPI_BANNER_CAPTION4">Ευχαριστούμε που επιλέξατε την ESET!</string>
	<string name="IDS_EPI_BANNER_DESCRIPTION4">Η τεχνολογία ESET NOD32® διατηρεί παγκόσμιο ρεκόρ συνεχόμενων και συνολικού αριθμού βραβεύσεων στο VB100.</string>

	<string name="IDS_EPI_BANNER_CAPTION5">Απλός, κεντρικός έλεγχος της IT ασφάλειάς σας</string>
	<string name="IDS_EPI_BANNER_DESCRIPTION5">Ανεξάρτητα εάν η κονσόλα διαχείρισης ασφάλειας που χρησιμοποιείτε βασίζεται σε cloud ή αποτελεί εσωτερική εγκατάσταση, θα λάβετε έναν ελεγκτή με ένα μοναδικό παράθυρο, ο οποίος σάς παρέχει βελτιωμένο έλεγχο όλων των προϊόντων ασφάλειας ESET, οπουδήποτε και ανά πάσα στιγμή.</string>


</resources>
