﻿<?xml version="1.0" encoding="utf-8" ?>
<resources langname="繁體中文 (traditional Chinese)" lcid="0404">

	<string name="IDS_EPI_INSTALL_STEP">歡迎使用|授權合約|AV Remover|安裝|完成</string>

	<string name="IDS_EPI_ACTION_INIT">初始化中...</string>
	<string name="IDS_EPI_ACTION_EULA">正在下載 EULA...</string>
	<string name="IDS_EPI_ACTION_DUMP">正在準備安裝套件...</string>
	<string name="IDS_EPI_ACTION_CALC">正在計算可用空間...</string>
	<string name="IDS_EPI_ACTION_DETECTAV">正在檢查是否存在可能的衝突應用程式...</string>
	<string name="IDS_EPI_ACTION_PACKAGECACHE">正在完成離線套件...</string>
	<string name="IDS_EPI_ACTION_CLEANUP_FOLDERS">正在刪除資料夾...</string>
	<string name="IDS_EPI_ACTION_TROUBLESHOOTING">正在疑難排解，這可能需要一段時間...</string>

	<string name="IDS_EPI_HOME_TITLE_EAV">安裝 ${bts.package.[0].name}</string>
	<string name="IDS_EPI_HOME_TEXT_EAV">讓 ESET 防護為您使用電腦進行工作、遊戲及連線時帶來更多樂趣。</string>
	<string name="IDS_EPI_HOME_TITLE_ESS">安裝 ${bts.package.[0].name}</string>
	<string name="IDS_EPI_HOME_TEXT_ESS">讓 ESET 防護為您使用電腦進行工作、遊戲及連線時帶來更多樂趣。</string>
	<string name="IDS_EPI_HOME_TITLE_EIS">安裝 ${bts.package.[0].name}</string>
	<string name="IDS_EPI_HOME_TEXT_EIS">讓 ESET 防護為您使用電腦進行工作、遊戲及連線時帶來更多樂趣。</string>
	<string name="IDS_EPI_HOME_TITLE_ESSP">安裝 ${bts.package.[0].name}</string>
	<string name="IDS_EPI_HOME_TEXT_ESSP">讓 ESET 防護為您使用電腦進行工作、遊戲及連線時帶來更多樂趣。</string>
	<string name="IDS_EPI_HOME_TITLE_EHS">安裝 ${bts.package.[0].name}</string>
	<string name="IDS_EPI_HOME_TEXT_EHS">讓 ESET 防護為您使用電腦進行工作、遊戲及連線時帶來更多樂趣。</string>
	<string name="IDS_EPI_HOME_TITLE_EEA">安裝 ${bts.package.[0].name}</string>
	<string name="IDS_EPI_HOME_SUBTITLE_EEA">您企業的進階基準防護</string>
	<string name="IDS_EPI_HOME_TEXT_EEA">${bts.package.[0].name}，配備了獲獎肯定的 ESET NOD32®偵測技術，為您的企業提供輕量型、進階基準防護、由雲端型聲譽系統增強功能。利用我們全部重新設計且方便使用的 ESET PROTECT web-console，輕鬆地控制程式。</string>
	<string name="IDS_EPI_HOME_TITLE_EES">安裝 ${bts.package.[0].name}</string>
	<string name="IDS_EPI_HOME_SUBTITLE_EES">功能完整、進階安全性的套件</string>
	<string name="IDS_EPI_HOME_TEXT_EES">${bts.package.[0].name} 是功能完整、進階安全性的套件，對於各種類型的惡意軟體提供完整且多層的防護。透過全新的 ESET PROTECT web-console 享受低系統需求、虛擬化支援和監督功能。</string>

	<string name="IDS_EPI_HOME_TITLE_MULTI">安裝元件</string>
	<string name="IDS_EPI_INFO_TITLE_ERAA">此電腦將受 ESET PROTECT 管理</string>
	<string name="IDS_EPI_BUNDLE_TITLE">此安裝程式包括下列元件</string>

	<string name="IDS_EPI_HOME_AVREMOVER_CHECK">我想要解除安裝不相容的安全性產品</string>
	<string name="IDS_EPI_HOME_NEW_VERSION_TEXT">您可以線上取得此產品的較新版本，且可自動下載並安裝，一氣呵成。</string>
	<string name="IDS_EPI_HOME_NEW_VERSION_CHECKBOX">安裝較新版本</string>

<string name="IDS_EPI_HOME_NEED_HELP">需要幫忙安裝?</string>
	<string name="IDS_EPI_HOME_OPEN_INSTRUCTIONS">開啟安裝指示</string>
	<string name="IDS_EPI_HOME_OPEN_GUIDE">開啟使用者指南</string>

	<string name="IDS_EPI_LOCK_PASSWORD_TITLE">ESET Security 設定未受密碼保護</string>
	<string name="IDS_EPI_LOCK_PASSWORD_SUBTITLE">請輸入有效的密碼以繼續。</string>
	<string name="IDS_EPI_LOCK_PASSWORD_TEXT">密碼</string>
	<string name="IDS_EPI_LOCK_PASSWORD_ERROR">密碼不正確。您可以在&lt;br/&gt;產品進階設定中還原密碼。</string>

	<string name="IDS_EPI_EULA_SINGLE_TITLE">使用者授權合約</string>
	<string name="IDS_EPI_EULA_SAVEAS_FILTER">文字 (*.txt)|*.txt|HTML (*.html,*.htm)|*.html;*.htm||</string>
	<string name="IDS_EPI_EULA_BUTTON_ACCEPT">我接受</string>
	<string name="IDS_EPI_EULA_BUTTON_DECLINE">我不接受</string>
	<string name="IDS_EPI_EULA_DECLINE">拒絕使用者授權合約將會關閉安裝程式。您確定要這樣做嗎?</string>

	<string name="IDS_EPI_DETECTAV_TITLE">正在掃描</string>
	<string name="IDS_EPI_DETECTAV_TEXT01">發現其他安全產品</string>
	<string name="IDS_EPI_DETECTAV_TEXT02">同時執行兩個安全性解決方案可能會導致系統不穩定。藉由解除安裝系統中存在衝突的安全性軟體來解決此問題。</string>
	<string name="IDS_EPI_DETECTAV_UNINSTALL">如何解除安裝其他防毒軟體</string>

	<string name="IDS_EPI_PACKAGECACHE_TITLE">預先下載元件</string>
	<string name="IDS_EPI_PACKAGECACHE_TEXT">預先下載包含在此套件安裝程式 (Live Installer) 的元件，讓您在有限的網際網路連線中加快部署程序的速度。</string>
	<string name="IDS_EPI_PACKAGECACHE_HOW01">&lt;b&gt;按一下下載按鈕&lt;/b&gt;，將會建立並下載 %1，並儲存到您的電腦。</string>
	<string name="IDS_EPI_PACKAGECACHE_HOW02">&lt;b&gt;複製 %1 並將 %2 置於相同的資料夾。&lt;/b&gt;您可以使用共用的網路空間或 USB 磁碟。</string>
	<string name="IDS_EPI_PACKAGECACHE_HOW03">&lt;b&gt;在任何電腦上的共用資料夾或 USB 磁碟上執行 %2。&lt;/b&gt;%2 將使用已預先下載的元件而不用重新下載元件。</string>

	<string name="IDS_EPI_DOWNLOAD_PACKAGE_SINGLE">下載中 ...</string>
	<string name="IDS_EPI_DOWNLOAD_PACKAGE_MULTI">%1 下載中 ...</string>

	<string name="IDS_EPI_CFG_LGF_CAPTION_CONSUMER">團結就是力量，取得最高層級的防護。</string>
	<string name="IDS_EPI_CFG_LGF_TEXT_CONSUMER">ESET LiveGrid® 意見系統可讓我們收集有關可疑物件的資訊，我們會在雲端系統中自動處理這些資訊，以建立偵測機制。然後立即套用這些機制，以確保客戶享有最高層級的防護。</string>
	<string name="IDS_EPI_CFG_LGF_CAPTION_BUSINESS">協助我們提供給您最好的安全性。</string>
	<string name="IDS_EPI_CFG_LGF_TEXT_BUSINESS">ESET LiveGrid® 意見系統在全球使用超過一億個感應器，可讓我們收集有關可疑物件的統計資料和資訊，我們使用雲端型聲譽系統自動處理這些資訊，建立偵測機制。然後立即套用這些機制，確保客戶享有最高層級的防護。</string>
	<string name="IDS_EPI_CFG_LGF_ENABLE">啟用 ESET LiveGrid® 意見系統 (建議)</string>
	<string name="IDS_EPI_CFG_LGF_DISABLE">停用 ESET LiveGrid® 意見系統</string>

	<string name="IDS_EPI_CFG_PUA_CAPTION">潛在不需要應用程式偵測</string>
	<string name="IDS_EPI_CFG_PUA_TEXT">ESET 能偵測&lt;a {{IDS_HELP_PUA_LINK}}&gt;潛在不需要應用程式&lt;/a&gt;，並在安裝這些應用程式之前要求確認。潛在不需要應用程式不一定具有安全風險，不過它們會影響電腦的效能、速度及可靠性，或導致行為變更。它們通常需要取得使用者的同意之後才會進行安裝。</string>
	<string name="IDS_EPI_CFG_PUA_ENABLE">啟用潛在不需要應用程式偵測</string>
	<string name="IDS_EPI_CFG_PUA_DISABLE">停用潛在不需要應用程式偵測</string>

	<string name="IDS_EPI_CFG_CEIP_CAPTION">加入客戶經驗改進計畫</string>
	<string name="IDS_EPI_CFG_CEIP_TEXT">我們想要收集關於此產品使用方式的匿名資訊。所收集的資料將協助我們改進您的體驗，且絕不會與第三方共用。&lt;a type="command" href="gui.ceip.show"&gt; 我們會收集哪些資訊?&lt;/a&gt;</string>
	<string name="IDS_EPI_CFG_CEIP_YES">是，我想加入計畫 (建議)</string>
	<string name="IDS_EPI_CFG_CEIP_NO">不，我不想加入計畫</string>

	<string name="IDS_EPI_CFG_EULA_CAPTION">使用者授權合約</string>
	<string name="IDS_EPI_CFG_EULA_DESCRIPTION">按一下下方的任何 [繼續] 按鈕，即代表您接受&lt;a {{IDS_LINK_SHOW_EULA}}&gt;使用者授權合約&lt;/a&gt;並瞭解&lt;a {{IDS_LINK_SHOW_PRIVACY_POLICY}}&gt;隱私權政策。&lt;/a&gt;</string>
	<string name="IDS_EPI_CFG_EULA_MSGBOX_OK">確定</string>
	<string name="IDS_EPI_CFG_EULA_MSGBOX_NOT_AGREE">我不同意</string>
	<string name="IDS_EPI_CFG_EULA_MSGBOX_SAVE">儲存</string>

	<string name="IDS_EPI_CFG_BUTTON_ADVANCED">變更安裝資料夾</string>
	<string name="IDS_EPI_CFG_FOLDERS_INSTALL">產品資料夾:</string>
	<string name="IDS_EPI_CFG_FOLDERS_DATA">資料資料夾:</string>
	<string name="IDS_EPI_CFG_FOLDERS_MODULE">模組資料夾:</string>
	<string name="IDS_EPI_CFG_FOLDERS_VALIDATOR_INVALID">選取的資料夾無效。</string>

	<string name="IDS_EPI_CFG_ALREADY_CONFIGURED">安裝設定已配置。</string>

	<string name="IDS_EPI_NONEMPTY_FOLDER_WARNING_TITLE">安裝資料夾必須為空</string>
	<string name="IDS_EPI_NONEMPTY_FOLDER_WARNING_MESSAGE_SINGULAR">若要繼續安裝，現有的資料夾將會遭到刪除:</string>
	<string name="IDS_EPI_NONEMPTY_FOLDER_WARNING_MESSAGE_PLURAL">若要繼續安裝，現有的資料夾將會遭到刪除:</string>
	<string name="IDS_EPI_NONEMPTY_FOLDER_QUESTION">&lt;b&gt;您是否同意刪除資料夾並繼續安裝?&lt;/b&gt;</string>

	<string name="IDS_EPI_DISKSPACE_TITLE">磁碟空間不足</string>
	<string name="IDS_EPI_DISKSPACE_TEXT01">您的磁碟空間不足。反白顯示的磁碟區沒有足夠的空間可用於安裝。檢查可用磁碟空間並再試一次。</string>
	<string name="IDS_EPI_DISKSPACE_HEADER01">磁碟機</string>
	<string name="IDS_EPI_DISKSPACE_HEADER02">容量</string>
	<string name="IDS_EPI_DISKSPACE_HEADER03">可用空間</string>
	<string name="IDS_EPI_DISKSPACE_HEADER04">需要空格</string>

	<string name="IDS_EPI_INSTALL_PACKAGE_SINGLE">安裝中 ...</string>
	<string name="IDS_EPI_INSTALL_PACKAGE_MULTI">%1 安裝中 ...</string>

	<string name="IDS_EPI_DONE_TITLE">安裝成功</string>
	<string name="IDS_EPI_DONE_TEXT01">${bts.package.[${bts.var.package.default}].name} 已成功安裝在您的電腦上。您的電腦將會持續檢查是否存在病毒和惡意軟體。 &lt;br/&gt; &lt;br/&gt; 感謝您選擇 ESET! &lt;br/&gt; &lt;br/&gt; &lt;br/&gt; 按一下 &lt;i&gt;[完成]&lt;/i&gt; 以完成產品安裝。</string>
	<string name="IDS_EPI_DONE_TEXT01_EPI">所有套件已成功安裝在您的電腦上。&lt;br/&gt;&lt;br/&gt;按一下 &lt;i&gt;[完成]&lt;/i&gt; 以完成產品設定。</string>
		<string name="IDS_EPI_DONE_PACKAGECACHE_CAPTION">執行時，%1 和 %2 必須位於相同的資料夾。</string>
	<string name="IDS_EPI_DONE_PACKAGECACHE_DESCRIPTION">%1 已下載並儲存到資料夾:&lt;br/&gt;</string>

	<string name="IDS_EPI_FAIL_FAILED_TITLE">安裝失敗</string>
	<string name="IDS_EPI_FAIL_FINISH_TITLE">安裝已完成</string>
	<string name="IDS_EPI_FAIL_KNOWLEDGEBASE">在 ESET 知識庫中搜尋解決方案。</string>
	<string name="IDS_EPI_FAIL_TROUBLESHOOT">執行疑難排解員</string>
	<string name="IDS_EPI_FAIL_TS_LINK">連絡 ESET 技術支援</string>
	<string name="IDS_EPI_FAIL_RESTART">重新啟動電腦</string>

	<string name="IDS_EPI_FAIL_TITLE_OS">Microsoft Windows 的過期版本</string>
	<string name="IDS_EPI_FAIL_TEXT_OS_OUTDATED">ESET Security 不支援您的 Microsoft Windows 過期版本。按一下 [關閉] 以結束安裝。</string>
	<string name="IDS_EPI_FAIL_TEXT_OS_NOT_SUPPORTED">您的 Microsoft Windows 過期版本不再支援此產品。&lt;a {{IDS_LINK_PRODUCT_OPTIONS}}&gt;查看您的選項&lt;/a&gt;</string>
	<string name="IDS_EPI_FAIL_TEXT_OS_NOT_SUPPORTED_BUSINESS">您的 Microsoft Windows 過期版本不再支援此產品。</string>

	<string name="IDS_EPI_FAIL_TITLE_EULA_REJECTED">使用者授權合約</string>
	<string name="IDS_EPI_FAIL_TEXT_EULA_REJECTED">不接受使用者授權合約。</string>

	<string name="IDS_EPI_FAIL_TITLE_CONNECTION">連線錯誤</string>
	<string name="IDS_EPI_FAIL_TEXT_CONNECTION">您的網際網路連線似乎沒有運作。 無法安裝產品。 &lt;a {{IDS_LINK_INTERNET_SETTINGS}}&gt;檢查您的網際網路連線&lt;/a&gt;，然後再次嘗試安裝。&lt;br/&gt;&lt;br/&gt;您是否使用 Proxy 伺服器? 變更您的 Proxy 伺服器設定，然後重試。</string>
	<string name="IDS_EPI_FAIL_TEXT_CONNECTION_EPI">您的網際網路連線似乎沒有運作。無法安裝套件。&lt;a {{IDS_LINK_INTERNET_SETTINGS}}&gt;檢查您的網際網路連線&lt;/a&gt;，然後再次嘗試安裝。&lt;br/&gt;&lt;br/&gt;您是否正在使用 Proxy 伺服器? 變更您的 Proxy 伺服器設定，然後重試。</string>

	<string name="IDS_EPI_FAIL_TITLE_DOWNLOAD_ERROR">下載錯誤</string>
	<string name="IDS_EPI_FAIL_TEXT_DOWNLOAD_ERROR">從伺服器下載資料時發生錯誤。請檢查您的網路連線，並再試一次。&lt;br/&gt;&lt;br/&gt;如果問題持續存在，請造訪 &lt;a {{IDS_LINK_OFFLINE_INSTALLER}}&gt;www.eset.com&lt;/a&gt; 下載離線安裝程式。</string>
	<string name="IDS_EPI_FAIL_TEXT_DOWNLOAD_ERROR_EPI">從伺服器下載資料時發生錯誤。請檢查您的網路連線，並再試一次。</string>

	<string name="IDS_EPI_FAIL_TITLE_INVALID_SERVER_RESPONSE">無效的回應</string>
	<string name="IDS_EPI_FAIL_TEXT_INVALID_SERVER_RESPONSE">從伺服器接收的回應無效。</string>

	<string name="IDS_EPI_FAIL_TITLE_INVALID_INSTALLER">無效的安裝程式</string>
	<string name="IDS_EPI_FAIL_TEXT_INVALID_INSTALLER">此安裝程式已失效且需更換。下載新安裝程式以安裝此產品。</string>
	<string name="IDS_EPI_FAIL_TEXT_INVALID_INSTALLER_EPI">此安裝程式已失效且需更換。產生新安裝程式或連絡管理員以安裝此產品。</string>

	<string name="IDS_EPI_FAIL_TITLE_VERSIONCHECK_NO_PACKAGES">找不到相容套件</string>
	<string name="IDS_EPI_FAIL_TEXT_VERSIONCHECK_NO_PACKAGES">伺服器上沒有相容的安裝套件。請造訪 &lt;a {{IDS_LINK_OFFLINE_INSTALLER}}&gt;www.eset.com&lt;/a&gt; 下載離線安裝程式。</string>
	<string name="IDS_EPI_FAIL_TEXT_VERSIONCHECK_NO_PACKAGES_EPI">此安裝程式已失效且需更換。產生新安裝程式或連絡管理員以安裝此產品。</string>

	<string name="IDS_EPI_FAIL_TITLE_INCOMPATIBLE_OS">不相容的作業系統</string>
	<string name="IDS_EPI_FAIL_TEXT_INCOMPATIBLE_OS">${bts.package.[${bts.var.package.current}].name} 不適用於您的作業系統。請從 &lt;a {{IDS_LINK_OFFLINE_INSTALLER}}&gt;www.eset.com&lt;/a&gt; 下載並安裝產品。</string>
	<string name="IDS_EPI_FAIL_TEXT_INCOMPATIBLE_OS_EPI">${bts.package.[${bts.var.package.current}].name} 不適用於您的作業系統。</string>

	<string name="IDS_EPI_FAIL_TITLE_INCOMPATIBLE_PACKAGE_X32">不相容的套件</string>
	<string name="IDS_EPI_FAIL_TEXT_INCOMPATIBLE_PACKAGE_X32">本安裝套件不適用於 32 位元的作業系統。請使用適用於 64 位元作業系統的安裝套件。</string>

	<string name="IDS_EPI_FAIL_TITLE_INCOMPATIBLE_PACKAGE_X64">不相容的套件</string>
	<string name="IDS_EPI_FAIL_TEXT_INCOMPATIBLE_PACKAGE_X64">本安裝套件不適用於 64 位元的作業系統。請使用適用於 32 位元作業系統的安裝套件。</string>

	<string name="IDS_EPI_FAIL_TITLE_INCOMPATIBLE_PRODUCT_INSTALLED">已安裝不相容的產品</string>
	<string name="IDS_EPI_FAIL_TEXT_INCOMPATIBLE_PRODUCT_INSTALLED">已安裝不相容的 {PRODUCT} 產品。請手動解除安裝該產品並再次開始安裝。</string>

	<string name="IDS_EPI_FAIL_TITLE_NEWER_VERSION_NOT_AVAILABLE">已安裝最新版本</string>
	<string name="IDS_EPI_FAIL_TEXT_NEWER_VERSION_NOT_AVAILABLE">這台電腦上已安裝 ${bts.package.[${bts.var.package.default}].name} 的最新版本。</string>

	<string name="IDS_EPI_FAIL_TITLE_REFERRAL">無法安裝產品</string>
	<string name="IDS_EPI_FAIL_TEXT_REFERRAL">無法安裝產品，因為其他的 ESET 產品已安裝在此裝置。</string>
	<string name="IDS_EPI_FAIL_TEXT_REFERRAL_UPGRADE">現有版本的 ESET 已過期，並且不再保證您獲得最佳的防護。&lt;br/&gt;&lt;b&gt;藉由「免費」升級到最新版本來改善您的安全性防護。&lt;/b&gt;</string>

	<string name="IDS_EPI_FAIL_TITLE_PACKAGE_NOT_FOUND">找不到套件</string>
	<string name="IDS_EPI_FAIL_TEXT_PACKAGE_NOT_FOUND">找不到 {PRODUCT} 安裝套件。</string>

	<string name="IDS_EPI_FAIL_TITLE_PACKAGE_CORRUPTED">套件已損毀</string>
	<string name="IDS_EPI_FAIL_TEXT_PACKAGE_CORRUPTED">{PRODUCT} 安裝套件已損毀。</string>

	<string name="IDS_EPI_FAIL_TITLE_INSTALL_OUT_OF_SPACE">磁碟空間不足</string>
	<string name="IDS_EPI_FAIL_TEXT_INSTALL_OUT_OF_SPACE">磁碟空間不足，無法完成安裝 ${bts.package.[${bts.var.package.default}].name}。&lt;br/&gt;&lt;br/&gt;請確定您擁有至少 %u MB 的可用空間並再試一次。</string>
	<string name="IDS_EPI_FAIL_TEXT_INSTALL_OUT_OF_SPACE_EPI">磁碟空間不足，無法完成安裝所有套件。&lt;br/&gt;&lt;br/&gt;請確定您擁有至少 %u MB 的可用空間並再試一次。</string>

	<string name="IDS_EPI_FAIL_TITLE_SETUP">安裝失敗</string>
	<string name="IDS_EPI_FAIL_TEXT_SETUP">${bts.package.[${bts.var.package.current}].name} 安裝失敗。可能無法保護系統阻擋電腦威脅。若要將 ${bts.package.[${bts.var.package.current}].name} 安裝在您的電腦上，請再次執行安裝。</string>
	<string name="IDS_EPI_FAIL_TEXT_SETUP_TROUBLESHOOT">在您的裝置上安裝 ESET 產品時出現問題。我們建議您執行疑難排解員。可以的話，疑難排解員將會解決問題。</string>
	<string name="IDS_EPI_FAIL_TEXT_SETUP_EPI">${bts.package.[${bts.var.package.current}].name} 安裝尚未完全成功。可能無法保護系統阻擋電腦威脅。若要將所有套件安裝在您的電腦上，請再次執行安裝。</string>
	<string name="IDS_EPI_FAIL_TEXT_SETUP_ERROR_CODE">錯誤代碼: %s</string>

	<string name="IDS_EPI_FAIL_TITLE_ABORT">使用者已中斷安裝</string>
	<string name="IDS_EPI_FAIL_TEXT_ABORT">使用者已中斷 ${bts.package.[${bts.var.package.default}].name} 的安裝。若要將 ${bts.package.[${bts.var.package.default}].name} 安裝在您的電腦上，請再次執行安裝。</string>
	<string name="IDS_EPI_FAIL_TEXT_ABORT_EPI">安裝已由使用者中斷。若要將所有套件安裝在您的電腦上，請再次執行安裝。</string>

	<string name="IDS_EPI_FAIL_TITLE_INTERNAL_ERROR">內部錯誤</string>
	<string name="IDS_EPI_FAIL_TEXT_INTERNAL_ERROR">發生內部錯誤。請再試一次以再次開始安裝。</string>

	<string name="IDS_EPI_TROUBLESHOOT_FINISH_TITLE">疑難排解員已完成</string>
	<string name="IDS_EPI_TROUBLESHOOT_SUCCESS_TITLE">疑難排解已成功</string>
	<string name="IDS_EPI_TROUBLESHOOT_FAILED_TITLE">疑難排解未成功</string>
	<string name="IDS_EPI_TROUBLESHOOT_TEXT">&lt;b&gt;我們建議您關閉此視窗，然後重新啟動您的電腦。重新啟動之後，再次執行此安裝程式。&lt;/b&gt;</string>
	<string name="IDS_EPI_TROUBLESHOOT_REBOOT_TEXT">&lt;b&gt;需要重新啟動以完成疑難排解。關閉此視窗，然後重新啟動您的電腦。重新啟動之後，再次執行此安裝程式。&lt;/b&gt;</string>
	<string name="IDS_EPI_TROUBLESHOOT_CONTACT_TEXT">若持續發生錯誤，請連絡您的系統管理員或 &lt;a {{IDS_LINK_SUPPORT}}&gt;ESET 技術支援&lt;/a&gt;。</string>

	<string name="IDS_EPI_CFG_SIMPLE_CAPTION">防護和安裝設定</string>
	<string name="IDS_EPI_CFG_RECOMMENDED_CAPTION">建議</string>
	<string name="IDS_EPI_CFG_SIMPLE_PUA_CAPTION">啟用潛在不需要應用程式偵測</string>
	<string name="IDS_EPI_CFG_SIMPLE_CEIP_CAPTION">參與客戶經驗改進計畫 &lt;br/&gt; &lt;a type="command" href="gui.ceip.show"&gt;我們會收集哪些資訊？&lt;/a&gt;</string>
	<string name="IDS_EPI_CFG_SIMPLE_LGF_CAPTION">啟用 ESET LiveGrid® 意見系統</string>
	<string name="IDS_EPI_CFG_SIMPLE_CEIP_TEXT">我們想要收集關於此產品使用方式的匿名資訊。所收集的資料將協助我們改進您的體驗，且絕不會與第三方共用。</string>
	<string name="IDS_EPI_CFG_SIMPLE_CONTINUE">繼續</string>
	<string name="IDS_EPI_CFG_SIMPLE_ALL_CONTINUE">全部允許並繼續</string>

	<string name="IDS_EPI_BANNER_CAPTION1">正在準備安裝</string>
	<string name="IDS_EPI_BANNER_DESCRIPTION1">我們正在下載安裝套件，請稍候。</string>

	<string name="IDS_EPI_BANNER_CAPTION2">安裝進行中</string>
	<string name="IDS_EPI_BANNER_DESCRIPTION2">你幾乎完成! 安裝正在完成，請稍候。</string>

	<string name="IDS_EPI_BANNER_CAPTION3">優異的效能</string>
	<string name="IDS_EPI_BANNER_DESCRIPTION3">ESET 多層防護技術建置在全球上億個的端點所提供的即時情資，以最少的系統資源達到最佳的防護效果。</string>

	<string name="IDS_EPI_BANNER_CAPTION4">感謝您選擇 ESET!</string>
	<string name="IDS_EPI_BANNER_DESCRIPTION4">ESET NOD32® 技術目前保有防毒評測機構 VB100 連續得獎數的世界紀錄。</string>

	<string name="IDS_EPI_BANNER_CAPTION5">提供 IT更 安全方便與集中管理資訊安全</string>
	<string name="IDS_EPI_BANNER_DESCRIPTION5">無論是使用雲端或內部部署的安全管理主控台，都可隨時隨地使用單一窗格控制器，改善您對所有 ESET 安全性產品的命令體驗。</string>


</resources>
