<?xml version="1.0" encoding="utf-8" ?>
<resources langname="English" lcid="0409">

	<string name="IDS_EPI_INSTALL_STEP">Welcome|License agreement|AV Remover|Installation|Finish</string>

	<string name="IDS_EPI_ACTION_INIT">Initializing ...</string>
	<string name="IDS_EPI_ACTION_EULA">Downloading EULA(s) ...</string>
	<string name="IDS_EPI_ACTION_DUMP">Preparing installation package ...</string>
	<string name="IDS_EPI_ACTION_CALC">Calculating available space ...</string>
	<string name="IDS_EPI_ACTION_DETECTAV">Checking for possible conflicting applications ...</string>
	<string name="IDS_EPI_ACTION_PACKAGECACHE">Finalizing offline package ...</string>
	<string name="IDS_EPI_ACTION_CLEANUP_FOLDERS">Deleting folders ...</string>
	<string name="IDS_EPI_ACTION_TROUBLESHOOTING">Troubleshooting, this may take a few moments ...</string>

	<string name="IDS_EPI_HOME_TITLE_EAV">Install ${bts.package.[0].name}</string>
	<string name="IDS_EPI_HOME_TEXT_EAV">Enjoy using your computer as you work, play and connect - protected by ESET.</string>
	<string name="IDS_EPI_HOME_TITLE_ESS">Install ${bts.package.[0].name}</string>
	<string name="IDS_EPI_HOME_TEXT_ESS">Enjoy using your computer as you work, play and connect - protected by ESET.</string>
	<string name="IDS_EPI_HOME_TITLE_EIS">Install ${bts.package.[0].name}</string>
	<string name="IDS_EPI_HOME_TEXT_EIS">Enjoy using your computer as you work, play and connect - protected by ESET.</string>
	<string name="IDS_EPI_HOME_TITLE_ESSP">Install ${bts.package.[0].name}</string>
	<string name="IDS_EPI_HOME_TEXT_ESSP">Enjoy using your computer as you work, play and connect - protected by ESET.</string>
	<string name="IDS_EPI_HOME_TITLE_EHS">Install ${bts.package.[0].name}</string>
	<string name="IDS_EPI_HOME_TEXT_EHS">Enjoy using your computer as you work, play and connect - protected by ESET.</string>
	<string name="IDS_EPI_HOME_TITLE_EEA">Install ${bts.package.[0].name}</string>
	<string name="IDS_EPI_HOME_SUBTITLE_EEA">Advanced baseline protection for your business</string>
	<string name="IDS_EPI_HOME_TEXT_EEA">${bts.package.[0].name}, featuring award-winning ESET NOD32® detection technology, provides your business with lightweight, advanced baseline protection, augmented by our cloud-based reputation system. Control it all effortlessly with our completely redesigned, user-friendly ESET PROTECT Web Console.</string>
	<string name="IDS_EPI_HOME_TITLE_EES">Install ${bts.package.[0].name}</string>
	<string name="IDS_EPI_HOME_SUBTITLE_EES">Your full-featured, advanced security suite</string>
	<string name="IDS_EPI_HOME_TEXT_EES">${bts.package.[0].name} is your full-featured, advanced security suite, providing comprehensive, multi-layered protection against all types of malware. Enjoy low system demands, virtualization support and oversight via the all-new ESET PROTECT Web Console.</string>

	<string name="IDS_EPI_HOME_TITLE_MULTI">Install Components</string>
	<string name="IDS_EPI_INFO_TITLE_ERAA">This computer will be managed by ESET PROTECT</string>
	<string name="IDS_EPI_BUNDLE_TITLE">The following components are included in this installer</string>

	<string name="IDS_EPI_HOME_AVREMOVER_CHECK">I want to uninstall incompatible security products</string>
	<string name="IDS_EPI_HOME_NEW_VERSION_TEXT">A newer version of this product is available online and can be automatically downloaded and installed instead of included one.</string>
	<string name="IDS_EPI_HOME_NEW_VERSION_CHECKBOX">Install newer version</string>
	<string name="IDS_EPI_HOME_NEED_HELP">Need help with installation?</string>
	<string name="IDS_EPI_HOME_OPEN_INSTRUCTIONS">Open installation instructions</string>
	<string name="IDS_EPI_HOME_OPEN_GUIDE">Open user guide</string>

	<string name="IDS_EPI_LOCK_PASSWORD_TITLE">ESET Security settings are password protected</string>
	<string name="IDS_EPI_LOCK_PASSWORD_SUBTITLE">Please enter a valid password to continue.</string>
	<string name="IDS_EPI_LOCK_PASSWORD_TEXT">Password</string>
	<string name="IDS_EPI_LOCK_PASSWORD_ERROR">Incorrect password. You can restore the password&lt;br&gt;in product Advanced setup.</string>

	<string name="IDS_EPI_EULA_SINGLE_TITLE">End-user license agreement</string>
	<string name="IDS_EPI_EULA_SAVEAS_FILTER">Text (*.txt)|*.txt|HTML (*.html,*.htm)|*.html;*.htm||</string>
	<string name="IDS_EPI_EULA_BUTTON_ACCEPT">I Accept</string>
	<string name="IDS_EPI_EULA_BUTTON_DECLINE">I Do Not Accept</string>
	<string name="IDS_EPI_EULA_DECLINE">Declining End-user license agreement will close the installer. Are you sure you want to do it?</string>

	<string name="IDS_EPI_DETECTAV_TITLE">Scanning for antivirus applications</string>
	<string name="IDS_EPI_DETECTAV_TEXT01">Other security products were found</string>
	<string name="IDS_EPI_DETECTAV_TEXT02">Running two security solutions at the same time may cause instability. Resolve this issue by uninstalling the conflicting security software present in your system.</string>
	<string name="IDS_EPI_DETECTAV_UNINSTALL">How to uninstall other antivirus software</string>

	<string name="IDS_EPI_PACKAGECACHE_TITLE">Pre-download components</string>
	<string name="IDS_EPI_PACKAGECACHE_TEXT">Pre-download the components included in this Package Installer (Live Installer) to speed up the deployment process when you have limited internet connection.</string>
	<string name="IDS_EPI_PACKAGECACHE_HOW01">&lt;b&gt;Click the download button&lt;/b&gt; and the %1 will be created, downloaded and saved to your computer.</string>
	<string name="IDS_EPI_PACKAGECACHE_HOW02">&lt;b&gt;Copy the %1 and the %2 into the same folder.&lt;/b&gt; You can use a shared network space or a USB drive.</string>
	<string name="IDS_EPI_PACKAGECACHE_HOW03">&lt;b&gt;Execute the %2 on any computer from the shared folder or the USB drive.&lt;/b&gt; The %2 will use the already pre-downloaded components without re-downloading them.</string>

	<string name="IDS_EPI_DOWNLOAD_PACKAGE_SINGLE">Downloading ...</string>
	<string name="IDS_EPI_DOWNLOAD_PACKAGE_MULTI">Downloading %1 ...</string>

	<string name="IDS_EPI_CFG_LGF_CAPTION_CONSUMER">There is power in numbers. Get the maximum level of protection.</string>
	<string name="IDS_EPI_CFG_LGF_TEXT_CONSUMER">ESET LiveGrid® feedback system allows us to collect statistics and information about suspicious objects, which we process automatically to create detection mechanisms in our cloud system. We then immediately apply these to ensure that our customers have the maximum level of protection.</string>
	<string name="IDS_EPI_CFG_LGF_CAPTION_BUSINESS">Help us provide you with ever-better security.</string>
	<string name="IDS_EPI_CFG_LGF_TEXT_BUSINESS">The ESET LiveGrid® feedback system uses more than 100 million sensors worldwide that allow us to collect information about suspicious objects, which we process automatically to create detection mechanisms using our cloud-based reputation system. We then immediately apply these to ensure that you have the maximum level of protection.</string>
	<string name="IDS_EPI_CFG_LGF_ENABLE">Enable ESET LiveGrid® feedback system (recommended)</string>
	<string name="IDS_EPI_CFG_LGF_DISABLE">Disable ESET LiveGrid® feedback system</string>

	<string name="IDS_EPI_CFG_PUA_CAPTION">Detection of Potentially Unwanted Applications</string>
	<string name="IDS_EPI_CFG_PUA_TEXT">ESET can detect &lt;a {{IDS_HELP_PUA_LINK}}&gt;potentially unwanted applications&lt;/a&gt; and ask for confirmation before they install. Potentially unwanted applications might not pose security risk but they can affect computer's performance, speed and reliability, or cause changes in behavior. They usually require user's consent before installation.</string>
	<string name="IDS_EPI_CFG_PUA_ENABLE">Enable detection of potentially unwanted applications</string>
	<string name="IDS_EPI_CFG_PUA_DISABLE">Disable detection of potentially unwanted applications</string>

	<string name="IDS_EPI_CFG_CEIP_CAPTION">Participate in Customer Experience Improvement Program</string>
	<string name="IDS_EPI_CFG_CEIP_TEXT">We would like to collect anonymous information about how this product is used. The collected data will help us improve the experience for you and will never be shared with third parties.&lt;a type=&quot;command&quot; href=&quot;gui.ceip.show&quot;&gt; What information do we collect?&lt;/a&gt;</string>
	<string name="IDS_EPI_CFG_CEIP_YES">Yes, I want to participate in the program (recommended)</string>
	<string name="IDS_EPI_CFG_CEIP_NO">No, I don't want to participate in the program</string>

	<string name="IDS_EPI_CFG_EULA_CAPTION">End User License Agreement</string>
	<string name="IDS_EPI_CFG_EULA_DESCRIPTION">By clicking any of the &quot;Continue&quot; buttons below, you accept the &lt;a {{IDS_LINK_SHOW_EULA}}&gt;End User License Agreement&lt;/a&gt; and acknowledge the &lt;a {{IDS_LINK_SHOW_PRIVACY_POLICY}}&gt;Privacy Policy.&lt;/a&gt;</string>
	<string name="IDS_EPI_CFG_EULA_MSGBOX_OK">OK</string>
	<string name="IDS_EPI_CFG_EULA_MSGBOX_NOT_AGREE">I don't agree</string>
	<string name="IDS_EPI_CFG_EULA_MSGBOX_SAVE">Save</string>

	<string name="IDS_EPI_CFG_BUTTON_ADVANCED">Change installation folder</string>
	<string name="IDS_EPI_CFG_FOLDERS_INSTALL">Product folder:</string>
	<string name="IDS_EPI_CFG_FOLDERS_DATA">Data folder:</string>
	<string name="IDS_EPI_CFG_FOLDERS_MODULE">Module folder:</string>
	<string name="IDS_EPI_CFG_FOLDERS_VALIDATOR_INVALID">Invalid folder selected.</string>

	<string name="IDS_EPI_CFG_ALREADY_CONFIGURED">The installation settings have been already configured.</string>

	<string name="IDS_EPI_NONEMPTY_FOLDER_WARNING_TITLE">The installation folder must be empty</string>
	<string name="IDS_EPI_NONEMPTY_FOLDER_WARNING_MESSAGE_SINGULAR">To continue installing, the existing folder will be deleted:</string>
	<string name="IDS_EPI_NONEMPTY_FOLDER_WARNING_MESSAGE_PLURAL">To continue installing, the existing folders will be deleted:</string>
	<string name="IDS_EPI_NONEMPTY_FOLDER_QUESTION">&lt;b&gt;Do you agree to delete the folders and continue installing?&lt;/b&gt;</string>

	<string name="IDS_EPI_DISKSPACE_TITLE">Out of Disk Space</string>
	<string name="IDS_EPI_DISKSPACE_TEXT01">You are out of disk space. The highlighted volumes do not have enought space available for the installation. Check available disk space and try again.</string>
	<string name="IDS_EPI_DISKSPACE_HEADER01">Drive</string>
	<string name="IDS_EPI_DISKSPACE_HEADER02">Capacity</string>
	<string name="IDS_EPI_DISKSPACE_HEADER03">Free space</string>
	<string name="IDS_EPI_DISKSPACE_HEADER04">Required space</string>

	<string name="IDS_EPI_INSTALL_PACKAGE_SINGLE">Installing ...</string>
	<string name="IDS_EPI_INSTALL_PACKAGE_MULTI">Installing %1 ...</string>

	<string name="IDS_EPI_DONE_TITLE">Installation successful</string>
	<string name="IDS_EPI_DONE_TEXT01">${bts.package.[${bts.var.package.default}].name} has been successfully installed on your computer. Your computer will be continuously checked for viruses and malware. &lt;br&gt; &lt;br&gt; Thank you for choosing ESET! &lt;br&gt; &lt;br&gt; &lt;br&gt; Click &lt;i&gt;Done&lt;/i&gt; to complete the product installation.</string>
	<string name="IDS_EPI_DONE_TEXT01_EPI">All packages have been successfully installed on your computer. &lt;br&gt; &lt;br&gt; Click &lt;i&gt;Done&lt;/i&gt; to complete the product setup.</string>

	<string name="IDS_EPI_DONE_PACKAGECACHE_CAPTION">The %1 and %2 must be located in the same folder when executed.</string>
	<string name="IDS_EPI_DONE_PACKAGECACHE_DESCRIPTION">The %1 was downloaded and saved to folder:&lt;br/&gt;</string>

	<string name="IDS_EPI_FAIL_FAILED_TITLE">Installation failed</string>
	<string name="IDS_EPI_FAIL_FINISH_TITLE">Installation finished</string>
	<string name="IDS_EPI_FAIL_KNOWLEDGEBASE">Search for solution in ESET Knowledgebase.</string>
	<string name="IDS_EPI_FAIL_TROUBLESHOOT">Run troubleshooter</string>
	<string name="IDS_EPI_FAIL_TS_LINK">Contact ESET Technical Support</string>
	<string name="IDS_EPI_FAIL_RESTART">Restart computer</string>

	<string name="IDS_EPI_FAIL_TITLE_OS">Outdated version of Microsoft Windows</string>
	<string name="IDS_EPI_FAIL_TEXT_OS_OUTDATED">ESET Security does not support your outdated version of Microsoft Windows. Click Close to exit the installation.</string>
	<string name="IDS_EPI_FAIL_TEXT_OS_NOT_SUPPORTED">This product is no longer supported on your outdated version of Microsoft Windows. &lt;a {{IDS_LINK_PRODUCT_OPTIONS}}&gt;See your options&lt;/a&gt;</string>
	<string name="IDS_EPI_FAIL_TEXT_OS_NOT_SUPPORTED_BUSINESS">This product is no longer supported on your outdated version of Microsoft Windows.</string>

	<string name="IDS_EPI_FAIL_TITLE_EULA_REJECTED">End-user license agreement</string>
	<string name="IDS_EPI_FAIL_TEXT_EULA_REJECTED">The End-user license agreement was not accepted.</string>

	<string name="IDS_EPI_FAIL_TITLE_CONNECTION">Connection error</string>
	<string name="IDS_EPI_FAIL_TEXT_CONNECTION">Your internet connection does not seem to work. The product cannot be installed. &lt;a {{IDS_LINK_INTERNET_SETTINGS}}&gt;Check your internet connection&lt;/a&gt; and retry installation.&lt;br&gt;&lt;br&gt;Are you using proxy server? Change your proxy server settings and retry.</string>
	<string name="IDS_EPI_FAIL_TEXT_CONNECTION_EPI">Your internet connection does not seem to work. The packages cannot be installed. &lt;a {{IDS_LINK_INTERNET_SETTINGS}}&gt;Check your internet connection&lt;/a&gt; and retry installation.&lt;br&gt;&lt;br&gt;Are you using proxy server? Change your proxy server settings and retry.</string>

	<string name="IDS_EPI_FAIL_TITLE_DOWNLOAD_ERROR">Download error</string>
	<string name="IDS_EPI_FAIL_TEXT_DOWNLOAD_ERROR">An error occured while downloading data from the server. Please check your network connection and try again.&lt;br&gt;&lt;br&gt;If you are still experiencing issues, please visit &lt;a {{IDS_LINK_OFFLINE_INSTALLER}}&gt;www.eset.com&lt;/a&gt; to download offline installer.</string>
	<string name="IDS_EPI_FAIL_TEXT_DOWNLOAD_ERROR_EPI">An error occured while downloading data from the server. Please check your network connection and try again.</string>

	<string name="IDS_EPI_FAIL_TITLE_INVALID_SERVER_RESPONSE">Invalid response</string>
	<string name="IDS_EPI_FAIL_TEXT_INVALID_SERVER_RESPONSE">An invalid response receiver from the server.</string>

	<string name="IDS_EPI_FAIL_TITLE_INVALID_INSTALLER">Invalid installer</string>
	<string name="IDS_EPI_FAIL_TEXT_INVALID_INSTALLER">This installer is not valid anymore and has to be replaced. Download a new installer to install this product.</string>
	<string name="IDS_EPI_FAIL_TEXT_INVALID_INSTALLER_EPI">This installer is not valid anymore and has to be replaced. Generate a new installer or contact your administrator to install this product.</string>

	<string name="IDS_EPI_FAIL_TITLE_VERSIONCHECK_NO_PACKAGES">Compatible package not found</string>
	<string name="IDS_EPI_FAIL_TEXT_VERSIONCHECK_NO_PACKAGES">There is no compatible installation package available on the server. Please visit &lt;a {{IDS_LINK_OFFLINE_INSTALLER}}&gt;www.eset.com&lt;/a&gt; to download offline installer.</string>
	<string name="IDS_EPI_FAIL_TEXT_VERSIONCHECK_NO_PACKAGES_EPI">This installer is not valid anymore and has to be replaced. Generate a new installer or contact your administrator to install this product.</string>

	<string name="IDS_EPI_FAIL_TITLE_INCOMPATIBLE_OS">Incompatible operating system</string>
	<string name="IDS_EPI_FAIL_TEXT_INCOMPATIBLE_OS">The ${bts.package.[${bts.var.package.current}].name} is not intended for your operating systems. Please download and install a product from &lt;a {{IDS_LINK_OFFLINE_INSTALLER}}&gt;www.eset.com&lt;/a&gt;.</string>
	<string name="IDS_EPI_FAIL_TEXT_INCOMPATIBLE_OS_EPI">The ${bts.package.[${bts.var.package.current}].name} is not intended for your operating systems.</string>

	<string name="IDS_EPI_FAIL_TITLE_INCOMPATIBLE_PACKAGE_X32">Incompatible package</string>
	<string name="IDS_EPI_FAIL_TEXT_INCOMPATIBLE_PACKAGE_X32">This installation package is intended for 32-bit operating systems. Please use an installation package for 64-bit operating systems.</string>

	<string name="IDS_EPI_FAIL_TITLE_INCOMPATIBLE_PACKAGE_X64">Incompatible package</string>
	<string name="IDS_EPI_FAIL_TEXT_INCOMPATIBLE_PACKAGE_X64">This installation package is intended for 64-bit operating systems. Please use an installation package for 32-bit operating systems.</string>

	<string name="IDS_EPI_FAIL_TITLE_INCOMPATIBLE_PRODUCT_INSTALLED">Incompatible product installed</string>
	<string name="IDS_EPI_FAIL_TEXT_INCOMPATIBLE_PRODUCT_INSTALLED">An incompatible {PRODUCT} product is already installed. Please uninstall it manually and start the installation again.</string>

	<string name="IDS_EPI_FAIL_TITLE_NEWER_VERSION_NOT_AVAILABLE">Latest version already installed</string>
	<string name="IDS_EPI_FAIL_TEXT_NEWER_VERSION_NOT_AVAILABLE">A latest version of ${bts.package.[${bts.var.package.default}].name} is already installed on this computer.</string>

	<string name="IDS_EPI_FAIL_TITLE_REFERRAL">The product cannot be installed</string>
	<string name="IDS_EPI_FAIL_TEXT_REFERRAL">The product cannot be installed since another ESET product exists on this device already.</string>
	<string name="IDS_EPI_FAIL_TEXT_REFERRAL_UPGRADE">You're using an old version of ESET that doesn't guarantee you the best protection.&lt;br&gt;&lt;b&gt;Stay secure by upgrading to the newest version FOR FREE.&lt;/b&gt;</string>

	<string name="IDS_EPI_FAIL_TITLE_PACKAGE_NOT_FOUND">Package not found</string>
	<string name="IDS_EPI_FAIL_TEXT_PACKAGE_NOT_FOUND">The {PRODUCT} installation package was not found.</string>

	<string name="IDS_EPI_FAIL_TITLE_PACKAGE_CORRUPTED">Package is corrupted</string>
	<string name="IDS_EPI_FAIL_TEXT_PACKAGE_CORRUPTED">The {PRODUCT} installation package is corrupted.</string>

	<string name="IDS_EPI_FAIL_TITLE_INSTALL_OUT_OF_SPACE">Out of disk space</string>
	<string name="IDS_EPI_FAIL_TEXT_INSTALL_OUT_OF_SPACE">There is not enough disk space to complete the installation of ${bts.package.[${bts.var.package.default}].name}.&lt;br&gt;&lt;br&gt;Please make sure that you have at least %u MB free and try again.</string>
	<string name="IDS_EPI_FAIL_TEXT_INSTALL_OUT_OF_SPACE_EPI">There is not enough disk space to complete the installation of all packages.&lt;br&gt;&lt;br&gt;Please make sure that you have at least %u MB free and try again.</string>

	<string name="IDS_EPI_FAIL_TITLE_SETUP">The installation was not completed successfully</string>
	<string name="IDS_EPI_FAIL_TEXT_SETUP">The installation of ${bts.package.[${bts.var.package.current}].name} has not been completed successfully. The system may not be protected against computer threats. To install ${bts.package.[${bts.var.package.current}].name} on your computer, please run the installation again.</string>
	<string name="IDS_EPI_FAIL_TEXT_SETUP_TROUBLESHOOT">There was a problem to install ESET product on your device. We recommend you to run a troubleshooter. The troubleshooter will resolve the problem, if possible.</string>
	<string name="IDS_EPI_FAIL_TEXT_SETUP_EPI">The installation of ${bts.package.[${bts.var.package.current}].name} has not been completed successfully. The system may not be protected against computer threats. To install all packages on your computer, please run the installation again.</string>
	<string name="IDS_EPI_FAIL_TEXT_SETUP_ERROR_CODE">Error Code: %s</string>

	<string name="IDS_EPI_FAIL_TITLE_ABORT">Installation has been interrupted by user</string>
	<string name="IDS_EPI_FAIL_TEXT_ABORT">The installation of ${bts.package.[${bts.var.package.default}].name} has been interrupted by the user. To install ${bts.package.[${bts.var.package.default}].name} on your computer, please run the installation again.</string>
	<string name="IDS_EPI_FAIL_TEXT_ABORT_EPI">The installation has been interrupted by the user. To install all packages on your computer, please run the installation again.</string>

	<string name="IDS_EPI_FAIL_TITLE_INTERNAL_ERROR">Internal error</string>
	<string name="IDS_EPI_FAIL_TEXT_INTERNAL_ERROR">An internal error occured. Please try again to start installation again.</string>

	<string name="IDS_EPI_TROUBLESHOOT_FINISH_TITLE">Troubleshooter finished</string>
	<string name="IDS_EPI_TROUBLESHOOT_SUCCESS_TITLE">The troubleshooting was successful</string>
	<string name="IDS_EPI_TROUBLESHOOT_FAILED_TITLE">The troubleshooting was not successful</string>
	<string name="IDS_EPI_TROUBLESHOOT_TEXT">&lt;b&gt;We recommend you to close this window and restart your computer. After restart run this installer again.&lt;/b&gt;</string>
	<string name="IDS_EPI_TROUBLESHOOT_REBOOT_TEXT">&lt;b&gt;A reboot is required to finish troubleshooting. Close this window and restart your computer. After restart run this installer again.&lt;/b&gt;</string>
	<string name="IDS_EPI_TROUBLESHOOT_CONTACT_TEXT">In case of a persisting error contact your system administrator or &lt;a {{IDS_LINK_SUPPORT}}&gt;ESET Technical Support.&lt;/a&gt;</string>

	<string name="IDS_EPI_CFG_SIMPLE_CAPTION">Protection and installation settings</string>
	<string name="IDS_EPI_CFG_RECOMMENDED_CAPTION">Recommended</string>
	<string name="IDS_EPI_CFG_SIMPLE_PUA_CAPTION">Enable detection of potentially unwanted applications</string>
	<string name="IDS_EPI_CFG_SIMPLE_CEIP_CAPTION">Participate in Customer Experience Improvement Program &lt;br&gt; &lt;a type=&quot;command&quot; href=&quot;gui.ceip.show&quot;&gt; What information do we collect?&lt;/a&gt;</string>
	<string name="IDS_EPI_CFG_SIMPLE_LGF_CAPTION">Enable ESET LiveGrid® feedback system</string>
	<string name="IDS_EPI_CFG_SIMPLE_CEIP_TEXT">We would like to collect anonymous information about how this product is used. The collected data will help us improve the experience for you and will never be shared with third parties.</string>
	<string name="IDS_EPI_CFG_SIMPLE_CONTINUE">Continue</string>
	<string name="IDS_EPI_CFG_SIMPLE_ALL_CONTINUE">Allow all and continue</string>

	<string name="IDS_EPI_BANNER_CAPTION1">Preparing the installation</string>
	<string name="IDS_EPI_BANNER_DESCRIPTION1">Please wait while we download the installation package.</string>

	<string name="IDS_EPI_BANNER_CAPTION2">Installation in progress</string>
	<string name="IDS_EPI_BANNER_DESCRIPTION2">You're almost done! Please wait while the installation finishes.</string>

	<string name="IDS_EPI_BANNER_CAPTION3">Unparalleled performance</string>
	<string name="IDS_EPI_BANNER_DESCRIPTION3">ESET's multi-layered technology uses intelligence from 100 million sensors worldwide to ensure you get the maximum level of protection with the lowest possible demands on your system.</string>

	<string name="IDS_EPI_BANNER_CAPTION4">Thank you for choosing ESET!</string>
	<string name="IDS_EPI_BANNER_DESCRIPTION4">ESET NOD32® technology holds the world record for consecutive and cumulative VB100 awards.</string>

	<string name="IDS_EPI_BANNER_CAPTION5">Easy, centralized control of your IT security</string>
	<string name="IDS_EPI_BANNER_DESCRIPTION5">No matter if you use a cloud or on-premises security management console, you will get a single-pane controller giving you improved command of all your ESET security anywhere at any time.</string>

</resources>
