<?xml version="1.0" encoding="utf-8" ?>
<resources langname="Neutral" lcid="1">

	<string name="IDS_LINK_OFFLINE_INSTALLER">type=&quot;command&quot; href=&quot;gui.webdownload.show&quot;</string>
	<string name="IDS_LINK_INTERNET_SETTINGS">type=&quot;command&quot; href=&quot;gui.networkdiagnosticsweb.show&quot;</string>
	<string name="IDS_LINK_PRODUCT_OPTIONS">type=&quot;command&quot; href=&quot;gui.outdatedosoptions.show&quot;</string>
	<string name="IDS_LINK_SUPPORT">type=&quot;command&quot; href=&quot;web.support.show&quot;</string>

	<string name="IDS_LINK_SHOW_EULA">type=&quot;call&quot; href=&quot;liveinstaller.ds.showEula&quot; aria-description=&quot;acc_liveinstaller_settings_eula_show&quot;</string>
	<string name="IDS_LINK_SHOW_PRIVACY_POLICY">type=&quot;call&quot; href=&quot;liveinstaller.ds.showPrivacy&quot; aria-description=&quot;acc_liveinstaller_settings_policy_show&quot;</string>

	<string name="IDS_LINK_KB_DETECTAV_UNINSTALL">type=&quot;command&quot; href=&quot;gui.kb.146&quot; aria-description=&quot;acc_liveinstaller_dav_uninstall_knowledge&quot;</string>

	<string name="IDS_LINK_KNOWLEDGEBASE_GENERIC">type=&quot;command&quot; href=&quot;gui.kb.show&quot; aria-description=&quot;acc_liveinstaller_done_knowledge&quot;</string>
	<string name="IDS_LINK_FACEBOOK">type=&quot;command&quot; href=&quot;gui.facebook.show&quot; aria-description=&quot;acc_liveinstaller_done_fb&quot;</string>
	<string name="IDS_LINK_TWITTER">type=&quot;command&quot; href=&quot;gui.twitter.show&quot; aria-description=&quot;acc_liveinstaller_done_twitter&quot;</string>
	<string name="IDS_LINK_YOUTUBE">type=&quot;command&quot; href=&quot;gui.youtube.show&quot; aria-description=&quot;acc_liveinstaller_done_youtube&quot;</string>

	<string name="IDS_LINK_INSTALLERROR">type=&quot;command&quot; href=&quot;gui.installerror.show&quot; aria-description=&quot;acc_liveinstaller_fail_knowledge&quot;</string>

	<string name="IDS_PACKAGE_0_NAME">${bts.package.[0].name}</string>
	<string name="IDS_PACKAGE_0_VERSION">${bts.package.[0].version}</string>
	<string name="IDS_PACKAGE_1_NAME">${bts.package.[1].name}</string>
	<string name="IDS_PACKAGE_1_VERSION">${bts.package.[1].version}</string>
	<string name="IDS_PACKAGE_2_NAME">${bts.package.[2].name}</string>
	<string name="IDS_PACKAGE_2_VERSION">${bts.package.[2].version}</string>
	<string name="IDS_PACKAGE_3_NAME">${bts.package.[3].name}</string>
	<string name="IDS_PACKAGE_3_VERSION">${bts.package.[3].version}</string>
	<string name="IDS_PACKAGE_4_NAME">${bts.package.[4].name}</string>
	<string name="IDS_PACKAGE_4_VERSION">${bts.package.[4].version}</string>
	<string name="IDS_PACKAGE_5_NAME">${bts.package.[5].name}</string>
	<string name="IDS_PACKAGE_5_VERSION">${bts.package.[5].version}</string>

</resources>