﻿<?xml version="1.0" encoding="utf-8" ?>
<resources langname="Magyar" lcid="040e">

	<string name="IDS_EPI_INSTALL_STEP">Kezdőképernyő|Licencszerződés|AV Remover|Telepítés|Befejezés</string>

	<string name="IDS_EPI_ACTION_INIT">Inicializálás...</string>
	<string name="IDS_EPI_ACTION_EULA">Licencszerződés(ek) letöltése...</string>
	<string name="IDS_EPI_ACTION_DUMP">A telepítőcsomag előkészítése...</string>
	<string name="IDS_EPI_ACTION_CALC">A rendelkezésre álló hely kiszámítása...</string>
	<string name="IDS_EPI_ACTION_DETECTAV">Feltehetően ütköző alkalmazások keresése...</string>
	<string name="IDS_EPI_ACTION_PACKAGECACHE">Offline csomag véglegesítése...</string>
	<string name="IDS_EPI_ACTION_CLEANUP_FOLDERS">Mappák törlése...</string>
	<string name="IDS_EPI_ACTION_TROUBLESHOOTING">Hibaelhárítás – ez eltarthat néhány pillanatig...</string>

	<string name="IDS_EPI_HOME_TITLE_EAV">Az ${bts.package.[0].name} telepítése</string>
	<string name="IDS_EPI_HOME_TEXT_EAV">Élvezze a biztonságos számítógép használatot munka, játék és internetezés közben - az ESET védelme alatt.</string>
	<string name="IDS_EPI_HOME_TITLE_ESS">Az ${bts.package.[0].name} telepítése</string>
	<string name="IDS_EPI_HOME_TEXT_ESS">Élvezze a biztonságos számítógép használatot munka, játék és internetezés közben - az ESET védelme alatt.</string>
	<string name="IDS_EPI_HOME_TITLE_EIS">Az ${bts.package.[0].name} telepítése</string>
	<string name="IDS_EPI_HOME_TEXT_EIS">Élvezze a biztonságos számítógép használatot munka, játék és internetezés közben - az ESET védelme alatt.</string>
	<string name="IDS_EPI_HOME_TITLE_ESSP">Az ${bts.package.[0].name} telepítése</string>
	<string name="IDS_EPI_HOME_TEXT_ESSP">Élvezze a biztonságos számítógép használatot munka, játék és internetezés közben - az ESET védelme alatt.</string>
	<string name="IDS_EPI_HOME_TITLE_EHS">Az ${bts.package.[0].name} telepítése</string>
	<string name="IDS_EPI_HOME_TEXT_EHS">Élvezze a biztonságos számítógép használatot munka, játék és internetezés közben - az ESET védelme alatt.</string>
	<string name="IDS_EPI_HOME_TITLE_EEA">Az ${bts.package.[0].name} telepítése</string>
	<string name="IDS_EPI_HOME_SUBTITLE_EEA">Továbbfejlesztett vállalati végpontvédelem</string>
	<string name="IDS_EPI_HOME_TEXT_EEA">A díjnyertes ESET NOD32® észlelési technológiát használó és a felhő alapú megbízhatósági rendszerünkkel kibővített ${bts.package.[0].name} magas szintű védelmet biztosít vállalata számára. A távadminisztráció is könnyedén ellátható a teljesen újratervezett, felhasználóbarát ESET PROTECT webkonzolunk segítségével.</string>
	<string name="IDS_EPI_HOME_TITLE_EES">Az ${bts.package.[0].name} telepítése</string>
	<string name="IDS_EPI_HOME_SUBTITLE_EES">Teljes körű szolgáltatásokat nyújtó, továbbfejlesztett biztonsági programcsomag</string>
	<string name="IDS_EPI_HOME_TEXT_EES">Az ${bts.package.[0].name} az Ön teljeskörű szolgáltatásokat nyújtó, továbbfejlesztett biztonsági programcsomagja, amely átfogó, többszintű védelmet nyújt a kártevők minden típusával szemben. Rendszerigénye alacsony, támogatott a virtualizáció, és a távadminisztráció is könnyedén ellátható a teljesen újratervezett, felhasználóbarát ESET PROTECT webkonzolunk segítségével.</string>

	<string name="IDS_EPI_HOME_TITLE_MULTI">Összetevők telepítése</string>
	<string name="IDS_EPI_INFO_TITLE_ERAA">Ezt a számítógépet az ESET PROTECT fogja kezelni</string>
	<string name="IDS_EPI_BUNDLE_TITLE">A telepítő az alábbi összetevőket tartalmazza</string>

	<string name="IDS_EPI_HOME_AVREMOVER_CHECK">Törölni szeretném a nem kompatibilis biztonsági termékeket</string>
	<string name="IDS_EPI_HOME_NEW_VERSION_TEXT">A program újabb verziója elérhető az interneten, automatikusan letölthető és telepíthető a meglévő helyett.</string>
	<string name="IDS_EPI_HOME_NEW_VERSION_CHECKBOX">Újabb verzió telepítése</string>

<string name="IDS_EPI_HOME_NEED_HELP">Segítségre van szüksége a telepítéshez?</string>
	<string name="IDS_EPI_HOME_OPEN_INSTRUCTIONS">A telepítési instrukciók megnyitása</string>
	<string name="IDS_EPI_HOME_OPEN_GUIDE">A felhasználói útmutató megnyitása</string>

	<string name="IDS_EPI_LOCK_PASSWORD_TITLE">Az ESET Security beállításait jelszó védi</string>
	<string name="IDS_EPI_LOCK_PASSWORD_SUBTITLE">A folytatáshoz adja meg a helyes jelszót.</string>
	<string name="IDS_EPI_LOCK_PASSWORD_TEXT">Jelszó</string>
	<string name="IDS_EPI_LOCK_PASSWORD_ERROR">Helytelen jelszó. A termék További beállítások lapján&lt;br/&gt;visszaállíthatja a jelszót.</string>

	<string name="IDS_EPI_EULA_SINGLE_TITLE">Végfelhasználói licencszerződés</string>
	<string name="IDS_EPI_EULA_SAVEAS_FILTER">Szöveg (*.txt)|*.txt|HTML (*.html,*.htm)|*.html;*.htm||</string>
	<string name="IDS_EPI_EULA_BUTTON_ACCEPT">Elfogadom</string>
	<string name="IDS_EPI_EULA_BUTTON_DECLINE">Nem fogadom el</string>
	<string name="IDS_EPI_EULA_DECLINE">A Végfelhasználói licencszerződés elutasítása esetén bezáródik a telepítő. Biztosan ezt szeretné?</string>

	<string name="IDS_EPI_DETECTAV_TITLE">Ellenőrzés</string>
	<string name="IDS_EPI_DETECTAV_TEXT01">A rendszerben más biztonsági termékek is jelen vannak</string>
	<string name="IDS_EPI_DETECTAV_TEXT02">Két biztonsági megoldás egyidejű futtatása instabilitást okozhat. A probléma elhárításához távolítsa el az ütköző biztonsági szoftvert a rendszerből.</string>
	<string name="IDS_EPI_DETECTAV_UNINSTALL">Más vírusvédelmi szoftverek eltávolításának módja</string>

	<string name="IDS_EPI_PACKAGECACHE_TITLE">Összetevők előzetes letöltése</string>
	<string name="IDS_EPI_PACKAGECACHE_TEXT">Ha előzetesen letölti a csomagtelepítőben (Live Installer) található összetevőket, akkor felgyorsíthatja a központi telepítési folyamatot, amikor korlátozott az internetkapcsolat.</string>
	<string name="IDS_EPI_PACKAGECACHE_HOW01">&lt;b&gt;Kattintson a Letöltés gombra&lt;/b&gt;, és létrejön a(z) %1, majd letöltődik és a számítógépére kerül.</string>
	<string name="IDS_EPI_PACKAGECACHE_HOW02">&lt;b&gt;Másolja az %1 és az %2 nevű fájlt ugyanabba a mappába.&lt;/b&gt; Megosztott hálózati területet vagy egy USB-meghajtót is használhat ehhez.</string>
	<string name="IDS_EPI_PACKAGECACHE_HOW03">&lt;b&gt;Indítsa el az %2 nevű fájlt bármelyik számítógépen a megosztott mappából vagy az USB-meghajtóról.&lt;/b&gt; Az %2 felhasználja az előzetesen már letöltött összetevőket az ismételt letöltésük nélkül.</string>

	<string name="IDS_EPI_DOWNLOAD_PACKAGE_SINGLE">Letöltés...</string>
	<string name="IDS_EPI_DOWNLOAD_PACKAGE_MULTI">Az %1 letöltése...</string>

	<string name="IDS_EPI_CFG_LGF_CAPTION_CONSUMER">Egységben az erő. Biztosítsa a legmagasabb szintű védelmet.</string>
	<string name="IDS_EPI_CFG_LGF_TEXT_CONSUMER">Az ESET LiveGrid® visszajelzési rendszer lehetővé teszi, hogy statisztikai adatokat és információkat gyűjtsünk a gyanús objektumokról, amelyek automatikus feldolgozásával észlelési mechanizmusokat hozunk létre a felhőrendszerünkben. Ezután ezeket azonnal alkalmazva biztosítjuk ügyfeleinknek a legmagasabb szintű védelmet.</string>
	<string name="IDS_EPI_CFG_LGF_CAPTION_BUSINESS">Biztosítsa a legmagasabb szintű védelmet.</string>
	<string name="IDS_EPI_CFG_LGF_TEXT_BUSINESS">Az ESET LiveGrid® visszajelzési rendszer lehetővé teszi, hogy információkat gyűjtsünk a gyanús szoftverekről, fájlokról (több mint 100 millió szenzor), és ezeket automatikusan feldolgozva olyan észlelési mechanizmusokat hozzunk létre felhő alapú rendszerünkben, amelyeket alkalmazva a legmagasabb szintű védelmet tudjuk biztosítani ügyfeleinknek.</string>
	<string name="IDS_EPI_CFG_LGF_ENABLE">Az ESET LiveGrid® visszajelzési rendszer engedélyezése (javasolt)</string>
	<string name="IDS_EPI_CFG_LGF_DISABLE">Az ESET LiveGrid® visszajelzési rendszer letiltása</string>

	<string name="IDS_EPI_CFG_PUA_CAPTION">Kéretlen alkalmazások keresése</string>
	<string name="IDS_EPI_CFG_PUA_TEXT">Az ESET felismeri és kiszűri a más programokkal együtt, &lt;a {{IDS_HELP_PUA_LINK}}&gt;kéretlenül települő alkalmazásokat&lt;/a&gt;. A kéretlen alkalmazások nem jelentenek biztonsági kockázatot, de hatással lehetnek a számítógép teljesítményére, sebességére és megbízhatóságára, illetve megváltoztathatják a viselkedését.</string>
	<string name="IDS_EPI_CFG_PUA_ENABLE">Kéretlen alkalmazások keresésének engedélyezése</string>
	<string name="IDS_EPI_CFG_PUA_DISABLE">Kéretlen alkalmazások keresésének tiltása</string>

	<string name="IDS_EPI_CFG_CEIP_CAPTION">Részvétel a felhasználói élmény javítását célzó programban</string>
	<string name="IDS_EPI_CFG_CEIP_TEXT">Ha engedélyezi ezt a beállítást, részt vehet az ESET Felhasználói élmény fokozása programjában, amely anonim adatokat gyűjt a termék használatának módjáról. Az anonim adatokat nem osztjuk meg harmadik féllel.&lt;a type="command" href="gui.ceip.show"&gt; Milyen információkat gyűjtünk?&lt;/a&gt;</string>
	<string name="IDS_EPI_CFG_CEIP_YES">Igen, szeretnék részt venni a programban (ajánlott)</string>
	<string name="IDS_EPI_CFG_CEIP_NO">Nem szeretnék részt venni a programban</string>

	<string name="IDS_EPI_CFG_EULA_CAPTION">Végfelhasználói licencszerződés</string>
	<string name="IDS_EPI_CFG_EULA_DESCRIPTION">Az alábbi „Folytatás” gombok egyikére elfogadja a &lt;a {{IDS_LINK_SHOW_EULA}}&gt;Végfelhasználói licencszerződést&lt;/a&gt;, és tudomásul veszi az &lt;a {{IDS_LINK_SHOW_PRIVACY_POLICY}}&gt;Adatvédelmi szabályzatot.&lt;/a&gt;</string>
	<string name="IDS_EPI_CFG_EULA_MSGBOX_OK">OK</string>
	<string name="IDS_EPI_CFG_EULA_MSGBOX_NOT_AGREE">Nem értek egyet</string>
	<string name="IDS_EPI_CFG_EULA_MSGBOX_SAVE">Mentés</string>

	<string name="IDS_EPI_CFG_BUTTON_ADVANCED">Telepítési mappa módosítása</string>
	<string name="IDS_EPI_CFG_FOLDERS_INSTALL">Programmappa:</string>
	<string name="IDS_EPI_CFG_FOLDERS_DATA">Adatmappa:</string>
	<string name="IDS_EPI_CFG_FOLDERS_MODULE">Modulmappa:</string>
	<string name="IDS_EPI_CFG_FOLDERS_VALIDATOR_INVALID">Érvénytelen mappa van kijelölve.</string>

	<string name="IDS_EPI_CFG_ALREADY_CONFIGURED">A telepítési beállítások már konfigurálva vannak.</string>

	<string name="IDS_EPI_NONEMPTY_FOLDER_WARNING_TITLE">A telepítési mappának üresnek kell lennie</string>
	<string name="IDS_EPI_NONEMPTY_FOLDER_WARNING_MESSAGE_SINGULAR">A telepítés folytatásához a meglévő mappa törlődni fog:</string>
	<string name="IDS_EPI_NONEMPTY_FOLDER_WARNING_MESSAGE_PLURAL">A telepítés folytatásához a meglévő mappák törlődni fognak:</string>
	<string name="IDS_EPI_NONEMPTY_FOLDER_QUESTION">&lt;b&gt;Beleegyezik a mappák törlésébe, és folytatja a telepítést?&lt;/b&gt;</string>

	<string name="IDS_EPI_DISKSPACE_TITLE">Megtelt a lemez</string>
	<string name="IDS_EPI_DISKSPACE_TEXT01">Elfogyott a szabad lemezterület. A kijelölt köteteken nincs elegendő szabad terület a telepítéshez. Ellenőrizze a rendelkezésre álló lemezterületet, majd próbálkozzon újra.</string>
	<string name="IDS_EPI_DISKSPACE_HEADER01">Meghajtó</string>
	<string name="IDS_EPI_DISKSPACE_HEADER02">Kapacitás</string>
	<string name="IDS_EPI_DISKSPACE_HEADER03">Szabad terület</string>
	<string name="IDS_EPI_DISKSPACE_HEADER04">Szükséges terület</string>

	<string name="IDS_EPI_INSTALL_PACKAGE_SINGLE">Telepítés...</string>
	<string name="IDS_EPI_INSTALL_PACKAGE_MULTI">Az %1 telepítése...</string>

	<string name="IDS_EPI_DONE_TITLE">Sikeres telepítés</string>
	<string name="IDS_EPI_DONE_TEXT01">Az ${bts.package.[${bts.var.package.default}].name} telepítése sikerült, ezentúl a program folyamatosan ellenőrzi, hogy találhatók-e kártevők a számítógépén. &lt;br/&gt; &lt;br/&gt; Köszönjük, hogy az ESET mellett döntött! &lt;br/&gt; &lt;br/&gt; &lt;br/&gt; Kattintson a &lt;i&gt;Kész&lt;/i&gt; feliratú gombra a program telepítésének elvégzéséhez.</string>
	<string name="IDS_EPI_DONE_TEXT01_EPI">Az összes csomag telepítése sikerült a számítógépre. &lt;br/&gt; &lt;br/&gt; Kattintson a &lt;i&gt;Kész&lt;/i&gt; gombra a termékbeállítás befejezéséhez.</string>
		<string name="IDS_EPI_DONE_PACKAGECACHE_CAPTION">Indításkor az %1 és az %2 nevű fájlnak ugyanabban a mappában kell megtalálhatónak lennie.</string>
	<string name="IDS_EPI_DONE_PACKAGECACHE_DESCRIPTION">Az %1 nevű fájl letöltődött, és a következő mappában található:&lt;br/&gt;</string>

	<string name="IDS_EPI_FAIL_FAILED_TITLE">A telepítés nem sikerült</string>
	<string name="IDS_EPI_FAIL_FINISH_TITLE">A telepítés befejeződött</string>
	<string name="IDS_EPI_FAIL_KNOWLEDGEBASE">Megoldás keresése az ESET tudásbázisában.</string>
	<string name="IDS_EPI_FAIL_TROUBLESHOOT">Hibaelhárító futtatása</string>
	<string name="IDS_EPI_FAIL_TS_LINK">Kapcsolatfelvétel az ESET műszaki támogatási szolgálatával</string>
	<string name="IDS_EPI_FAIL_RESTART">A számítógép újraindítása</string>

	<string name="IDS_EPI_FAIL_TITLE_OS">A Microsoft Windows elavult verziója</string>
	<string name="IDS_EPI_FAIL_TEXT_OS_OUTDATED">Az ESET Security nem támogatja a Microsoft Windows Ön által használt elavult verzióját. A telepítésből való kilépéshez kattintson a Bezárás gombra.</string>
	<string name="IDS_EPI_FAIL_TEXT_OS_NOT_SUPPORTED">Ez a termék már nem támogatott a Microsoft Windows Ön által használt elavult verzióján. &lt;a {{IDS_LINK_PRODUCT_OPTIONS}}&gt;Tekintse meg a lehetőségeket&lt;/a&gt;</string>
	<string name="IDS_EPI_FAIL_TEXT_OS_NOT_SUPPORTED_BUSINESS">Ez a termék már nem támogatott a Microsoft Windows Ön által használt elavult verzióján.</string>

	<string name="IDS_EPI_FAIL_TITLE_EULA_REJECTED">Végfelhasználói licencszerződés</string>
	<string name="IDS_EPI_FAIL_TEXT_EULA_REJECTED">A Végfelhasználói licencszerződést nem fogadta el.</string>

	<string name="IDS_EPI_FAIL_TITLE_CONNECTION">Kapcsolódási hiba</string>
	<string name="IDS_EPI_FAIL_TEXT_CONNECTION">Úgy tűnik, nem működik az internetkapcsolata. Nem telepíthető a termék. &lt;a {{IDS_LINK_INTERNET_SETTINGS}}&gt;Ellenőrizze az internetkapcsolatot&lt;/a&gt;, majd próbálja meg ismét a telepítést.&lt;br/&gt;&lt;br/&gt;Proxyszervert használ? Módosítsa a proxyszerver beállításait, majd próbálkozzon újra.</string>
	<string name="IDS_EPI_FAIL_TEXT_CONNECTION_EPI">Úgy tűnik, nem működik az internetkapcsolata. A csomagok nem telepíthetők. &lt;a {{IDS_LINK_INTERNET_SETTINGS}}&gt;Ellenőrizze az internetkapcsolatot&lt;/a&gt;, majd próbálja meg ismét a telepítést.&lt;br/&gt;&lt;br/&gt;Proxyszervert használ? Módosítsa a proxyszerver beállításait, majd próbálkozzon újra.</string>

	<string name="IDS_EPI_FAIL_TITLE_DOWNLOAD_ERROR">Letöltési hiba</string>
	<string name="IDS_EPI_FAIL_TEXT_DOWNLOAD_ERROR">Hiba történt az adatok letöltésekor a szerverről. Ellenőrizze a hálózati kapcsolatot, és próbálkozzon újra.&lt;br/&gt;&lt;br/&gt;Ha továbbra is hibákat tapasztal, keresse fel a &lt;a {{IDS_LINK_OFFLINE_INSTALLER}}&gt;www.eset.com&lt;/a&gt; webhelyet, és töltse le a kapcsolat nélküli telepítőt.</string>
	<string name="IDS_EPI_FAIL_TEXT_DOWNLOAD_ERROR_EPI">Hiba történt az adatok letöltésekor a szerverről. Ellenőrizze a hálózati kapcsolatot, és próbálkozzon újra.</string>

	<string name="IDS_EPI_FAIL_TITLE_INVALID_SERVER_RESPONSE">Érvénytelen válasz</string>
	<string name="IDS_EPI_FAIL_TEXT_INVALID_SERVER_RESPONSE">Érvénytelen válasz érkezett a szerverről.</string>

	<string name="IDS_EPI_FAIL_TITLE_INVALID_INSTALLER">Érvénytelen telepítő</string>
	<string name="IDS_EPI_FAIL_TEXT_INVALID_INSTALLER">Ez a telepítő már nem érvéynes, ezért cserélni kell. Töltsön le egy új telepítőt a termék telepítéséhez.</string>
	<string name="IDS_EPI_FAIL_TEXT_INVALID_INSTALLER_EPI">Ez a telepítő már nem érvéynes, ezért cserélni kell. Generáljon egy új telepítőt, vagy kérje meg a rendszergazdát a termék telepítésére.</string>

	<string name="IDS_EPI_FAIL_TITLE_VERSIONCHECK_NO_PACKAGES">Nem található kompatibilis csomag</string>
	<string name="IDS_EPI_FAIL_TEXT_VERSIONCHECK_NO_PACKAGES">Nem található kompatibilis telepítőcsomag a szerveren. Keresse fel a &lt;a {{IDS_LINK_OFFLINE_INSTALLER}}&gt;www.eset.com&lt;/a&gt; webhelyet, és töltse le a kapcsolat nélküli telepítőt.</string>
	<string name="IDS_EPI_FAIL_TEXT_VERSIONCHECK_NO_PACKAGES_EPI">Ez a telepítő már nem érvéynes, ezért cserélni kell. Generáljon egy új telepítőt, vagy kérje meg a rendszergazdát a termék telepítésére.</string>

	<string name="IDS_EPI_FAIL_TITLE_INCOMPATIBLE_OS">Nem kompatibilis operációs rendszer</string>
	<string name="IDS_EPI_FAIL_TEXT_INCOMPATIBLE_OS">Az ${bts.package.[${bts.var.package.current}].name} nem szerveres operációs rendszerekhez készült. Töltsön le és telepítsen egy ügyfélprogramot a &lt;a {{IDS_LINK_OFFLINE_INSTALLER}}&gt;www.eset.com&lt;/a&gt; webhelyről.</string>
	<string name="IDS_EPI_FAIL_TEXT_INCOMPATIBLE_OS_EPI">Az ${bts.package.[${bts.var.package.current}].name} nem az Ön által használt operációs rendszerekhez készült.</string>

	<string name="IDS_EPI_FAIL_TITLE_INCOMPATIBLE_PACKAGE_X32">Nem kompatibilis csomag</string>
	<string name="IDS_EPI_FAIL_TEXT_INCOMPATIBLE_PACKAGE_X32">Ez a telepítőcsomag 32 bites operációs rendszerekhez készült. Használja a 64 bites operációs rendszerek telepítőcsomagját.</string>

	<string name="IDS_EPI_FAIL_TITLE_INCOMPATIBLE_PACKAGE_X64">Nem kompatibilis csomag</string>
	<string name="IDS_EPI_FAIL_TEXT_INCOMPATIBLE_PACKAGE_X64">Ez a telepítőcsomag 64 bites operációs rendszerekhez készült. Használja a 32 bites operációs rendszerek telepítőcsomagját.</string>

	<string name="IDS_EPI_FAIL_TITLE_INCOMPATIBLE_PRODUCT_INSTALLED">Nem kompatibilis program van telepítve</string>
	<string name="IDS_EPI_FAIL_TEXT_INCOMPATIBLE_PRODUCT_INSTALLED">Egy nem kompatibilis {PRODUCT} program már van telepítve. Távolítsa el manuálisan, és kezdje el újból a telepítést.</string>

	<string name="IDS_EPI_FAIL_TITLE_NEWER_VERSION_NOT_AVAILABLE">Már telepítve van a legújabb verzió</string>
	<string name="IDS_EPI_FAIL_TEXT_NEWER_VERSION_NOT_AVAILABLE">Az ${bts.package.[${bts.var.package.default}].name} legújabb verziója már telepítve van a számítógépen.</string>

	<string name="IDS_EPI_FAIL_TITLE_REFERRAL">Nem telepíthető a termék</string>
	<string name="IDS_EPI_FAIL_TEXT_REFERRAL">Nem telepíthető a termék, mivel egy másik ESET-termék már telepítve van erre a készülékre.</string>
	<string name="IDS_EPI_FAIL_TEXT_REFERRAL_UPGRADE">A meglévő ESET-verzió elavult, és ezért nem garantálja a leghatékonyabb védelmet.&lt;br/&gt;&lt;b&gt;Fokozza a biztonsági védelmet – frissítsen a legújabb verzióra INGYENESEN.&lt;/b&gt;</string>

	<string name="IDS_EPI_FAIL_TITLE_PACKAGE_NOT_FOUND">A csomag nem található</string>
	<string name="IDS_EPI_FAIL_TEXT_PACKAGE_NOT_FOUND">Az {PRODUCT} telepítőcsomag nem található.</string>

	<string name="IDS_EPI_FAIL_TITLE_PACKAGE_CORRUPTED">A csomag sérült</string>
	<string name="IDS_EPI_FAIL_TEXT_PACKAGE_CORRUPTED">Az {PRODUCT} telepítőcsomag sérült.</string>

	<string name="IDS_EPI_FAIL_TITLE_INSTALL_OUT_OF_SPACE">Megtelt a lemez</string>
	<string name="IDS_EPI_FAIL_TEXT_INSTALL_OUT_OF_SPACE">Nincs elég lemezterület az ${bts.package.[${bts.var.package.default}].name} telepítéséhez.&lt;br/&gt;&lt;br/&gt;Gondoskodjon arról, hogy legalább %u MB szabad hellyel rendelkezzen, majd próbálkozzon újra.</string>
	<string name="IDS_EPI_FAIL_TEXT_INSTALL_OUT_OF_SPACE_EPI">Nincs elég lemezterület az összes csomag telepítéséhez.&lt;br/&gt;&lt;br/&gt;Gondoskodjon arról, hogy legalább %u MB szabad hellyel rendelkezzen, majd próbálkozzon újra.</string>

	<string name="IDS_EPI_FAIL_TITLE_SETUP">A telepítés nem sikerült</string>
	<string name="IDS_EPI_FAIL_TEXT_SETUP">Az ${bts.package.[${bts.var.package.current}].name} telepítése nem sikerült. A rendszer védtelen lehet a számítógépes kártevők ellen. Ha szeretné telepíteni az ${bts.package.[${bts.var.package.current}].name} programot a számítógépén, futtassa újból a telepítést.</string>
	<string name="IDS_EPI_FAIL_TEXT_SETUP_TROUBLESHOOT">Probléma merült fel az ESET-termék készülékre való telepítésekor. Azt javasoljuk, hogy futtasson egy hibaelhárítót. Ha lehetséges, a hibaelhárító elhárítja a problémát.</string>
	<string name="IDS_EPI_FAIL_TEXT_SETUP_EPI">Az ${bts.package.[${bts.var.package.current}].name} telepítése nem sikerült. A rendszer védtelen lehet a számítógépes kártevők ellen. Ha szeretné telepíteni a csomagokat a számítógépére, futtassa újból a telepítést.</string>
	<string name="IDS_EPI_FAIL_TEXT_SETUP_ERROR_CODE">Hibakód: %s</string>

	<string name="IDS_EPI_FAIL_TITLE_ABORT">A felhasználó megszakította a telepítést</string>
	<string name="IDS_EPI_FAIL_TEXT_ABORT">A felhasználó megszakította az ${bts.package.[${bts.var.package.default}].name} telepítését. Ha szeretné telepíteni az ${bts.package.[${bts.var.package.default}].name} programot a számítógépén, futtassa újból a telepítést.</string>
	<string name="IDS_EPI_FAIL_TEXT_ABORT_EPI">A felhasználó félbeszakította a telepítést. Az összes csomag számítógépre való telepítéséhez futtassa újra a telepítést.</string>

	<string name="IDS_EPI_FAIL_TITLE_INTERNAL_ERROR">Belső hiba</string>
	<string name="IDS_EPI_FAIL_TEXT_INTERNAL_ERROR">Belső hiba történt. Próbálkozzon újra, és indítsa el ismét a telepítést.</string>

	<string name="IDS_EPI_TROUBLESHOOT_FINISH_TITLE">A hibaelhárító befejezte a műveletet</string>
	<string name="IDS_EPI_TROUBLESHOOT_SUCCESS_TITLE">A hibaelhárítás sikeres volt</string>
	<string name="IDS_EPI_TROUBLESHOOT_FAILED_TITLE">A hibaelhárítás sikertelen volt</string>
	<string name="IDS_EPI_TROUBLESHOOT_TEXT">&lt;b&gt;Azt javasoljuk, hogy zárja be ezt az ablakot, majd indítsa újra a számítógépet. Az újraindítás után futtassa újra a telepítőt.&lt;/b&gt;</string>
	<string name="IDS_EPI_TROUBLESHOOT_REBOOT_TEXT">&lt;b&gt;Újraindítás szükséges a hibaelhárítás befejezéséhez. Zárja be ezt az ablakot, majd indítsa újra a számítógépet. Az újraindítás után futtassa újra a telepítőt.&lt;/b&gt;</string>
	<string name="IDS_EPI_TROUBLESHOOT_CONTACT_TEXT">Folyamatosan fennálló hiba esetén forduljon a rendszergazdához vagy az &lt;a {{IDS_LINK_SUPPORT}}&gt;ESET műszaki támogatási szolgálatával.&lt;/a&gt;</string>

	<string name="IDS_EPI_CFG_SIMPLE_CAPTION">Védelmi és telepítési beállítások</string>
	<string name="IDS_EPI_CFG_RECOMMENDED_CAPTION">Javasolt</string>
	<string name="IDS_EPI_CFG_SIMPLE_PUA_CAPTION">Kéretlen alkalmazások keresésének engedélyezése</string>
	<string name="IDS_EPI_CFG_SIMPLE_CEIP_CAPTION">Vegyen részt a Felhasználói élmény javítását célzó programban &lt;br/&gt; &lt;a type="command" href="gui.ceip.show"&gt; Milyen információkat gyűjtünk?&lt;/a&gt;</string>
	<string name="IDS_EPI_CFG_SIMPLE_LGF_CAPTION">Az ESET LiveGrid® visszajelzési rendszer engedélyezése</string>
	<string name="IDS_EPI_CFG_SIMPLE_CEIP_TEXT">Ha engedélyezi ezt a beállítást, részt vehet az ESET Felhasználói élmény fokozása programjában, amely anonim adatokat gyűjt a termék használatának módjáról. Az anonim adatokat nem osztjuk meg harmadik féllel.</string>
	<string name="IDS_EPI_CFG_SIMPLE_CONTINUE">Folytatás</string>
	<string name="IDS_EPI_CFG_SIMPLE_ALL_CONTINUE">Az összes engedélyezése és folytatás</string>

	<string name="IDS_EPI_BANNER_CAPTION1">Telepítés előkészítése</string>
	<string name="IDS_EPI_BANNER_DESCRIPTION1">Kérjük, várjon, amíg letöltjük a telepítőcsomagot.</string>

	<string name="IDS_EPI_BANNER_CAPTION2">Telepítés folyamatban</string>
	<string name="IDS_EPI_BANNER_DESCRIPTION2">Mindjárt kész! Kérjük, várjon, amíg a telepítés befejeződik.</string>

	<string name="IDS_EPI_BANNER_CAPTION3">Egyedülálló teljesítmény</string>
	<string name="IDS_EPI_BANNER_DESCRIPTION3">Az ESET többszintű védelmi technológiája világszerte több mint 100 millió szenzor adatai alapján működik, így biztosítja a legmagasabb szintű védelmet a legalacsonyabb rendszerterhelés mellett.</string>

	<string name="IDS_EPI_BANNER_CAPTION4">Köszönjük, hogy az ESET mellett döntött!</string>
	<string name="IDS_EPI_BANNER_DESCRIPTION4">Az ESET NOD32® technológia tartja a megszakítás nélkül elnyert VB100 díjak világrekordját!</string>

	<string name="IDS_EPI_BANNER_CAPTION5">Az IT biztonság egyszerű, központi kezelhetősége</string>
	<string name="IDS_EPI_BANNER_DESCRIPTION5">Függetlenül attól, hogy felhőbeli vagy helyi biztonsági felügyeleti konzolt használ, egy egyablakos vezérlőt vehet igénybe, amely lehetővé teszi az ESET védelmi megoldások fejlettebb kezelését bárhol, bármikor.</string>


</resources>
