﻿<?xml version="1.0" encoding="utf-8" ?>
<resources langname="Español (Latinoamérica)" lcid="340a">

	<string name="IDS_EPI_INSTALL_STEP">Bienvenido|Acuerdo de licencia|AV Remover|Instalación|Terminar</string>

	<string name="IDS_EPI_ACTION_INIT">Inicializando...</string>
	<string name="IDS_EPI_ACTION_EULA">Descarga de EULA(s)...</string>
	<string name="IDS_EPI_ACTION_DUMP">Preparando el paquete de instalación...</string>
	<string name="IDS_EPI_ACTION_CALC">Calculando el espacio disponible...</string>
	<string name="IDS_EPI_ACTION_DETECTAV">Verificando la presencia de posibles aplicaciones conflictivas...</string>
	<string name="IDS_EPI_ACTION_PACKAGECACHE">Finalizando el paquete fuera de línea...</string>
	<string name="IDS_EPI_ACTION_CLEANUP_FOLDERS">Eliminando carpetas...</string>
	<string name="IDS_EPI_ACTION_TROUBLESHOOTING">Solucionando problemas. Esto puede llevar unos minutos...</string>

	<string name="IDS_EPI_HOME_TITLE_EAV">Instalar ${bts.package.[0].name}</string>
	<string name="IDS_EPI_HOME_TEXT_EAV">Disfrute del uso de su equipo mientras trabaja, juega y navega protegido por ESET.</string>
	<string name="IDS_EPI_HOME_TITLE_ESS">Instalar ${bts.package.[0].name}</string>
	<string name="IDS_EPI_HOME_TEXT_ESS">Disfrute del uso de su equipo mientras trabaja, juega y navega protegido por ESET.</string>
	<string name="IDS_EPI_HOME_TITLE_EIS">Instalar ${bts.package.[0].name}</string>
	<string name="IDS_EPI_HOME_TEXT_EIS">Disfrute del uso de su equipo mientras trabaja, juega y navega protegido por ESET.</string>
	<string name="IDS_EPI_HOME_TITLE_ESSP">Instalar ${bts.package.[0].name}</string>
	<string name="IDS_EPI_HOME_TEXT_ESSP">Disfrute del uso de su equipo mientras trabaja, juega y navega protegido por ESET.</string>
	<string name="IDS_EPI_HOME_TITLE_EHS">Instalar ${bts.package.[0].name}</string>
	<string name="IDS_EPI_HOME_TEXT_EHS">Disfrute del uso de su equipo mientras trabaja, juega y navega protegido por ESET.</string>
	<string name="IDS_EPI_HOME_TITLE_EEA">Instalar ${bts.package.[0].name}</string>
	<string name="IDS_EPI_HOME_SUBTITLE_EEA">Protección de línea base avanzada para su empresa</string>
	<string name="IDS_EPI_HOME_TEXT_EEA">${bts.package.[0].name}, que presenta la tecnología de detección galardonada ESET NOD32®, le brinda a su empresa protección de línea base avanzada y ligera, mejorada por nuestro sistema de reputación basado en la nube. Controle todo sin esfuerzo con nuestra consola web fácil de usar ESET PROTECT.</string>
	<string name="IDS_EPI_HOME_TITLE_EES">Instalar ${bts.package.[0].name}</string>
	<string name="IDS_EPI_HOME_SUBTITLE_EES">Su paquete de seguridad avanzado y con funciones completas</string>
	<string name="IDS_EPI_HOME_TEXT_EES">${bts.package.[0].name} es su paquete de seguridad avanzado y con funciones completas, que brinda protección integral multicapa contra todo tipo de malware. Disfrute de niveles bajos de exigencia, soporte para virtualización y supervisión mediante la nueva consola web ESET PROTECT.</string>

	<string name="IDS_EPI_HOME_TITLE_MULTI">Instalar componentes</string>
	<string name="IDS_EPI_INFO_TITLE_ERAA">ESET PROTECT administrará esta computadora</string>
	<string name="IDS_EPI_BUNDLE_TITLE">Se incluyen los siguientes componentes en este instalador</string>

	<string name="IDS_EPI_HOME_AVREMOVER_CHECK">Quiero desinstalar los productos de seguridad no compatibles</string>
	<string name="IDS_EPI_HOME_NEW_VERSION_TEXT">Una versión más reciente del producto está en línea y se puede descargar e instalar automáticamente, en lugar de incluir una sola.</string>
	<string name="IDS_EPI_HOME_NEW_VERSION_CHECKBOX">Instalar la versión más reciente</string>

<string name="IDS_EPI_HOME_NEED_HELP">¿Necesita ayuda con la instalación?</string>
	<string name="IDS_EPI_HOME_OPEN_INSTRUCTIONS">Abrir instrucciones de instalación</string>
	<string name="IDS_EPI_HOME_OPEN_GUIDE">Abrir la guía para el usuario</string>

	<string name="IDS_EPI_LOCK_PASSWORD_TITLE">Las configuraciones de ESET Security están protegidas con contraseña</string>
	<string name="IDS_EPI_LOCK_PASSWORD_SUBTITLE">Ingrese una contraseña válida para continuar.</string>
	<string name="IDS_EPI_LOCK_PASSWORD_TEXT">Contraseña</string>
	<string name="IDS_EPI_LOCK_PASSWORD_ERROR">Contraseña incorrecta. Puede restablecer la contraseña&lt;br/&gt;en la configuración avanzada del producto.</string>

	<string name="IDS_EPI_EULA_SINGLE_TITLE">Acuerdo de licencia de usuario final</string>
	<string name="IDS_EPI_EULA_SAVEAS_FILTER">Texto (*.txt)|*.txt|HTML (*.html,*.htm)|*.html;*.htm||</string>
	<string name="IDS_EPI_EULA_BUTTON_ACCEPT">Acepto</string>
	<string name="IDS_EPI_EULA_BUTTON_DECLINE">No acepto</string>
	<string name="IDS_EPI_EULA_DECLINE">Si rechaza el acuerdo de licencia de usuario final, se cerrará el instalador. ¿Está seguro de que quiere hacerlo?</string>

	<string name="IDS_EPI_DETECTAV_TITLE">Explorando</string>
	<string name="IDS_EPI_DETECTAV_TEXT01">Se encontraron otros productos de seguridad</string>
	<string name="IDS_EPI_DETECTAV_TEXT02">Ejecutar dos soluciones de seguridad al mismo tiempo podría provocar inestabilidad. Resuelva este problema al desinstalar el software de seguridad conflictivo que se encuentra en su sistema.</string>
	<string name="IDS_EPI_DETECTAV_UNINSTALL">Cómo desinstalar otro software de antivirus</string>

	<string name="IDS_EPI_PACKAGECACHE_TITLE">Realizar la descarga previa de los componentes</string>
	<string name="IDS_EPI_PACKAGECACHE_TEXT">Realizar la descarga previa de los componentes incluidos en este paquete instalador (Live Installer) para acelerar el proceso de implementación cuando tiene conexión a Internet limitada.</string>
	<string name="IDS_EPI_PACKAGECACHE_HOW01">&lt;b&gt;Haga clic en el botón de descarga&lt;/b&gt; y %1 se creará, se descargará y se guardará en su computadora.</string>
	<string name="IDS_EPI_PACKAGECACHE_HOW02">&lt;b&gt;Copie %1 y %2 en la misma carpeta.&lt;/b&gt; Puede utilizar un espacio de red compartida o una unidad USB.</string>
	<string name="IDS_EPI_PACKAGECACHE_HOW03">&lt;b&gt;Ejecute %2 en cualquier computadora desde una carpeta compartida o unidad USB.&lt;/b&gt; El %2 utilizará los componentes descargados previamente sin volver a descargarlos.</string>

	<string name="IDS_EPI_DOWNLOAD_PACKAGE_SINGLE">Descargando...</string>
	<string name="IDS_EPI_DOWNLOAD_PACKAGE_MULTI">Descargando %1...</string>

	<string name="IDS_EPI_CFG_LGF_CAPTION_CONSUMER">Hay poder en los números. Obtenga el nivel máximo de protección.</string>
	<string name="IDS_EPI_CFG_LGF_TEXT_CONSUMER">El sistema de comentarios ESET LiveGrid® nos permite reunir la información sobre objetos sospechosos, que procesamos automáticamente para generar mecanismos de detección en nuestro sistema de nube. Los aplicamos inmediatamente para asegurarnos de que nuestros clientes tengan el máximo nivel de protección.</string>
	<string name="IDS_EPI_CFG_LGF_CAPTION_BUSINESS">Ayúdenos a brindarle cada vez más seguridad.</string>
	<string name="IDS_EPI_CFG_LGF_TEXT_BUSINESS">El sistema de comentarios ESET LiveGrid® usa más de 100&nbsp;millones de sensores en todo el mundo, lo que nos permite reunir estadísticas e información sobre objetos sospechosos, que procesamos automáticamente para generar mecanismos de detección en nuestro sistema de reputación basado en la nube. Los aplicamos inmediatamente para asegurarnos de que tenga el máximo nivel de protección.</string>
	<string name="IDS_EPI_CFG_LGF_ENABLE">Habilitar el sistema de comentarios de ESET LiveGrid® (recomendado)</string>
	<string name="IDS_EPI_CFG_LGF_DISABLE">Desactivar el sistema de comentarios de ESET LiveGrid®</string>

	<string name="IDS_EPI_CFG_PUA_CAPTION">Detección de aplicaciones potencialmente no deseadas</string>
	<string name="IDS_EPI_CFG_PUA_TEXT">ESET puede detectar &lt;a {{IDS_HELP_PUA_LINK}}&gt;aplicaciones potencialmente no deseadas&lt;/a&gt; y pedir la confirmación antes de su instalación. Es posible que las aplicaciones potencialmente no deseadas no representen un riesgo de seguridad pero pueden afectar el rendimiento, la velocidad y fiabilidad de su equipo o causar cambios en el comportamiento. Generalmente requieren del consentimiento del usuario antes de su instalación.</string>
	<string name="IDS_EPI_CFG_PUA_ENABLE">Habilitar la detección de aplicaciones potencialmente no deseadas</string>
	<string name="IDS_EPI_CFG_PUA_DISABLE">Deshabilitar la detección de aplicaciones potencialmente no deseadas</string>

	<string name="IDS_EPI_CFG_CEIP_CAPTION">Participar en el Programa de mejora de la experiencia del cliente</string>
	<string name="IDS_EPI_CFG_CEIP_TEXT">Nos gustaría recopilar información anónima acerca de cómo se utiliza este producto. Los datos recopilados nos ayudarán a mejorar su experiencia y nunca se compartirán con terceros.&lt;a type="command" href="gui.ceip.show"&gt; ¿Qué información recopilamos?&lt;/a&gt;</string>
	<string name="IDS_EPI_CFG_CEIP_YES">Sí, deseo participar en el programa (recomendado)</string>
	<string name="IDS_EPI_CFG_CEIP_NO">No, no deseo participar en el programa</string>

	<string name="IDS_EPI_CFG_EULA_CAPTION">Acuerdo de licencia de usuario final</string>
	<string name="IDS_EPI_CFG_EULA_DESCRIPTION">Al hacer clic en cualquiera de los siguientes botones de "Continuar", usted acepta el &lt;a {{IDS_LINK_SHOW_EULA}}&gt;Acuerdo de licencia de usuario final&lt;/a&gt; y confirma la &lt;a {{IDS_LINK_SHOW_PRIVACY_POLICY}}&gt;Política de privacidad.&lt;/a&gt;</string>
	<string name="IDS_EPI_CFG_EULA_MSGBOX_OK">Aceptar</string>
	<string name="IDS_EPI_CFG_EULA_MSGBOX_NOT_AGREE">No estoy de acuerdo</string>
	<string name="IDS_EPI_CFG_EULA_MSGBOX_SAVE">Guardar</string>

	<string name="IDS_EPI_CFG_BUTTON_ADVANCED">Cambiar la carpeta de instalación</string>
	<string name="IDS_EPI_CFG_FOLDERS_INSTALL">Carpeta de productos:</string>
	<string name="IDS_EPI_CFG_FOLDERS_DATA">Carpeta de datos:</string>
	<string name="IDS_EPI_CFG_FOLDERS_MODULE">Carpeta de módulos:</string>
	<string name="IDS_EPI_CFG_FOLDERS_VALIDATOR_INVALID">Carpeta seleccionada no válida.</string>

	<string name="IDS_EPI_CFG_ALREADY_CONFIGURED">Ya se configuraron los ajustes de instalación.</string>

	<string name="IDS_EPI_NONEMPTY_FOLDER_WARNING_TITLE">La carpeta de instalación debe estar vacía</string>
	<string name="IDS_EPI_NONEMPTY_FOLDER_WARNING_MESSAGE_SINGULAR">Para continuar con la instalación, se eliminará la carpeta actual:</string>
	<string name="IDS_EPI_NONEMPTY_FOLDER_WARNING_MESSAGE_PLURAL">Para continuar con la instalación, se eliminarán las carpetas actuales:</string>
	<string name="IDS_EPI_NONEMPTY_FOLDER_QUESTION">&lt;b&gt;¿Acepta eliminar las carpetas y continuar con la instalación?&lt;/b&gt;</string>

	<string name="IDS_EPI_DISKSPACE_TITLE">No queda espacio en disco</string>
	<string name="IDS_EPI_DISKSPACE_TEXT01">No queda espacio en disco. Los volúmenes resaltados no cuentan con espacio suficiente disponible para la instalación. Verifique el espacio en disco disponible e inténtelo de nuevo.</string>
	<string name="IDS_EPI_DISKSPACE_HEADER01">Unidad</string>
	<string name="IDS_EPI_DISKSPACE_HEADER02">Capacidad</string>
	<string name="IDS_EPI_DISKSPACE_HEADER03">Espacio libre</string>
	<string name="IDS_EPI_DISKSPACE_HEADER04">Espacio requerido</string>

	<string name="IDS_EPI_INSTALL_PACKAGE_SINGLE">Instalando...</string>
	<string name="IDS_EPI_INSTALL_PACKAGE_MULTI">Instalando %1...</string>

	<string name="IDS_EPI_DONE_TITLE">Instalación correcta</string>
	<string name="IDS_EPI_DONE_TEXT01">${bts.package.[${bts.var.package.default}].name} se instaló correctamente en el equipo. Se verificará continuamente que el equipo no contenga virus ni malware. &lt;br/&gt; &lt;br/&gt; ¡Gracias por elegir ESET! &lt;br/&gt; &lt;br/&gt; &lt;br/&gt; Haga clic en &lt;i&gt;Listo&lt;/i&gt; para completar la instalación del producto.</string>
	<string name="IDS_EPI_DONE_TEXT01_EPI">Se instalaron correctamente todos los paquetes en su equipo. &lt;br/&gt; &lt;br/&gt; Haga clic en &lt;i&gt;Listo&lt;/i&gt; para completar la configuración del producto.</string>
		<string name="IDS_EPI_DONE_PACKAGECACHE_CAPTION">El %1 y %2 deben estar ubicados en la misma carpeta al momento de la ejecución.</string>
	<string name="IDS_EPI_DONE_PACKAGECACHE_DESCRIPTION">Se descargó %1 y se guardó en la carpeta:&lt;br/&gt;</string>

	<string name="IDS_EPI_FAIL_FAILED_TITLE">Error en la instalación</string>
	<string name="IDS_EPI_FAIL_FINISH_TITLE">Fin de la instalación</string>
	<string name="IDS_EPI_FAIL_KNOWLEDGEBASE">Búsqueda de solución en la base de conocimiento de ESET.</string>
	<string name="IDS_EPI_FAIL_TROUBLESHOOT">Ejecutar la resolución de problemas</string>
	<string name="IDS_EPI_FAIL_TS_LINK">Comuníquese con Soporte técnico de ESET</string>
	<string name="IDS_EPI_FAIL_RESTART">Reiniciar equipo</string>

	<string name="IDS_EPI_FAIL_TITLE_OS">Versión obsoleta de Microsoft Windows</string>
	<string name="IDS_EPI_FAIL_TEXT_OS_OUTDATED">ESET Security no es compatible con su versión obsoleta de Microsoft Windows. Haga clic en Cerrar para salir de la instalación.</string>
	<string name="IDS_EPI_FAIL_TEXT_OS_NOT_SUPPORTED">Este producto ya no es compatible con su versión obsoleta de Microsoft Windows. &lt;a {{IDS_LINK_PRODUCT_OPTIONS}}&gt;Consulte sus opciones&lt;/a&gt;</string>
	<string name="IDS_EPI_FAIL_TEXT_OS_NOT_SUPPORTED_BUSINESS">Este producto ya no es compatible con su versión obsoleta de Microsoft Windows.</string>

	<string name="IDS_EPI_FAIL_TITLE_EULA_REJECTED">Acuerdo de licencia de usuario final</string>
	<string name="IDS_EPI_FAIL_TEXT_EULA_REJECTED">No se aceptó el acuerdo de licencia de usuario final.</string>

	<string name="IDS_EPI_FAIL_TITLE_CONNECTION">Error de conexión</string>
	<string name="IDS_EPI_FAIL_TEXT_CONNECTION">Parece que su conexión a internet no funciona. No se puede instalar el producto. &lt;a {{IDS_LINK_INTERNET_SETTINGS}}&gt;Verifique su conexión a internet&lt;/a&gt; y vuelva a intentar la instalación.&lt;br/&gt;&lt;br/&gt;¿Está usando un servidor proxy? Cambie su configuración del servidor proxy y vuelva a intentar.</string>
	<string name="IDS_EPI_FAIL_TEXT_CONNECTION_EPI">Parece que su conexión a Internet no funciona. No se pueden instalar los paquetes. &lt;a {{IDS_LINK_INTERNET_SETTINGS}}&gt;Verifique su conexión a Internet&lt;/a&gt; y vuelva a intentar la instalación.&lt;br/&gt;&lt;br/&gt;¿Está usando un servidor proxy? Cambie su configuración del servidor proxy y vuelva a intentar.</string>

	<string name="IDS_EPI_FAIL_TITLE_DOWNLOAD_ERROR">Error de descarga</string>
	<string name="IDS_EPI_FAIL_TEXT_DOWNLOAD_ERROR">Se produjo un error durante la descarga de datos del servidor. Verifique su conexión de red e inténtelo de nuevo.&lt;br/&gt;&lt;br/&gt;Si aun experimenta problemas, visite &lt;a {{IDS_LINK_OFFLINE_INSTALLER}}&gt;www.eset.com&lt;/a&gt; para descargar el instalador fuera de línea.</string>
	<string name="IDS_EPI_FAIL_TEXT_DOWNLOAD_ERROR_EPI">Se produjo un error durante la descarga de datos del servidor. Verifique su conexión de red e inténtelo de nuevo.</string>

	<string name="IDS_EPI_FAIL_TITLE_INVALID_SERVER_RESPONSE">Respuesta no válida</string>
	<string name="IDS_EPI_FAIL_TEXT_INVALID_SERVER_RESPONSE">Receptor de respuesta no válida del servidor.</string>

	<string name="IDS_EPI_FAIL_TITLE_INVALID_INSTALLER">Instalador inválido</string>
	<string name="IDS_EPI_FAIL_TEXT_INVALID_INSTALLER">El instalador actual ya no es válido y deberá reemplazarse. Descargue uno nuevo para poder instalar este producto.</string>
	<string name="IDS_EPI_FAIL_TEXT_INVALID_INSTALLER_EPI">El instalador actual ya no es válido y deberá reemplazarse. Genere uno nuevo o contacte a su administrador para instalar este producto.</string>

	<string name="IDS_EPI_FAIL_TITLE_VERSIONCHECK_NO_PACKAGES">No se encontró un paquete compatible</string>
	<string name="IDS_EPI_FAIL_TEXT_VERSIONCHECK_NO_PACKAGES">No se dispone de un paquete de instalación compatible en el servidor. Visite &lt;a {{IDS_LINK_OFFLINE_INSTALLER}}&gt;www.eset.com&lt;/a&gt; para descargar el instalador fuera de línea.</string>
	<string name="IDS_EPI_FAIL_TEXT_VERSIONCHECK_NO_PACKAGES_EPI">El instalador actual ya no es válido y deberá reemplazarse. Genere uno nuevo o contacte a su administrador para instalar este producto.</string>

	<string name="IDS_EPI_FAIL_TITLE_INCOMPATIBLE_OS">Sistema operativo incompatible</string>
	<string name="IDS_EPI_FAIL_TEXT_INCOMPATIBLE_OS">${bts.package.[${bts.var.package.current}].name} no se diseñó para sus sistemas operativos. Descargue e instale un producto desde &lt;a {{IDS_LINK_OFFLINE_INSTALLER}}&gt;www.eset.com&lt;/a&gt;.</string>
	<string name="IDS_EPI_FAIL_TEXT_INCOMPATIBLE_OS_EPI">${bts.package.[${bts.var.package.current}].name} No se diseñó para sus sistemas operativos.</string>

	<string name="IDS_EPI_FAIL_TITLE_INCOMPATIBLE_PACKAGE_X32">Paquete incompatible</string>
	<string name="IDS_EPI_FAIL_TEXT_INCOMPATIBLE_PACKAGE_X32">El paquete de instalación fue creado para sistemas operativos de 32 bits. Use un paquete de instalación para sistema operativos de 64 bits.</string>

	<string name="IDS_EPI_FAIL_TITLE_INCOMPATIBLE_PACKAGE_X64">Paquete incompatible</string>
	<string name="IDS_EPI_FAIL_TEXT_INCOMPATIBLE_PACKAGE_X64">El paquete de instalación fue creado para sistemas operativos de 64 bits. Use un paquete de instalación para sistema operativos de 64 bits.</string>

	<string name="IDS_EPI_FAIL_TITLE_INCOMPATIBLE_PRODUCT_INSTALLED">Se instaló un producto incompatible</string>
	<string name="IDS_EPI_FAIL_TEXT_INCOMPATIBLE_PRODUCT_INSTALLED">Se instaló un producto incompatible {PRODUCT}. Desinstálelo manualmente y vuelva a iniciar la instalación.</string>

	<string name="IDS_EPI_FAIL_TITLE_NEWER_VERSION_NOT_AVAILABLE">La versión más reciente ya está instalada</string>
	<string name="IDS_EPI_FAIL_TEXT_NEWER_VERSION_NOT_AVAILABLE">Una versión más reciente de ${bts.package.[${bts.var.package.default}].name} ya está instalada en el equipo.</string>

	<string name="IDS_EPI_FAIL_TITLE_REFERRAL">No se puede instalar el producto</string>
	<string name="IDS_EPI_FAIL_TEXT_REFERRAL">El producto no se puede instalar porque otro producto ESET ya está instalado en ese dispositivo.</string>
	<string name="IDS_EPI_FAIL_TEXT_REFERRAL_UPGRADE">Su versión existente de ESET está desactualizada y ya no le garantiza la mejor protección.&lt;br/&gt;&lt;b&gt;Mejore su protección de seguridad mediante la actualización a la última versión GRATIS.&lt;/b&gt;</string>

	<string name="IDS_EPI_FAIL_TITLE_PACKAGE_NOT_FOUND">No se encontró el paquete</string>
	<string name="IDS_EPI_FAIL_TEXT_PACKAGE_NOT_FOUND">No se encontró el paquete de instalación de {PRODUCT}.</string>

	<string name="IDS_EPI_FAIL_TITLE_PACKAGE_CORRUPTED">El paquete está corrupto</string>
	<string name="IDS_EPI_FAIL_TEXT_PACKAGE_CORRUPTED">El paquete de instalación de {PRODUCT} está corrupto.</string>

	<string name="IDS_EPI_FAIL_TITLE_INSTALL_OUT_OF_SPACE">No queda espacio en disco</string>
	<string name="IDS_EPI_FAIL_TEXT_INSTALL_OUT_OF_SPACE">No hay espacio de disco suficiente para completar la instalación de ${bts.package.[${bts.var.package.default}].name}.&lt;br/&gt;&lt;br/&gt;Asegúrese de disponer, como mínimo, de %u MB libres y vuelva a intentarlo.</string>
	<string name="IDS_EPI_FAIL_TEXT_INSTALL_OUT_OF_SPACE_EPI">No hay espacio de disco suficiente para completar la instalación de todos los paquetes.&lt;br/&gt;&lt;br/&gt;Asegúrese de disponer, como mínimo, de %u MB libres y vuelva a intentarlo.</string>

	<string name="IDS_EPI_FAIL_TITLE_SETUP">La instalación no se completó correctamente</string>
	<string name="IDS_EPI_FAIL_TEXT_SETUP">La instalación de ${bts.package.[${bts.var.package.current}].name} no se completó correctamente. El sistema no puede protegerse contra las amenazas del equipo. Para instalar ${bts.package.[${bts.var.package.current}].name} en el equipo, ejecute nuevamente la instalación.</string>
	<string name="IDS_EPI_FAIL_TEXT_SETUP_TROUBLESHOOT">Ocurrió un problema al instalar el producto de ESET en su dispositivo. Le recomendamos que ejecute una resolución de problemas. De ser posible, esto lo ayudará a resolver el problema.</string>
	<string name="IDS_EPI_FAIL_TEXT_SETUP_EPI">La instalación de ${bts.package.[${bts.var.package.current}].name} no se completó correctamente. El sistema no puede protegerse contra las amenazas del equipo. Para instalar todos los paquetes en el equipo, ejecute nuevamente la instalación.</string>
	<string name="IDS_EPI_FAIL_TEXT_SETUP_ERROR_CODE">Código de error: %s</string>

	<string name="IDS_EPI_FAIL_TITLE_ABORT">El usuario interrumpió la instalación</string>
	<string name="IDS_EPI_FAIL_TEXT_ABORT">La instalación de ${bts.package.[${bts.var.package.default}].name} fue interrumpida por el usuario. Para instalar ${bts.package.[${bts.var.package.default}].name} en el equipo, ejecute nuevamente la instalación.</string>
	<string name="IDS_EPI_FAIL_TEXT_ABORT_EPI">La instalación fue interrumpida por el usuario. Para instalar todos los paquetes en su equipo, ejecute nuevamente la instalación.</string>

	<string name="IDS_EPI_FAIL_TITLE_INTERNAL_ERROR">Error interno</string>
	<string name="IDS_EPI_FAIL_TEXT_INTERNAL_ERROR">Se produjo un error interno. Inténtelo nuevamente para volver a iniciar la instalación.</string>

	<string name="IDS_EPI_TROUBLESHOOT_FINISH_TITLE">Finalizó la resolución de problemas</string>
	<string name="IDS_EPI_TROUBLESHOOT_SUCCESS_TITLE">La resolución de problemas fue exitosa</string>
	<string name="IDS_EPI_TROUBLESHOOT_FAILED_TITLE">La resolución de problemas no tuvo éxito</string>
	<string name="IDS_EPI_TROUBLESHOOT_TEXT">&lt;b&gt;Le recomendamos que cierre esta ventana y reinicie su equipo. Luego del reinicio, ejecute este instalador nuevamente.&lt;/b&gt;</string>
	<string name="IDS_EPI_TROUBLESHOOT_REBOOT_TEXT">&lt;b&gt;Es necesario reiniciar para completar la resolución de problemas. Cierre esta ventana y reinicie su equipo. Luego del reinicio, ejecute este instalador nuevamente.&lt;/b&gt;</string>
	<string name="IDS_EPI_TROUBLESHOOT_CONTACT_TEXT">Si el error persiste, póngase en contacto con su administrador del sistema o con el &lt;a {{IDS_LINK_SUPPORT}}&gt;Soporte técnico de ESET.&lt;/a&gt;</string>

	<string name="IDS_EPI_CFG_SIMPLE_CAPTION">Configuración de instalación y protección</string>
	<string name="IDS_EPI_CFG_RECOMMENDED_CAPTION">Recomendado</string>
	<string name="IDS_EPI_CFG_SIMPLE_PUA_CAPTION">Habilitar la detección de aplicaciones potencialmente no deseadas</string>
	<string name="IDS_EPI_CFG_SIMPLE_CEIP_CAPTION">Participe en el Programa de mejora de la experiencia del cliente &lt;br/&gt; &lt;a type="command" href="gui.ceip.show"&gt; ¿Qué información recopilamos?&lt;/a&gt;</string>
	<string name="IDS_EPI_CFG_SIMPLE_LGF_CAPTION">Habilitar el sistema de comentarios de ESET LiveGrid®</string>
	<string name="IDS_EPI_CFG_SIMPLE_CEIP_TEXT">Nos gustaría recopilar información anónima acerca de cómo se utiliza este producto. Los datos recopilados nos ayudarán a mejorar su experiencia y nunca se compartirán con terceros.</string>
	<string name="IDS_EPI_CFG_SIMPLE_CONTINUE">Continuar</string>
	<string name="IDS_EPI_CFG_SIMPLE_ALL_CONTINUE">Permitir todo y continuar</string>

	<string name="IDS_EPI_BANNER_CAPTION1">Preparando la instalación</string>
	<string name="IDS_EPI_BANNER_DESCRIPTION1">Espere mientras descargamos el paquete de instalación.</string>

	<string name="IDS_EPI_BANNER_CAPTION2">Instalación en curso</string>
	<string name="IDS_EPI_BANNER_DESCRIPTION2">Ya casi ha terminado. Espere mientras la instalación finaliza.</string>

	<string name="IDS_EPI_BANNER_CAPTION3">Rendimiento sin precedentes</string>
	<string name="IDS_EPI_BANNER_DESCRIPTION3">La tecnología multi-capas de ESET utiliza la inteligencia de 100 millones de sensores en todo el mundo que garantizan un máximo nivel de protección con un mínimo impacto en el sistema.</string>

	<string name="IDS_EPI_BANNER_CAPTION4">¡Gracias por elegir ESET!</string>
	<string name="IDS_EPI_BANNER_DESCRIPTION4">La tecnología de ESET NOD32® tiene el record mundial de premios consecutivos y acumulativos VB100.</string>

	<string name="IDS_EPI_BANNER_CAPTION5">Control fácil y centralizado de su seguridad IT</string>
	<string name="IDS_EPI_BANNER_DESCRIPTION5">Independientemente de si usa una consola de administración de seguridad en la nube o en las instalaciones, obtendrá un controlador de panel único que le permitirá disfrutar de un control optimizado de toda su seguridad de ESET, en cualquier momento y lugar.</string>


</resources>
