﻿<?xml version="1.0" encoding="utf-8" ?>
<resources langname="Türkçe" lcid="041f">

	<string name="IDS_EPI_INSTALL_STEP">Hoş geldiniz|Lisans sözleşmesi|AV Remover|Yükleme|Bitir</string>

	<string name="IDS_EPI_ACTION_INIT">Başlatılıyor...</string>
	<string name="IDS_EPI_ACTION_EULA">Son Kullanıcı Lisans Sözleşmeleri (EULA'lar) indiriliyor...</string>
	<string name="IDS_EPI_ACTION_DUMP">Yükleme paketi hazırlanıyor...</string>
	<string name="IDS_EPI_ACTION_CALC">Kullanılabilir alan hesaplanıyor...</string>
	<string name="IDS_EPI_ACTION_DETECTAV">Olası çakışan uygulamalar kontrol ediliyor...</string>
	<string name="IDS_EPI_ACTION_PACKAGECACHE">Çevrimdışı paket sonlandırılıyor ...</string>
	<string name="IDS_EPI_ACTION_CLEANUP_FOLDERS">Klasörler siliniyor...</string>
	<string name="IDS_EPI_ACTION_TROUBLESHOOTING">Sorun giderme işlemi yapılıyor. Bu işlem birkaç dakika sürebilir...</string>

	<string name="IDS_EPI_HOME_TITLE_EAV">${bts.package.[0].name} paketini yükle</string>
	<string name="IDS_EPI_HOME_TEXT_EAV">ESET tarafından korunan bilgisayarınızda çalışmanın, oyun oynamanın ve bağlanmanın keyfini çıkarın.</string>
	<string name="IDS_EPI_HOME_TITLE_ESS">${bts.package.[0].name} paketini yükle</string>
	<string name="IDS_EPI_HOME_TEXT_ESS">ESET tarafından korunan bilgisayarınızda çalışmanın, oyun oynamanın ve bağlanmanın keyfini çıkarın.</string>
	<string name="IDS_EPI_HOME_TITLE_EIS">${bts.package.[0].name} paketini yükle</string>
	<string name="IDS_EPI_HOME_TEXT_EIS">ESET tarafından korunan bilgisayarınızda çalışmanın, oyun oynamanın ve bağlanmanın keyfini çıkarın.</string>
	<string name="IDS_EPI_HOME_TITLE_ESSP">${bts.package.[0].name} paketini yükle</string>
	<string name="IDS_EPI_HOME_TEXT_ESSP">ESET tarafından korunan bilgisayarınızda çalışmanın, oyun oynamanın ve bağlanmanın keyfini çıkarın.</string>
	<string name="IDS_EPI_HOME_TITLE_EHS">${bts.package.[0].name} paketini yükle</string>
	<string name="IDS_EPI_HOME_TEXT_EHS">ESET tarafından korunan bilgisayarınızda çalışmanın, oyun oynamanın ve bağlanmanın keyfini çıkarın.</string>
	<string name="IDS_EPI_HOME_TITLE_EEA">${bts.package.[0].name} paketini yükle</string>
	<string name="IDS_EPI_HOME_SUBTITLE_EEA">İşletmeniz için gelişmiş temel koruma</string>
	<string name="IDS_EPI_HOME_TEXT_EEA">${bts.package.[0].name}, ödüllü ESET NOD32® algılama teknolojisine sahiptir ve işletmenizi hafif, gelişmiş temel korumayla güvence altına alır. Bulut tabanlı saygınlık sistemimizle genişletilmiştir. Tamamen yeniden tasarlanan kullanıcı dostu ESET PROTECT web konsolumuzla her şeyi zahmetsizce kontrol edin.</string>
	<string name="IDS_EPI_HOME_TITLE_EES">${bts.package.[0].name} paketini yükle</string>
	<string name="IDS_EPI_HOME_SUBTITLE_EES">Tam özellikli, gelişmiş güvenlik setiniz</string>
	<string name="IDS_EPI_HOME_TEXT_EES">${bts.package.[0].name} tam özellikli, gelişmiş güvenlik setinizdir. Her türden kötü amaçlı yazılıma karşı tam kapsamlı, çok katmanlı koruma sağlar. Düşük sistem gereksinimlerinin ve sanallaştırma desteğinin keyfini çıkarın. Tamamen yenilenen ESET PROTECT web konsolu üzerinden her şeyi kontrol edin.</string>

	<string name="IDS_EPI_HOME_TITLE_MULTI">Bileşenleri Yükle</string>
	<string name="IDS_EPI_INFO_TITLE_ERAA">Bu bilgisayar ESET PROTECT tarafından yönetilecek</string>
	<string name="IDS_EPI_BUNDLE_TITLE">Aşağıdaki bileşenler bu yükleyici kapsamındadır</string>

	<string name="IDS_EPI_HOME_AVREMOVER_CHECK">Uyumsuz güvenlik ürünlerini kaldırmak istiyorum</string>
	<string name="IDS_EPI_HOME_NEW_VERSION_TEXT">Bu ürünün yeni sürümü çevrimiçi olarak bulunuyor; sürüm halihazırdaki sürümün yerine otomatik olarak indirilebilir ve yüklenebilir.</string>
	<string name="IDS_EPI_HOME_NEW_VERSION_CHECKBOX">Yeni sürümü yükle</string>

<string name="IDS_EPI_HOME_NEED_HELP">Yüklemeyle ilgili yardıma mı ihtiyacınız var?</string>
	<string name="IDS_EPI_HOME_OPEN_INSTRUCTIONS">Yükleme talimatlarını aç</string>
	<string name="IDS_EPI_HOME_OPEN_GUIDE">Kullanım kılavuzunu aç</string>

	<string name="IDS_EPI_LOCK_PASSWORD_TITLE">ESET Security ayarları parola korumalıdır</string>
	<string name="IDS_EPI_LOCK_PASSWORD_SUBTITLE">Devam etmek için lütfen geçerli bir parola girin.</string>
	<string name="IDS_EPI_LOCK_PASSWORD_TEXT">Parola</string>
	<string name="IDS_EPI_LOCK_PASSWORD_ERROR">Yanlış parola. Ürün Gelişmiş ayarları'nda&lt;br/&gt;ürünü geri yükleyebilirsiniz.</string>

	<string name="IDS_EPI_EULA_SINGLE_TITLE">Son Kullanıcı Lisans Sözleşmesi</string>
	<string name="IDS_EPI_EULA_SAVEAS_FILTER">Metin (*.txt)|*.txt|HTML (*.html,*.htm)|*.html;*.htm||</string>
	<string name="IDS_EPI_EULA_BUTTON_ACCEPT">Kabul Ediyorum</string>
	<string name="IDS_EPI_EULA_BUTTON_DECLINE">Kabul Etmiyorum</string>
	<string name="IDS_EPI_EULA_DECLINE">Son kullanıcı lisans sözleşmesinin reddedilmesi yükleyiciyi kapatır. Bunu yapmak istediğinizden emin misin?</string>

	<string name="IDS_EPI_DETECTAV_TITLE">Taranıyor</string>
	<string name="IDS_EPI_DETECTAV_TEXT01">Diğer güvenlik ürünleri bulundu</string>
	<string name="IDS_EPI_DETECTAV_TEXT02">İki güvenlik çözümünü aynı anda çalıştırmak, istikrarsızlığa neden olabilir. Sisteminiz içinde mevcut olan çakışan güvenlik yazılımını kaldırarak bu sorunu çözün.</string>
	<string name="IDS_EPI_DETECTAV_UNINSTALL">Diğer antivirus yazılımlarının kaldırılması</string>

	<string name="IDS_EPI_PACKAGECACHE_TITLE">Bileşenleri önceden karşıdan yükle</string>
	<string name="IDS_EPI_PACKAGECACHE_TEXT">İnternet bağlantınız sınırlıyken dağıtım işlemini hızlandırmak için bu Paket Yükleyicide (Canlı Yükleyici) bulunan bileşenleri önceden karşıdan yükleyin.</string>
	<string name="IDS_EPI_PACKAGECACHE_HOW01">&lt;b&gt;Karşıdan yükleme düğmesine tıklatın&lt;/b&gt;, ardından %1 oluşturulup karşıdan yüklenecek ve bilgisayarınıza kaydedilecektir.</string>
	<string name="IDS_EPI_PACKAGECACHE_HOW02">&lt;b&gt;%1 ve %2 öğesini aynı klasöre kopyalayın.&lt;/b&gt; Paylaşılan bir ağ alanı veya bir USB cihazı kullanabilirsiniz.</string>
	<string name="IDS_EPI_PACKAGECACHE_HOW03">&lt;b&gt;%2 öğesini istediğiniz bilgisayarda paylaşılan klasörden veya USB cihazından yürütün.&lt;/b&gt; %2, yeniden karşıdan yüklemeye gerek kalmadan önceden karşıdan yüklenen bileşenleri kullanacaktır.</string>

	<string name="IDS_EPI_DOWNLOAD_PACKAGE_SINGLE">İndiriliyor...</string>
	<string name="IDS_EPI_DOWNLOAD_PACKAGE_MULTI">İndiriliyor %1 ...</string>

	<string name="IDS_EPI_CFG_LGF_CAPTION_CONSUMER">Sayıların gücünden faydalanın. Maksimum koruma düzeyi edinin.</string>
	<string name="IDS_EPI_CFG_LGF_TEXT_CONSUMER">ESET LiveGrid® geri bildirim sistemi şüpheli nesneler hakkında bilgiler toplamamıza olanak sağlar; bu bilgileri bulut sistemimizde algılama mekanizmaları oluşturmak için otomatik olarak işleriz. Daha sonra müşterilerimizin maksimum düzeyde korunmasını sağlamak için bunları hemen uygulamaya geçiririz.</string>
	<string name="IDS_EPI_CFG_LGF_CAPTION_BUSINESS">Size her zamankinden daha iyi bir güvenlik sistemi sağlamamıza yardımcı olun.</string>
	<string name="IDS_EPI_CFG_LGF_TEXT_BUSINESS">ESET LiveGrid® geri bildirim sistemi şüpheli nesneler hakkında istatistik ve bilgi toplamamıza olanak sağlayan, dünya genelinde 100 milyondan fazla sensör kullanmaktadır. Bu nesneleri bulut tabanlı bilinirlik sistemimizi kullanarak algılama mekanizmaları oluşturmak için otomatik olarak işleriz. Ardından, maksimum düzeyde koruma sağlamak için bunları hemen uygulamaya geçiririz.</string>
	<string name="IDS_EPI_CFG_LGF_ENABLE">ESET LiveGrid® geri bildirim sistemini etkinleştir (önerilir)</string>
	<string name="IDS_EPI_CFG_LGF_DISABLE">ESET LiveGrid® geri bildirim sistemini devre dışı bırak</string>

	<string name="IDS_EPI_CFG_PUA_CAPTION">İstenmeyen Türden Olabilecek Uygulamaların Algılanması</string>
	<string name="IDS_EPI_CFG_PUA_TEXT">ESET &lt;a {{IDS_HELP_PUA_LINK}}&gt;istenmeyen türden olabilecek uygulamaları&lt;/a&gt; algılayabilir ve bunlar yüklenmeden önce onay ister. İstenmeyen türden olabilecek uygulamalar güvenlik riski taşımayabilir ancak bilgisayarın performansını, hızını ve güvenilirliğini etkileyebilir veya bilgisayarın davranışında değişikliklere neden olabilir. Bunlar genellikle yükleme işleminden önce kullanıcının onayını gerektirir.</string>
	<string name="IDS_EPI_CFG_PUA_ENABLE">İstenmeyen türden olabilecek uygulamaların algılanmasını etkinleştir</string>
	<string name="IDS_EPI_CFG_PUA_DISABLE">İstenmeyen türden olabilecek uygulamaların algılanmasını devre dışı bırak</string>

	<string name="IDS_EPI_CFG_CEIP_CAPTION">Müşteri Deneyimini İyileştirme Programı'na katılın</string>
	<string name="IDS_EPI_CFG_CEIP_TEXT">Bu ürünün nasıl kullanıldığı ile ilgili anonim bilgiler toplamak istiyoruz. Toplanan veriler, deneyiminizi iyileştirmemizde bize yardımcı olacak ve üçüncü taraflarla kesinlikle paylaşılmayacaktır.&lt;a type="command" href="gui.ceip.show"&gt; Hangi bilgileri toplarız?&lt;/a&gt;</string>
	<string name="IDS_EPI_CFG_CEIP_YES">Evet, programa katılmak istiyorum (önerilir)</string>
	<string name="IDS_EPI_CFG_CEIP_NO">Hayır, programa katılmak istemiyorum</string>

	<string name="IDS_EPI_CFG_EULA_CAPTION">Son Kullanıcı Lisans Sözleşmesi</string>
	<string name="IDS_EPI_CFG_EULA_DESCRIPTION">Aşağıdaki "Devam" düğmelerden herhangi birini tıklayarak &lt;a {{IDS_LINK_SHOW_EULA}}&gt;Son Kullanıcı Lisans Sözleşmesi&lt;/a&gt;'ni kabul eder ve &lt;a {{IDS_LINK_SHOW_PRIVACY_POLICY}}&gt;Gizlilik Politikası&lt;/a&gt;'nı onaylarsınız.</string>
	<string name="IDS_EPI_CFG_EULA_MSGBOX_OK">Tamam</string>
	<string name="IDS_EPI_CFG_EULA_MSGBOX_NOT_AGREE">Kabul etmiyorum</string>
	<string name="IDS_EPI_CFG_EULA_MSGBOX_SAVE">Kaydet</string>

	<string name="IDS_EPI_CFG_BUTTON_ADVANCED">Yükleme klasörünü değiştir</string>
	<string name="IDS_EPI_CFG_FOLDERS_INSTALL">Ürün klasörü:</string>
	<string name="IDS_EPI_CFG_FOLDERS_DATA">Veri klasörü:</string>
	<string name="IDS_EPI_CFG_FOLDERS_MODULE">Modül klasörü:</string>
	<string name="IDS_EPI_CFG_FOLDERS_VALIDATOR_INVALID">Geçersiz klasör seçildi.</string>

	<string name="IDS_EPI_CFG_ALREADY_CONFIGURED">Yükleme ayarları zaten yapılandırıldı.</string>

	<string name="IDS_EPI_NONEMPTY_FOLDER_WARNING_TITLE">Yükleme klasörü boş olmalıdır</string>
	<string name="IDS_EPI_NONEMPTY_FOLDER_WARNING_MESSAGE_SINGULAR">Yüklemeye devam etmek için mevcut klasör silinecek:</string>
	<string name="IDS_EPI_NONEMPTY_FOLDER_WARNING_MESSAGE_PLURAL">Yüklemeye devam etmek için mevcut klasörler silinecek:</string>
	<string name="IDS_EPI_NONEMPTY_FOLDER_QUESTION">&lt;b&gt;Klasörleri silmeyi ve yüklemeye devam etmeyi kabul ediyor musunuz?&lt;/b&gt;</string>

	<string name="IDS_EPI_DISKSPACE_TITLE">Disk Alanı Yetersiz</string>
	<string name="IDS_EPI_DISKSPACE_TEXT01">Disk alanını aştınız. Vurgulanan birimlerde yükleme için yeterli alan yok. Kullanılabilir disk alanını kontrol edip tekrar deneyin.</string>
	<string name="IDS_EPI_DISKSPACE_HEADER01">Sürücü</string>
	<string name="IDS_EPI_DISKSPACE_HEADER02">Kapasite</string>
	<string name="IDS_EPI_DISKSPACE_HEADER03">Boş alan</string>
	<string name="IDS_EPI_DISKSPACE_HEADER04">Gerekli alan</string>

	<string name="IDS_EPI_INSTALL_PACKAGE_SINGLE">Yükleniyor...</string>
	<string name="IDS_EPI_INSTALL_PACKAGE_MULTI">Yükleniyor %1 ...</string>

	<string name="IDS_EPI_DONE_TITLE">Yükleme başarılı</string>
	<string name="IDS_EPI_DONE_TEXT01">${bts.package.[${bts.var.package.default}].name} bilgisayarınıza başarıyla yüklendi. Bilgisayarınız virüs ve zararlı yazılımlara karşı sürekli olarak kontrol edilecek. &lt;br/&gt; &lt;br/&gt; ESET'i seçtiğiniz için teşekkür ederiz! &lt;br/&gt; &lt;br/&gt; &lt;br/&gt; Ürün kurulumunu tamamlamak için &lt;i&gt;Bitti&lt;/i&gt; seçeneğini tıklayın.</string>
	<string name="IDS_EPI_DONE_TEXT01_EPI">Tüm paketler bilgisayarınıza başarıyla yüklendi. &lt;br/&gt; &lt;br/&gt; Ürün kurulumunu tamamlamak için &lt;i&gt;Bitti&lt;/i&gt;'yi tıklayın.</string>
		<string name="IDS_EPI_DONE_PACKAGECACHE_CAPTION">%1 ve %2 yürütüldüklerinde aynı klasörde olmalıdır.</string>
	<string name="IDS_EPI_DONE_PACKAGECACHE_DESCRIPTION">%1 karşıdan yüklendi ve şu klasöre kaydedildi: &lt;br/&gt;</string>

	<string name="IDS_EPI_FAIL_FAILED_TITLE">Yüklenemedi</string>
	<string name="IDS_EPI_FAIL_FINISH_TITLE">Yükleme işlemi sonlandı</string>
	<string name="IDS_EPI_FAIL_KNOWLEDGEBASE">ESET Bilgi Bankası'nda çözüm arayın.</string>
	<string name="IDS_EPI_FAIL_TROUBLESHOOT">Sorun gidericiyi çalıştırın</string>
	<string name="IDS_EPI_FAIL_TS_LINK">ESET Teknik Desteği İle İletişime Geçin</string>
	<string name="IDS_EPI_FAIL_RESTART">Bilgisayarı yeniden başlat</string>

	<string name="IDS_EPI_FAIL_TITLE_OS">Microsoft Windows'un eski sürümü</string>
	<string name="IDS_EPI_FAIL_TEXT_OS_OUTDATED">ESET Security, Microsoft Windows'un eski sürümünü desteklemez. Yüklemeden çıkmak için Kapat'ı tıklayın.</string>
	<string name="IDS_EPI_FAIL_TEXT_OS_NOT_SUPPORTED">Bu ürün kullanmakta olduğunuz eski Microsoft Windows sürümünde desteklenmiyor. &lt;a {{IDS_LINK_PRODUCT_OPTIONS}}&gt;Seçeneklerinize bakın&lt;/a&gt;</string>
	<string name="IDS_EPI_FAIL_TEXT_OS_NOT_SUPPORTED_BUSINESS">Bu ürün artık Microsoft Windows'un eski sürümünde desteklenmiyor.</string>

	<string name="IDS_EPI_FAIL_TITLE_EULA_REJECTED">Son Kullanıcı Lisans Sözleşmesi</string>
	<string name="IDS_EPI_FAIL_TEXT_EULA_REJECTED">Son kullanıcı lisans sözleşmesi kabul edilmedi.</string>

	<string name="IDS_EPI_FAIL_TITLE_CONNECTION">Bağlantı hatası</string>
	<string name="IDS_EPI_FAIL_TEXT_CONNECTION">İnternet bağlantınız çalışmıyor. Ürün yüklenemiyor. &lt;a {{IDS_LINK_INTERNET_SETTINGS}}&gt;İnternet bağlantınızı kontrol edin&lt;/a&gt; ve kurulumu yeniden deneyin.&lt;br/&gt;&lt;br/&gt;Proxy sunucu kullanıyor musunuz? Proxy sunucu ayarlarınızı değiştirip yeniden deneyin.</string>
	<string name="IDS_EPI_FAIL_TEXT_CONNECTION_EPI">İnternet bağlantınız çalışmıyor. Paketler yüklenemedi. &lt;a {{IDS_LINK_INTERNET_SETTINGS}}&gt;İnternet bağlantınızı kontrol edin&lt;/a&gt; ve kurulumu yeniden deneyin.&lt;br/&gt;&lt;br/&gt;Proxy sunucu kullanıyor musunuz? Proxy sunucu ayarlarınızı değiştirip yeniden deneyin.</string>

	<string name="IDS_EPI_FAIL_TITLE_DOWNLOAD_ERROR">İndirme hatası</string>
	<string name="IDS_EPI_FAIL_TEXT_DOWNLOAD_ERROR">Veriler sunucudan indirilirken bir hata oluştu. Lütfen ağ bağlantınızı kontrol edip tekrar deneyin.&lt;br/&gt;&lt;br/&gt;Sorun yaşamaya devam ederseniz çevrimdışı yükleyiciyi indirmek için lütfen &lt;a {{IDS_LINK_OFFLINE_INSTALLER}}&gt;www.eset.com&lt;/a&gt; sayfasını ziyaret edin.</string>
	<string name="IDS_EPI_FAIL_TEXT_DOWNLOAD_ERROR_EPI">Veriler sunucudan indirilirken bir hata oluştu. Lütfen ağ bağlantınızı kontrol edip tekrar deneyin.</string>

	<string name="IDS_EPI_FAIL_TITLE_INVALID_SERVER_RESPONSE">Geçersiz yanıt</string>
	<string name="IDS_EPI_FAIL_TEXT_INVALID_SERVER_RESPONSE">Sunucudan geçersiz yanıt alındı.</string>

	<string name="IDS_EPI_FAIL_TITLE_INVALID_INSTALLER">Geçersiz yükleyici</string>
	<string name="IDS_EPI_FAIL_TEXT_INVALID_INSTALLER">Bu yükleyici artık geçerli değil ve değiştirilmesi gerekli. Bu ürünü yüklemek için yeni bir yükleyici indirin.</string>
	<string name="IDS_EPI_FAIL_TEXT_INVALID_INSTALLER_EPI">Bu yükleyici artık geçerli değil ve değiştirilmesi gerekli. Bu ürünü yüklemek için yeni bir yükleyici oluşturun veya yöneticinizle iletişime geçin.</string>

	<string name="IDS_EPI_FAIL_TITLE_VERSIONCHECK_NO_PACKAGES">Uyumlu paket bulunamadı</string>
	<string name="IDS_EPI_FAIL_TEXT_VERSIONCHECK_NO_PACKAGES">Sunucuda uyumlu yükleme paketi bulunamıyor. Çevrimdışı yükleyiciyi indirmek için &lt;a {{IDS_LINK_OFFLINE_INSTALLER}}&gt;www.eset.com&lt;/a&gt; sayfasını ziyaret edin.</string>
	<string name="IDS_EPI_FAIL_TEXT_VERSIONCHECK_NO_PACKAGES_EPI">Bu yükleyici artık geçerli değil ve değiştirilmesi gerekli. Bu ürünü yüklemek için yeni bir yükleyici oluşturun veya yöneticinizle iletişime geçin.</string>

	<string name="IDS_EPI_FAIL_TITLE_INCOMPATIBLE_OS">Uyumsuz işletim sistemi</string>
	<string name="IDS_EPI_FAIL_TEXT_INCOMPATIBLE_OS">${bts.package.[${bts.var.package.current}].name} ürünü işletim sistemleriniz için tasarlanmamıştır. Lütfen &lt;a {{IDS_LINK_OFFLINE_INSTALLER}}&gt;www.eset.com&lt;/a&gt; sayfasından bir ürün indirip yükleyin.</string>
	<string name="IDS_EPI_FAIL_TEXT_INCOMPATIBLE_OS_EPI">${bts.package.[${bts.var.package.current}].name} ürünü işletim sistemleriniz için tasarlanmamıştır.</string>

	<string name="IDS_EPI_FAIL_TITLE_INCOMPATIBLE_PACKAGE_X32">Uyumsuz paket</string>
	<string name="IDS_EPI_FAIL_TEXT_INCOMPATIBLE_PACKAGE_X32">Bu yükleme paketi, 32 bit işletim sistemlerine yöneliktir. Lütfen 64 bit işletim sistemlerine uygun bir yükleme paketi kullanın.</string>

	<string name="IDS_EPI_FAIL_TITLE_INCOMPATIBLE_PACKAGE_X64">Uyumsuz paket</string>
	<string name="IDS_EPI_FAIL_TEXT_INCOMPATIBLE_PACKAGE_X64">Bu yükleme paketi, 64 bit işletim sistemlerine yöneliktir. Lütfen 32 bit işletim sistemlerine uygun bir yükleme paketi kullanın.</string>

	<string name="IDS_EPI_FAIL_TITLE_INCOMPATIBLE_PRODUCT_INSTALLED">Uyumsuz ürün yüklendi</string>
	<string name="IDS_EPI_FAIL_TEXT_INCOMPATIBLE_PRODUCT_INSTALLED">Uyumsuz {PRODUCT} ürünü zaten yüklendi. Lütfen bu ürünü manuel olarak kaldırıp yüklemeyi yeniden başlatın.</string>

	<string name="IDS_EPI_FAIL_TITLE_NEWER_VERSION_NOT_AVAILABLE">En son sürüm zaten yüklendi</string>
	<string name="IDS_EPI_FAIL_TEXT_NEWER_VERSION_NOT_AVAILABLE">${bts.package.[${bts.var.package.default}].name} ürününün son sürümü bu bilgisayarda zaten yüklü.</string>

	<string name="IDS_EPI_FAIL_TITLE_REFERRAL">Ürün yüklenemiyor</string>
	<string name="IDS_EPI_FAIL_TEXT_REFERRAL">Bu cihazda başka bir ESET ürünü zaten yüklü olduğundan ürün yüklenemiyor.</string>
	<string name="IDS_EPI_FAIL_TEXT_REFERRAL_UPGRADE">Mevcut ESET sürümünüz eski ve size en iyi korumayı artık garanti edemiyor.&lt;br/&gt;&lt;b&gt;En yeni sürüme ÜCRETSİZ yükseltme yaparak güvenlik korumanızı iyileştirin.&lt;/b&gt;</string>

	<string name="IDS_EPI_FAIL_TITLE_PACKAGE_NOT_FOUND">Paket bulunamadı</string>
	<string name="IDS_EPI_FAIL_TEXT_PACKAGE_NOT_FOUND">{PRODUCT} yükleme paketi bulunamadı.</string>

	<string name="IDS_EPI_FAIL_TITLE_PACKAGE_CORRUPTED">Paket bozuk</string>
	<string name="IDS_EPI_FAIL_TEXT_PACKAGE_CORRUPTED">{PRODUCT} yükleme paketi bozuk.</string>

	<string name="IDS_EPI_FAIL_TITLE_INSTALL_OUT_OF_SPACE">Disk alanı yetersiz</string>
	<string name="IDS_EPI_FAIL_TEXT_INSTALL_OUT_OF_SPACE">${bts.package.[${bts.var.package.default}].name} yüklemesini tamamlamak için yeterli disk alanı yok.&lt;br/&gt;&lt;br/&gt;Lütfen en az %u MB boş alan olduğundan emin olun ve tekrar deneyin.</string>
	<string name="IDS_EPI_FAIL_TEXT_INSTALL_OUT_OF_SPACE_EPI">Tüm paketlerin yüklemesini tamamlamak için yeterli disk alanı yok.&lt;br/&gt;&lt;br/&gt;Lütfen en az %u MB boş alan olduğundan emin olun ve tekrar deneyin.</string>

	<string name="IDS_EPI_FAIL_TITLE_SETUP">Yükleme tamamlanamadı</string>
	<string name="IDS_EPI_FAIL_TEXT_SETUP">${bts.package.[${bts.var.package.current}].name} yüklemesi tamamlanamadı. Sistem bilgisayar tehditlerine karşı korunmuyor olabilir. Bilgisayarınıza ${bts.package.[${bts.var.package.current}].name} yüklemek için lütfen yüklemeyi yeniden çalıştırın.</string>
	<string name="IDS_EPI_FAIL_TEXT_SETUP_TROUBLESHOOT">ESET ürününüz cihazınıza yüklenirken bir sorun oluştu. Bir sorun giderici çalıştırmanızı öneririz. Sorun giderici, mümkünse sorunu çözecektir.</string>
	<string name="IDS_EPI_FAIL_TEXT_SETUP_EPI">${bts.package.[${bts.var.package.current}].name} yüklemesi tamamlanamadı. Sistem bilgisayar tehditlerine karşı korunmuyor olabilir. Tüm paketleri bilgisayarınıza yüklemek için lütfen yüklemeyi yeniden çalıştırın.</string>
	<string name="IDS_EPI_FAIL_TEXT_SETUP_ERROR_CODE">Hata Kodu: %s</string>

	<string name="IDS_EPI_FAIL_TITLE_ABORT">Yükleme kullanıcı tarafından yarıda kesildi</string>
	<string name="IDS_EPI_FAIL_TEXT_ABORT">${bts.package.[${bts.var.package.default}].name} yüklemesi kullanıcı tarafından yarıda kesildi. Bilgisayarınıza ${bts.package.[${bts.var.package.default}].name} yüklemek için lütfen yüklemeyi yeniden çalıştırın.</string>
	<string name="IDS_EPI_FAIL_TEXT_ABORT_EPI">Yükleme kullanıcı tarafından kesildi. Tüm paketleri bilgisayarınıza yüklemek için lütfen yüklemeyi yeniden çalıştırın.</string>

	<string name="IDS_EPI_FAIL_TITLE_INTERNAL_ERROR">Dahili hata</string>
	<string name="IDS_EPI_FAIL_TEXT_INTERNAL_ERROR">Dahili bir hata oluştu. Lütfen yüklemeyi tekrar başlatmayı deneyin.</string>

	<string name="IDS_EPI_TROUBLESHOOT_FINISH_TITLE">Sorun giderici tamamlandı</string>
	<string name="IDS_EPI_TROUBLESHOOT_SUCCESS_TITLE">Sorun giderme başarılı oldu</string>
	<string name="IDS_EPI_TROUBLESHOOT_FAILED_TITLE">Sorun giderme başarısız oldu</string>
	<string name="IDS_EPI_TROUBLESHOOT_TEXT">&lt;b&gt;Bu pencereyi kapatıp bilgisayarınızı yeniden başlatmanızı öneririz. Yeniden başlatmanın ardından bu yükleyiciyi tekrar çalıştırın.&lt;/b&gt;</string>
	<string name="IDS_EPI_TROUBLESHOOT_REBOOT_TEXT">&lt;b&gt;Sorun giderme işlemini tamamlamak için yeniden başlatma gereklidir. Bu pencereyi kapatıp bilgisayarınızı yeniden başlatın. Yeniden başlatmanın ardından bu yükleyiciyi tekrar çalıştırın.&lt;/b&gt;</string>
	<string name="IDS_EPI_TROUBLESHOOT_CONTACT_TEXT">Devam eden bir hata olması durumunda sistem yöneticinizle veya &lt;a {{IDS_LINK_SUPPORT}}&gt;ESET Teknik Destek ile iletişime geçin.&lt;/a&gt;</string>

	<string name="IDS_EPI_CFG_SIMPLE_CAPTION">Koruma ve yükleme ayarları</string>
	<string name="IDS_EPI_CFG_RECOMMENDED_CAPTION">Önerilir</string>
	<string name="IDS_EPI_CFG_SIMPLE_PUA_CAPTION">İstenmeyen türden olabilecek uygulamaların algılanmasını etkinleştir</string>
	<string name="IDS_EPI_CFG_SIMPLE_CEIP_CAPTION">Müşteri Deneyimini İyileştirme Programı'na katılın &lt;br/&gt; &lt;a type="command" href="gui.ceip.show"&gt; Hangi bilgileri toplarız?&lt;/a&gt;</string>
	<string name="IDS_EPI_CFG_SIMPLE_LGF_CAPTION">ESET LiveGrid® geri bildirim sistemini etkinleştir</string>
	<string name="IDS_EPI_CFG_SIMPLE_CEIP_TEXT">Bu ürünün nasıl kullanıldığı ile ilgili anonim bilgiler toplamak istiyoruz. Toplanan veriler, deneyiminizi iyileştirmemizde bize yardımcı olacak ve üçüncü taraflarla kesinlikle paylaşılmayacaktır.</string>
	<string name="IDS_EPI_CFG_SIMPLE_CONTINUE">Devam</string>
	<string name="IDS_EPI_CFG_SIMPLE_ALL_CONTINUE">Tümüne izin ver ve devam et</string>

	<string name="IDS_EPI_BANNER_CAPTION1">Yükleme hazırlanıyor</string>
	<string name="IDS_EPI_BANNER_DESCRIPTION1">Yükleme paketini indirirken lütfen bekleyin.</string>

	<string name="IDS_EPI_BANNER_CAPTION2">Yükleme devam ediyor</string>
	<string name="IDS_EPI_BANNER_DESCRIPTION2">Neredeyse bitti! Yükleme işlemi tamamlanırken lütfen bekleyin.</string>

	<string name="IDS_EPI_BANNER_CAPTION3">Benzersiz performans</string>
	<string name="IDS_EPI_BANNER_DESCRIPTION3">ESET'in çok katmanlı teknolojisi, dünya genelinde 100 milyon alıcıdan gelen veriyi işleyerek, sisteminizi minimum seviyede kullanır, maksimum koruma sağlar.</string>

	<string name="IDS_EPI_BANNER_CAPTION4">ESET\'i seçtiğiniz için teşekkür ederiz!</string>
	<string name="IDS_EPI_BANNER_DESCRIPTION4">ESET NOD32® teknolojisi, art arda ve toplamda en fazla VB100 ödülü rekorunu elinde tutuyor.</string>

	<string name="IDS_EPI_BANNER_CAPTION5">BT güvenliğiniz için kolay, merkezi yönetim</string>
	<string name="IDS_EPI_BANNER_DESCRIPTION5">İster bulut tabanlı ister şirket içi güvenlik yönetim konsolu kullanın, alacağınız tek bölmeli kontrolör ile dilediğiniz yerden, dilediğiniz anda tüm ESET güvenlik sisteminiz için iyileştirilmiş yönetme becerisine sahip olursunuz.</string>


</resources>
