﻿<?xml version="1.0" encoding="utf-8" ?>
<resources langname="Українська (Ukrainian)" lcid="0422">

	<string name="IDS_EPI_INSTALL_STEP">Вітаємо|Ліцензійна угода|AV Remover|Інсталяція|Завершення</string>

	<string name="IDS_EPI_ACTION_INIT">Ініціалізація…</string>
	<string name="IDS_EPI_ACTION_EULA">Завантаження ліцензійних угод із кінцевим користувачем (EULA)…</string>
	<string name="IDS_EPI_ACTION_DUMP">Триває підготовка пакета інсталяції…</string>
	<string name="IDS_EPI_ACTION_CALC">Обчислюється обсяг вільного місця…</string>
	<string name="IDS_EPI_ACTION_DETECTAV">Триває пошук конфліктних програм…</string>
	<string name="IDS_EPI_ACTION_PACKAGECACHE">Фіналізація автономного пакета…</string>
	<string name="IDS_EPI_ACTION_CLEANUP_FOLDERS">Видалення папок…</string>
	<string name="IDS_EPI_ACTION_TROUBLESHOOTING">Виправлення неполадок. Це може тривати деякий час…</string>

	<string name="IDS_EPI_HOME_TITLE_EAV">Інсталювати програму ${bts.package.[0].name}</string>
	<string name="IDS_EPI_HOME_TEXT_EAV">Користуйтесь Інтернетом, грайте та спілкуйтеся, а про безпеку потурбується ESET.</string>
	<string name="IDS_EPI_HOME_TITLE_ESS">Інсталювати програму ${bts.package.[0].name}</string>
	<string name="IDS_EPI_HOME_TEXT_ESS">Користуйтесь Інтернетом, грайте та спілкуйтеся, а про безпеку потурбується ESET.</string>
	<string name="IDS_EPI_HOME_TITLE_EIS">Інсталювати програму ${bts.package.[0].name}</string>
	<string name="IDS_EPI_HOME_TEXT_EIS">Користуйтесь Інтернетом, грайте та спілкуйтеся, а про безпеку потурбується ESET.</string>
	<string name="IDS_EPI_HOME_TITLE_ESSP">Інсталювати програму ${bts.package.[0].name}</string>
	<string name="IDS_EPI_HOME_TEXT_ESSP">Користуйтесь Інтернетом, грайте та спілкуйтеся, а про безпеку потурбується ESET.</string>
	<string name="IDS_EPI_HOME_TITLE_EHS">Інсталювати програму ${bts.package.[0].name}</string>
	<string name="IDS_EPI_HOME_TEXT_EHS">Користуйтесь Інтернетом, грайте та спілкуйтеся, а про безпеку потурбується ESET.</string>
	<string name="IDS_EPI_HOME_TITLE_EEA">Інсталювати програму ${bts.package.[0].name}</string>
	<string name="IDS_EPI_HOME_SUBTITLE_EEA">Удосконалений базовий захист для вашої компанії</string>
	<string name="IDS_EPI_HOME_TEXT_EEA">Завдяки ${bts.package.[0].name} з довершеною, відзначеною нагородою системою виявлення ESET NOD32® ваша компанія отримує спрощений удосконалений базовий захист, доповнений нашою престижною хмарною системою. А за допомогою повністю оновленої та зручної веб-консолі ESET PROTECT керувати функціями безпеки надзвичайно просто.</string>
	<string name="IDS_EPI_HOME_TITLE_EES">Інсталювати програму ${bts.package.[0].name}</string>
	<string name="IDS_EPI_HOME_SUBTITLE_EES">Ваше повнофункціональне удосконалене рішення з безпеки</string>
	<string name="IDS_EPI_HOME_TEXT_EES">${bts.package.[0].name} – це повнофункціональне удосконалене рішення з безпеки, що надає комплексний багаторівневий захист від усіх типів шкідливих програм. Оцініть низькі вимоги до ресурсів системи, підтримку віртуалізації та можливість контролю за допомогою оновленої веб-консолі ESET PROTECT.</string>

	<string name="IDS_EPI_HOME_TITLE_MULTI">Інсталяція компонентів</string>
	<string name="IDS_EPI_INFO_TITLE_ERAA">Цим комп’ютером керуватиме ESET PROTECT</string>
	<string name="IDS_EPI_BUNDLE_TITLE">У цей інсталятор включено вказані нижче компоненти</string>

	<string name="IDS_EPI_HOME_AVREMOVER_CHECK">Я хочу видалити несумісні продукти безпеки</string>
	<string name="IDS_EPI_HOME_NEW_VERSION_TEXT">Новіша версія продукту доступна онлайн. Її можна автоматично завантажити й інсталювати замість включеної версії.</string>
	<string name="IDS_EPI_HOME_NEW_VERSION_CHECKBOX">Інсталювати нову версію</string>

<string name="IDS_EPI_HOME_NEED_HELP">Потрібна допомога з інсталяції?</string>
	<string name="IDS_EPI_HOME_OPEN_INSTRUCTIONS">Відкрити інструкції з інсталяції</string>
	<string name="IDS_EPI_HOME_OPEN_GUIDE">Відкрити посібник користувача</string>

	<string name="IDS_EPI_LOCK_PASSWORD_TITLE">Налаштування ESET Security захищені паролем</string>
	<string name="IDS_EPI_LOCK_PASSWORD_SUBTITLE">Введіть правильний пароль, щоб продовжити.</string>
	<string name="IDS_EPI_LOCK_PASSWORD_TEXT">Пароль</string>
	<string name="IDS_EPI_LOCK_PASSWORD_ERROR">Неправильний пароль. Пароль можна відновити&lt;br/&gt;в розділі додаткових параметрів продукту.</string>

	<string name="IDS_EPI_EULA_SINGLE_TITLE">Ліцензійна угода з кінцевим користувачем</string>
	<string name="IDS_EPI_EULA_SAVEAS_FILTER">Текстові файли (*.txt)|*.txt|HTML-файли (*.html, *.htm)|*.html;*.htm||</string>
	<string name="IDS_EPI_EULA_BUTTON_ACCEPT">Прийняти</string>
	<string name="IDS_EPI_EULA_BUTTON_DECLINE">Закрити</string>
	<string name="IDS_EPI_EULA_DECLINE">Якщо відхилити ліцензійну угоду з кінцевим користувачем, інсталятор буде закрито. Дійсно виконати цю дію?</string>

	<string name="IDS_EPI_DETECTAV_TITLE">Пошук</string>
	<string name="IDS_EPI_DETECTAV_TEXT01">Виявлено інші програмні засоби захисту</string>
	<string name="IDS_EPI_DETECTAV_TEXT02">Одночасне використання двох рішень безпеки може призвести до нестабільної роботи. Усуньте цю проблему, видаливши у вашій системі конфліктне програмне забезпечення безпеки.</string>
	<string name="IDS_EPI_DETECTAV_UNINSTALL">Як видалити інше антивірусне ПЗ</string>

	<string name="IDS_EPI_PACKAGECACHE_TITLE">Попередньо завантажувані компоненти</string>
	<string name="IDS_EPI_PACKAGECACHE_TEXT">Попередньо завантажувані компоненти входять до складу інсталятора пакета (Live Installer), дозволяючи прискорити процес розгортання в разі обмеженої швидкості підключення до Інтернету.</string>
	<string name="IDS_EPI_PACKAGECACHE_HOW01">&lt;b&gt;Натисніть на кнопку завантаження.&lt;/b&gt; %1 буде створено, завантажено і збережено на ваш комп’ютер.</string>
	<string name="IDS_EPI_PACKAGECACHE_HOW02">&lt;b&gt;Скопіюйте %1 і %2 в одну папку.&lt;/b&gt; Для цього можна скористатися спільною папкою в мережі або USB-носієм.</string>
	<string name="IDS_EPI_PACKAGECACHE_HOW03">&lt;b&gt;Виконайте %2 на будь-якому комп’ютері зі спільної папки або USB-носія.&lt;/b&gt; %2 використає наявні попередньо завантажені компоненти без повторного завантаження.</string>

	<string name="IDS_EPI_DOWNLOAD_PACKAGE_SINGLE">Завантаження…</string>
	<string name="IDS_EPI_DOWNLOAD_PACKAGE_MULTI">Завантаження %1…</string>

	<string name="IDS_EPI_CFG_LGF_CAPTION_CONSUMER">Разом ми можемо зробити більше. Отримайте найвищий рівень захисту.</string>
	<string name="IDS_EPI_CFG_LGF_TEXT_CONSUMER">За допомогою системи зворотного зв'язку ESET LiveGrid® ми збираємо й автоматично оброблюємо інформацію про підозрілі об'єкти. На її основі в нашій хмарній системі створюються механізми виявлення, які ми відразу застосовуємо для забезпечення максимального захисту користувачів.</string>
	<string name="IDS_EPI_CFG_LGF_CAPTION_BUSINESS">Допоможіть нам забезпечити ще кращий захист.</string>
	<string name="IDS_EPI_CFG_LGF_TEXT_BUSINESS">За допомогою системи зворотного зв’язку ESET LiveGrid® і більш ніж 100 мільйонів датчиків по всьому світі ми збираємо й автоматично обробляємо статистичні дані та інформацію про підозрілі об’єкти. На основі цих даних у нашій хмарній системі створюються механізми виявлення загроз. Ми відразу застосовуємо ці нові розробки, щоб наші клієнти були абсолютно впевнені в безпеці свого комп’ютера.</string>
	<string name="IDS_EPI_CFG_LGF_ENABLE">Активувати систему зворотного зв’язку ESET LiveGrid® (рекомендовано)</string>
	<string name="IDS_EPI_CFG_LGF_DISABLE">Вимкнути систему зворотного зв’язку ESET LiveGrid®</string>

	<string name="IDS_EPI_CFG_PUA_CAPTION">Виявлення потенційно небажаних програм</string>
	<string name="IDS_EPI_CFG_PUA_TEXT">Продукт ESET може виявляти &lt;a {{IDS_HELP_PUA_LINK}}&gt;потенційно небажані програми&lt;/a&gt; й запитувати підтвердження їх інсталяції. Навіть якщо потенційно небажані програми не загрожують безпеці системи, вони можуть знижувати продуктивність, швидкість і надійність роботи комп’ютера або викликати зміни в його поведінці. Зазвичай для інсталяції цих програм потрібне підтвердження користувача.</string>
	<string name="IDS_EPI_CFG_PUA_ENABLE">Увімкнути виявлення потенційно небажаних програм</string>
	<string name="IDS_EPI_CFG_PUA_DISABLE">Вимкнути виявлення потенційно небажаних програм</string>

	<string name="IDS_EPI_CFG_CEIP_CAPTION">Візьміть участь у програмі підвищення якості програмного забезпечення</string>
	<string name="IDS_EPI_CFG_CEIP_TEXT">Ми хотіли б збирати анонімні дані про те, як використовується цей продукт. Зібрані дані допоможуть нам удосконалити продукт. У жодному разі ми не надаємо ці дані третім сторонам. &lt;a type="command" href="gui.ceip.show"&gt;Яку інформацію ми збираємо?&lt;/a&gt;</string>
	<string name="IDS_EPI_CFG_CEIP_YES">Так, я хочу взяти участь у програмі (рекомендується)</string>
	<string name="IDS_EPI_CFG_CEIP_NO">Ні, я не хочу брати участі в програмі</string>

	<string name="IDS_EPI_CFG_EULA_CAPTION">Ліцензійна угода з кінцевим користувачем</string>
	<string name="IDS_EPI_CFG_EULA_DESCRIPTION">Натискаючи будь-яку з кнопок "Продовжити" нижче, ви приймаєте умови документів &lt;a {{IDS_LINK_SHOW_EULA}}&gt;Ліцензійна угода з кінцевим користувачем&lt;/a&gt; і &lt;a {{IDS_LINK_SHOW_PRIVACY_POLICY}}&gt;Політика конфіденційності&lt;/a&gt;.</string>
	<string name="IDS_EPI_CFG_EULA_MSGBOX_OK">OK</string>
	<string name="IDS_EPI_CFG_EULA_MSGBOX_NOT_AGREE">Не погоджуюсь</string>
	<string name="IDS_EPI_CFG_EULA_MSGBOX_SAVE">Зберегти</string>

	<string name="IDS_EPI_CFG_BUTTON_ADVANCED">Змінити папку інсталяції</string>
	<string name="IDS_EPI_CFG_FOLDERS_INSTALL">Папка з продуктом:</string>
	<string name="IDS_EPI_CFG_FOLDERS_DATA">Папка з даними:</string>
	<string name="IDS_EPI_CFG_FOLDERS_MODULE">Папка з модулем:</string>
	<string name="IDS_EPI_CFG_FOLDERS_VALIDATOR_INVALID">Вибрано неприпустиму папку.</string>

	<string name="IDS_EPI_CFG_ALREADY_CONFIGURED">Параметри інсталяції вже налаштовано.</string>

	<string name="IDS_EPI_NONEMPTY_FOLDER_WARNING_TITLE">Папка для інсталяції має бути пустою</string>
	<string name="IDS_EPI_NONEMPTY_FOLDER_WARNING_MESSAGE_SINGULAR">Якщо продовжити інсталяцію, наявну папку буде видалено:</string>
	<string name="IDS_EPI_NONEMPTY_FOLDER_WARNING_MESSAGE_PLURAL">Якщо продовжити інсталяцію, наявні папки буде видалено:</string>
	<string name="IDS_EPI_NONEMPTY_FOLDER_QUESTION">&lt;b&gt;Видалити папки та продовжити інсталяцію?&lt;/b&gt;</string>

	<string name="IDS_EPI_DISKSPACE_TITLE">Бракує дискового простору</string>
	<string name="IDS_EPI_DISKSPACE_TEXT01">Недостатньо дискового простору. На вказаних томах недостатньо місця для інсталяції. Перевірте, що маєте достатній дисковий простір, і повторіть спробу.</string>
	<string name="IDS_EPI_DISKSPACE_HEADER01">Диск</string>
	<string name="IDS_EPI_DISKSPACE_HEADER02">Ємність</string>
	<string name="IDS_EPI_DISKSPACE_HEADER03">Вільний простір</string>
	<string name="IDS_EPI_DISKSPACE_HEADER04">Необхідний простір</string>

	<string name="IDS_EPI_INSTALL_PACKAGE_SINGLE">Інсталяція…</string>
	<string name="IDS_EPI_INSTALL_PACKAGE_MULTI">Інсталяція %1…</string>

	<string name="IDS_EPI_DONE_TITLE">Програму інстальовано</string>
	<string name="IDS_EPI_DONE_TEXT01">Програму ${bts.package.[${bts.var.package.default}].name} інстальовано. Тепер вона постійно перевірятиме ваш комп’ютер на наявність вірусів і шкідливого програмного забезпечення. &lt;br/&gt; &lt;br/&gt; Дякуємо за те, що обрали ESET! &lt;br/&gt; &lt;br/&gt; &lt;br/&gt; Натисніть кнопку &lt;i&gt;Готово&lt;/i&gt;, щоб завершити інсталяцію продукту.</string>
	<string name="IDS_EPI_DONE_TEXT01_EPI">Усі пакети успішно інстальовано на комп’ютері. &lt;br/&gt; &lt;br/&gt; Клацніть &lt;i&gt;Готово&lt;/i&gt;, щоб завершити інсталяцію продукту.</string>
		<string name="IDS_EPI_DONE_PACKAGECACHE_CAPTION">Під час виконання %1 і %2 мають бути в одній папці.</string>
	<string name="IDS_EPI_DONE_PACKAGECACHE_DESCRIPTION">%1 було завантажено і збережено в папку:&lt;br/&gt;</string>

	<string name="IDS_EPI_FAIL_FAILED_TITLE">Інсталяція завершилася невдало</string>
	<string name="IDS_EPI_FAIL_FINISH_TITLE">Інсталяцію завершено</string>
	<string name="IDS_EPI_FAIL_KNOWLEDGEBASE">Пошукайте рішення в базі знань ESET.</string>
	<string name="IDS_EPI_FAIL_TROUBLESHOOT">Запустити засіб виправлення неполадок</string>
	<string name="IDS_EPI_FAIL_TS_LINK">Зв’язок зі службою технічної підтримки ESET</string>
	<string name="IDS_EPI_FAIL_RESTART">Перезавантажити комп’ютер</string>

	<string name="IDS_EPI_FAIL_TITLE_OS">Застаріла версія Microsoft Windows</string>
	<string name="IDS_EPI_FAIL_TEXT_OS_OUTDATED">ESET Security не підтримує наявну застарілу версію Microsoft Windows. Клацніть "Закрити", щоб закрити інсталяцію.</string>
	<string name="IDS_EPI_FAIL_TEXT_OS_NOT_SUPPORTED">Цей продукт більше не підтримується в застарілій версії Microsoft Windows. &lt;a {{IDS_LINK_PRODUCT_OPTIONS}}&gt;Переглянути наявні можливості&lt;/a&gt;</string>
	<string name="IDS_EPI_FAIL_TEXT_OS_NOT_SUPPORTED_BUSINESS">Цей продукт більше не підтримується в наявній застарілій версії Microsoft Windows.</string>

	<string name="IDS_EPI_FAIL_TITLE_EULA_REJECTED">Ліцензійна угода з кінцевим користувачем</string>
	<string name="IDS_EPI_FAIL_TEXT_EULA_REJECTED">Ліцензійну угоду з кінцевим користувачем не було прийнято.</string>

	<string name="IDS_EPI_FAIL_TITLE_CONNECTION">Помилка підключення</string>
	<string name="IDS_EPI_FAIL_TEXT_CONNECTION">Ваше підключення до Інтернету не працює. Неможливо інсталювати продукт. &lt;a {{IDS_LINK_INTERNET_SETTINGS}}&gt;Перевірте підключення до Інтернету&lt;/a&gt; й повторіть інсталяцію.&lt;br/&gt;&lt;br/&gt;Чи використовується проксі-сервер? Змініть параметри проксі-сервера й повторіть спробу.</string>
	<string name="IDS_EPI_FAIL_TEXT_CONNECTION_EPI">Ваше підключення до Інтернету не працює. Неможливо інсталювати пакети. &lt;a {{IDS_LINK_INTERNET_SETTINGS}}&gt;Перевірте підключення до Інтернету&lt;/a&gt; й повторіть інсталяцію.&lt;br/&gt;&lt;br/&gt;Чи використовується проксі-сервер? Змініть параметри проксі-сервера й повторіть спробу.</string>

	<string name="IDS_EPI_FAIL_TITLE_DOWNLOAD_ERROR">Помилка завантаження</string>
	<string name="IDS_EPI_FAIL_TEXT_DOWNLOAD_ERROR">Сталася помилка завантаження даних із сервера. Перевірте підключення до мережі та повторіть спробу.&lt;br/&gt;&lt;br/&gt;Якщо проблема не зникне, перейдіть на сайт &lt;a {{IDS_LINK_OFFLINE_INSTALLER}}&gt;www.eset.com&lt;/a&gt; і завантажте автономний інсталятор.</string>
	<string name="IDS_EPI_FAIL_TEXT_DOWNLOAD_ERROR_EPI">Сталася помилка завантаження даних із сервера. Перевірте підключення до мережі та повторіть спробу.</string>

	<string name="IDS_EPI_FAIL_TITLE_INVALID_SERVER_RESPONSE">Неприпустима відповідь</string>
	<string name="IDS_EPI_FAIL_TEXT_INVALID_SERVER_RESPONSE">Від сервера надійшла неприпустима відповідь.</string>

	<string name="IDS_EPI_FAIL_TITLE_INVALID_INSTALLER">Недійсний інсталятор</string>
	<string name="IDS_EPI_FAIL_TEXT_INVALID_INSTALLER">Цей інсталятор більш не дійсний. Його необхідно замінити. Щоб установити цей продукт, завантажте новий інсталятор.</string>
	<string name="IDS_EPI_FAIL_TEXT_INVALID_INSTALLER_EPI">Цей інсталятор більш не дійсний. Його необхідно замінити. Установіть новий інсталятор або зверніться до адміністратора за допомогою в інсталяції цього продукту.</string>

	<string name="IDS_EPI_FAIL_TITLE_VERSIONCHECK_NO_PACKAGES">Сумісний пакет не знайдено</string>
	<string name="IDS_EPI_FAIL_TEXT_VERSIONCHECK_NO_PACKAGES">На сервері не знайдено сумісний пакет інсталяції. Перейдіть на сайт &lt;a {{IDS_LINK_OFFLINE_INSTALLER}}&gt;www.eset.com&lt;/a&gt; і завантажте автономний інсталятор.</string>
	<string name="IDS_EPI_FAIL_TEXT_VERSIONCHECK_NO_PACKAGES_EPI">Цей інсталятор більш не дійсний. Його необхідно замінити. Установіть новий інсталятор або зверніться до адміністратора за допомогою в інсталяції цього продукту.</string>

	<string name="IDS_EPI_FAIL_TITLE_INCOMPATIBLE_OS">Несумісна операційна система</string>
	<string name="IDS_EPI_FAIL_TEXT_INCOMPATIBLE_OS">Програма ${bts.package.[${bts.var.package.current}].name} не підтримується вашими операційними системами. Завантажте продукт на сайті &lt;a {{IDS_LINK_OFFLINE_INSTALLER}}&gt;www.eset.com&lt;/a&gt; та інсталюйте його.</string>
	<string name="IDS_EPI_FAIL_TEXT_INCOMPATIBLE_OS_EPI">Программа ${bts.package.[${bts.var.package.current}].name} не підтримується вашими операційними системами.</string>

	<string name="IDS_EPI_FAIL_TITLE_INCOMPATIBLE_PACKAGE_X32">Несумісний пакет</string>
	<string name="IDS_EPI_FAIL_TEXT_INCOMPATIBLE_PACKAGE_X32">Цей інсталяційний пакет призначено для 32-розрядних операційних систем. Скористайтеся версією для 64-розрядних операційних систем.</string>

	<string name="IDS_EPI_FAIL_TITLE_INCOMPATIBLE_PACKAGE_X64">Несумісний пакет</string>
	<string name="IDS_EPI_FAIL_TEXT_INCOMPATIBLE_PACKAGE_X64">Цей інсталяційний пакет призначено для 64-розрядних операційних систем. Скористайтеся версією для 32-розрядних операційних систем.</string>

	<string name="IDS_EPI_FAIL_TITLE_INCOMPATIBLE_PRODUCT_INSTALLED">Інстальовано несумісний продукт</string>
	<string name="IDS_EPI_FAIL_TEXT_INCOMPATIBLE_PRODUCT_INSTALLED">Інстальовано несумісний продукт {PRODUCT}. Видаліть його вручну та запустіть інсталяцію повторно.</string>

	<string name="IDS_EPI_FAIL_TITLE_NEWER_VERSION_NOT_AVAILABLE">Актуальну версію вже інстальовано</string>
	<string name="IDS_EPI_FAIL_TEXT_NEWER_VERSION_NOT_AVAILABLE">На комп'ютері вже інстальовано актуальну версію програми ${bts.package.[${bts.var.package.default}].name}.</string>

	<string name="IDS_EPI_FAIL_TITLE_REFERRAL">Неможливо інсталювати продукт</string>
	<string name="IDS_EPI_FAIL_TEXT_REFERRAL">Неможливо інсталювати продукт, оскільки на цьому пристрої уже інстальовано інший продукт ESET.</string>
	<string name="IDS_EPI_FAIL_TEXT_REFERRAL_UPGRADE">Існуюча версія ESET застаріла. Вона більше не гарантує найвищій рівень безпеки.&lt;br/&gt;&lt;b&gt;БЕЗКОШТОВНЕ оновлення до останньої версії підвищить ваш рівень безпеки.&lt;/b&gt;</string>

	<string name="IDS_EPI_FAIL_TITLE_PACKAGE_NOT_FOUND">Пакет не знайдено</string>
	<string name="IDS_EPI_FAIL_TEXT_PACKAGE_NOT_FOUND">Пакет інсталяції {PRODUCT} не знайдено.</string>

	<string name="IDS_EPI_FAIL_TITLE_PACKAGE_CORRUPTED">Пакет пошкоджено</string>
	<string name="IDS_EPI_FAIL_TEXT_PACKAGE_CORRUPTED">Пакет інсталяції {PRODUCT} пошкоджено.</string>

	<string name="IDS_EPI_FAIL_TITLE_INSTALL_OUT_OF_SPACE">Бракує місця на диску</string>
	<string name="IDS_EPI_FAIL_TEXT_INSTALL_OUT_OF_SPACE">Недостатньо дискового простору для завершення інсталяції ${bts.package.[${bts.var.package.default}].name}.&lt;br/&gt;&lt;br/&gt;Переконайтеся, що маєте в наявності %u MБ вільного місця й повторіть спробу.</string>
	<string name="IDS_EPI_FAIL_TEXT_INSTALL_OUT_OF_SPACE_EPI">Недостатньо дискового простору для завершення інсталяції всіх пакетів.&lt;br/&gt;&lt;br/&gt;Переконайтеся, що маєте в наявності %u MБ вільного місця й повторіть спробу.</string>

	<string name="IDS_EPI_FAIL_TITLE_SETUP">Інсталяцію не завершено</string>
	<string name="IDS_EPI_FAIL_TEXT_SETUP">Інсталяцію програми ${bts.package.[${bts.var.package.current}].name} не завершено. Системі комп’ютера може загрожувати небезпека. Запустіть інсталяцію ${bts.package.[${bts.var.package.current}].name} повторно.</string>
	<string name="IDS_EPI_FAIL_TEXT_SETUP_TROUBLESHOOT">Виникла проблема з інсталяцією продукту ESET на пристрої. Рекомендуємо запустити засіб виправлення неполадок. Засіб виправлення неполадок усуне проблему, якщо це можливо.</string>
	<string name="IDS_EPI_FAIL_TEXT_SETUP_EPI">Не вдалося завершити інсталяцію програми ${bts.package.[${bts.var.package.current}].name}. Системі комп’ютера може загрожувати небезпека. Щоб інсталювати всі пакети на комп’ютер, знову запустіть інсталяцію.</string>
	<string name="IDS_EPI_FAIL_TEXT_SETUP_ERROR_CODE">Код помилки: %s</string>

	<string name="IDS_EPI_FAIL_TITLE_ABORT">Інсталяцію перервано користувачем</string>
	<string name="IDS_EPI_FAIL_TEXT_ABORT">Інсталяцію програми ${bts.package.[${bts.var.package.default}].name} перервано користувачем. Запустіть інсталяцію ${bts.package.[${bts.var.package.default}].name} повторно.</string>
	<string name="IDS_EPI_FAIL_TEXT_ABORT_EPI">Інсталяцію перервано користувачем. Щоб інсталювати всі пакети на комп’ютер, знову запустіть інсталяцію.</string>

	<string name="IDS_EPI_FAIL_TITLE_INTERNAL_ERROR">Внутрішня помилка</string>
	<string name="IDS_EPI_FAIL_TEXT_INTERNAL_ERROR">Сталася внутрішня помилка. Запустіть інсталяцію повторно.</string>

	<string name="IDS_EPI_TROUBLESHOOT_FINISH_TITLE">Засіб виправлення неполадок завершив роботу</string>
	<string name="IDS_EPI_TROUBLESHOOT_SUCCESS_TITLE">Неполадки успішно виправлено</string>
	<string name="IDS_EPI_TROUBLESHOOT_FAILED_TITLE">Не вдалося виправити неполадки</string>
	<string name="IDS_EPI_TROUBLESHOOT_TEXT">&lt;b&gt;Рекомендуємо закрити це вікно й перезапустити комп’ютер. Після перезавантаження знову запустіть інсталятор.&lt;/b&gt;</string>
	<string name="IDS_EPI_TROUBLESHOOT_REBOOT_TEXT">&lt;b&gt;Щоб завершити виправлення неполадок, потрібно перезавантажити комп’ютер. Закрийте це вікно й перезавантажте комп’ютер. Після перезавантаження знову запустіть інсталятор.&lt;/b&gt;</string>
	<string name="IDS_EPI_TROUBLESHOOT_CONTACT_TEXT">Якщо не вдається усунути помилку, зверніться до системного адміністратора або &lt;a {{IDS_LINK_SUPPORT}}&gt;в службу технічної підтримки ESET&lt;/a&gt;.</string>

	<string name="IDS_EPI_CFG_SIMPLE_CAPTION">Параметри захисту та інсталяції</string>
	<string name="IDS_EPI_CFG_RECOMMENDED_CAPTION">Рекомендовано</string>
	<string name="IDS_EPI_CFG_SIMPLE_PUA_CAPTION">Увімкнути виявлення потенційно небажаних програм</string>
	<string name="IDS_EPI_CFG_SIMPLE_CEIP_CAPTION">Візьміть участь у програмі підвищення якості програмного забезпечення &lt;br/&gt; &lt;a type="command" href="gui.ceip.show"&gt; Яку інформацію ми збираємо?&lt;/a&gt;</string>
	<string name="IDS_EPI_CFG_SIMPLE_LGF_CAPTION">Увімкнути систему зворотного зв’язку ESET LiveGrid®</string>
	<string name="IDS_EPI_CFG_SIMPLE_CEIP_TEXT">Ми хотіли б збирати анонімні дані про те, як використовується цей продукт. Зібрані дані допоможуть нам удосконалити продукт. У жодному разі ми не надаємо ці дані третім сторонам.</string>
	<string name="IDS_EPI_CFG_SIMPLE_CONTINUE">Продовжити</string>
	<string name="IDS_EPI_CFG_SIMPLE_ALL_CONTINUE">Дозволити все й продовжити</string>

	<string name="IDS_EPI_BANNER_CAPTION1">Підготовка до інсталяції</string>
	<string name="IDS_EPI_BANNER_DESCRIPTION1">Зачекайте, поки завантажиться пакет інсталяції.</string>

	<string name="IDS_EPI_BANNER_CAPTION2">Виконується інсталяція</string>
	<string name="IDS_EPI_BANNER_DESCRIPTION2">Майже готово. Зачекайте, поки завершиться інсталяція.</string>

	<string name="IDS_EPI_BANNER_CAPTION3">Неперевершена продуктивність</string>
	<string name="IDS_EPI_BANNER_DESCRIPTION3">Багаторівнева технологія захисту ESET використовує інформацію, отриману від 100 мільйонів користувачів з усього світу, що забезпечує максимальний рівень захисту з мінімальним використанням системних ресурсів.</string>

	<string name="IDS_EPI_BANNER_CAPTION4">Дякуємо за те, що обрали ESET!</string>
	<string name="IDS_EPI_BANNER_DESCRIPTION4">Технологія ESET NOD32® володіє рекордною кількістю нагород VB100.</string>

	<string name="IDS_EPI_BANNER_CAPTION5">Легкий централізований контроль рівня ІТ-безпеки</string>
	<string name="IDS_EPI_BANNER_DESCRIPTION5">Якщо ви використовуєте хмарну або локальну консоль управління безпекою, ви отримаєте централізований контролер, що дасть змогу керувати всіма функціями безпеки ESET будь-де та в будь-який час.</string>


</resources>
