﻿<?xml version="1.0" encoding="utf-8" ?>
<resources langname="Slovensky" lcid="041b">

	<string name="IDS_EPI_INSTALL_STEP">Vitajte|Licenčná dohoda|AV Remover|Inštalácia|Dokončenie</string>

	<string name="IDS_EPI_ACTION_INIT">Inicializuje sa...</string>
	<string name="IDS_EPI_ACTION_EULA">Sťahuje sa EULA...</string>
	<string name="IDS_EPI_ACTION_DUMP">Pripravuje sa inštalačný balík...</string>
	<string name="IDS_EPI_ACTION_CALC">Vypočítava sa dostupné miesto...</string>
	<string name="IDS_EPI_ACTION_DETECTAV">Hľadajú sa možné konfliktné aplikácie...</string>
	<string name="IDS_EPI_ACTION_PACKAGECACHE">Dokončuje sa offline balík...</string>
	<string name="IDS_EPI_ACTION_CLEANUP_FOLDERS">Odstraňujú sa priečinky...</string>
	<string name="IDS_EPI_ACTION_TROUBLESHOOTING">Prebieha riešenie problémov. Tento proces môže chvíľu trvať.</string>

	<string name="IDS_EPI_HOME_TITLE_EAV">Inštalácia ${bts.package.[0].name}</string>
	<string name="IDS_EPI_HOME_TEXT_EAV">ESET vás chráni pri práci na počítači, hraní hier aj internetovej komunikácii.</string>
	<string name="IDS_EPI_HOME_TITLE_ESS">Inštalácia ${bts.package.[0].name}</string>
	<string name="IDS_EPI_HOME_TEXT_ESS">ESET vás chráni pri práci na počítači, hraní hier aj internetovej komunikácii.</string>
	<string name="IDS_EPI_HOME_TITLE_EIS">Inštalácia ${bts.package.[0].name}</string>
	<string name="IDS_EPI_HOME_TEXT_EIS">ESET vás chráni pri práci na počítači, hraní hier aj internetovej komunikácii.</string>
	<string name="IDS_EPI_HOME_TITLE_ESSP">Inštalácia ${bts.package.[0].name}</string>
	<string name="IDS_EPI_HOME_TEXT_ESSP">ESET vás chráni pri práci na počítači, hraní hier aj internetovej komunikácii.</string>
	<string name="IDS_EPI_HOME_TITLE_EHS">Inštalácia ${bts.package.[0].name}</string>
	<string name="IDS_EPI_HOME_TEXT_EHS">ESET vás chráni pri práci na počítači, hraní hier aj internetovej komunikácii.</string>
	<string name="IDS_EPI_HOME_TITLE_EEA">Inštalácia ${bts.package.[0].name}</string>
	<string name="IDS_EPI_HOME_SUBTITLE_EEA">Základná ochrana na špičkovej úrovni pre vašu firmu</string>
	<string name="IDS_EPI_HOME_TEXT_EEA">${bts.package.[0].name}, obsahujúci oceňovanú technológiu detekcie ESET NOD32®, poskytuje pre vašu firmu základnú ochranu na špičkovej úrovni a navyše vám prináša možnosť využívať náš cloudový reputačný systém, ktorý vás proaktívne chráni pred hrozbami. Spravovať všetky funkcie produktu môžete prostredníctvom našej kompletne prepracovanej a jednoducho použiteľnej webovej konzoly ESET PROTECT Web Console.</string>
	<string name="IDS_EPI_HOME_TITLE_EES">Inštalácia ${bts.package.[0].name}</string>
	<string name="IDS_EPI_HOME_SUBTITLE_EES">Vaše kompletné bezpečnostné riešenie na pokročilej úrovni</string>
	<string name="IDS_EPI_HOME_TEXT_EES">${bts.package.[0].name} je kompletné bezpečnostné riešenie na pokročilej úrovni, ktoré vám poskytuje komplexnú viacvrstvovú ochranu pred najrôznejšími druhmi škodlivého softvéru. Produkt má navyše nízke nároky na systém, podporuje virtualizáciu a spravovať jeho početné funkcie môžete prostredníctvom našej kompletne prepracovanej webovej konzoly ESET PROTECT Web Console.</string>

	<string name="IDS_EPI_HOME_TITLE_MULTI">Inštalovať súčasti</string>
	<string name="IDS_EPI_INFO_TITLE_ERAA">Tento počítač bude spravovaný prostredníctvom nástroja ESET PROTECT</string>
	<string name="IDS_EPI_BUNDLE_TITLE">V tomto inštalátore sú zahrnuté nasledujúce súčasti</string>

	<string name="IDS_EPI_HOME_AVREMOVER_CHECK">Želám si odinštalovať nekompatibilné bezpečnostné produkty</string>
	<string name="IDS_EPI_HOME_NEW_VERSION_TEXT">Novšia verzia tohto produktu je k dispozícii online a je možné ju automaticky stiahnuť a nainštalovať namiesto zahrnutej verzie.</string>
	<string name="IDS_EPI_HOME_NEW_VERSION_CHECKBOX">Nainštalovať novšiu verziu</string>

<string name="IDS_EPI_HOME_NEED_HELP">Potrebujete pomoc s inštaláciou?</string>
	<string name="IDS_EPI_HOME_OPEN_INSTRUCTIONS">Otvoriť pokyny k inštalácii</string>
	<string name="IDS_EPI_HOME_OPEN_GUIDE">Otvoriť používateľskú príručku</string>

	<string name="IDS_EPI_LOCK_PASSWORD_TITLE">Nastavenia bezpečnostného produktu ESET sú chránené heslom</string>
	<string name="IDS_EPI_LOCK_PASSWORD_SUBTITLE">Pokračujte zadaním platného hesla, prosím.</string>
	<string name="IDS_EPI_LOCK_PASSWORD_TEXT">Heslo</string>
	<string name="IDS_EPI_LOCK_PASSWORD_ERROR">Nesprávne heslo. Môžete si ho obnoviť&lt;br/&gt;v rozšírených nastaveniach produktu.</string>

	<string name="IDS_EPI_EULA_SINGLE_TITLE">Licenčná dohoda s koncovým používateľom</string>
	<string name="IDS_EPI_EULA_SAVEAS_FILTER">Text (*.txt)|*.txt|HTML (*.html,*.htm)|*.html;*.htm||</string>
	<string name="IDS_EPI_EULA_BUTTON_ACCEPT">Súhlasím</string>
	<string name="IDS_EPI_EULA_BUTTON_DECLINE">Nesúhlasím</string>
	<string name="IDS_EPI_EULA_DECLINE">Ak odmietnete licenčnú dohodu s koncovým používateľom, dôjde k ukončeniu inštalátora. Naozaj si prajete pokračovať?</string>

	<string name="IDS_EPI_DETECTAV_TITLE">Vyhľadávajú sa antivírusové aplikácie</string>
	<string name="IDS_EPI_DETECTAV_TEXT01">Našli sa iné bezpečnostné produkty</string>
	<string name="IDS_EPI_DETECTAV_TEXT02">Súbežné používanie dvoch bezpečnostných riešení môže viesť k nestabilite. Tento problém vyriešte odinštalovaním konfliktného bezpečnostného softvéru zo systému.</string>
	<string name="IDS_EPI_DETECTAV_UNINSTALL">Ako odinštalovať iný antivírusový softvér</string>

	<string name="IDS_EPI_PACKAGECACHE_TITLE">Stiahnutie súčastí vopred</string>
	<string name="IDS_EPI_PACKAGECACHE_TEXT">Vopred si stiahnite súčasti nachádzajúce sa v tomto inštalačnom balíku (Live inštalátor) a zrýchlite tak proces nasadenia pri obmedzenom pripojení na internet.</string>
	<string name="IDS_EPI_PACKAGECACHE_HOW01">&lt;b&gt;Kliknite na tlačidlo Stiahnuť&lt;/b&gt; a %1 sa následne vytvorí, stiahne a uloží na váš počítač.</string>
	<string name="IDS_EPI_PACKAGECACHE_HOW02">&lt;b&gt;Skopírujte %1 a %2 do rovnakého priečinka.&lt;/b&gt; Použiť môžete zdieľaný priestor na sieti alebo USB jednotku.</string>
	<string name="IDS_EPI_PACKAGECACHE_HOW03">&lt;b&gt;Spustite %2 na ktoromkoľvek počítači zo zdieľaného priečinka alebo USB jednotky.&lt;/b&gt; %2 použije vopred stiahnuté súčasti bez potreby opätovného stiahnutia.</string>

	<string name="IDS_EPI_DOWNLOAD_PACKAGE_SINGLE">Prebieha sťahovanie...</string>
	<string name="IDS_EPI_DOWNLOAD_PACKAGE_MULTI">Sťahuje sa %1 ...</string>

	<string name="IDS_EPI_CFG_LGF_CAPTION_CONSUMER">Sila je v číslach. Získajte maximálnu úroveň ochrany.</string>
	<string name="IDS_EPI_CFG_LGF_TEXT_CONSUMER">Systém spätnej väzby ESET LiveGrid® nám umožňuje zbierať štatistické údaje a informácie o podozrivých objektoch, ktoré automaticky spracovávame a na ich základe vytvárame detekčné mechanizmy v našom cloudovom systéme. Tieto mechanizmy následne okamžite aplikujeme, aby sme zákazníkom poskytli maximálnu úroveň ochrany.</string>
	<string name="IDS_EPI_CFG_LGF_CAPTION_BUSINESS">Pomôžte nám poskytovať našim používateľom stále lepšie zabezpečenie.</string>
	<string name="IDS_EPI_CFG_LGF_TEXT_BUSINESS">Systém spätnej väzby ESET LiveGrid® nám vďaka podpore vyše 100 miliónov používateľov umožňuje zbierať informácie o podozrivých objektoch, ktoré automaticky analyzujeme a na základe získaných výsledkov vytvárame detekčné mechanizmy v našom cloudovom reputačnom systéme. Tieto mechanizmy následne okamžite aplikujeme, aby sme zákazníkom poskytli maximálnu úroveň ochrany.</string>
	<string name="IDS_EPI_CFG_LGF_ENABLE">Zapnúť systém spätnej väzby ESET LiveGrid® (odporúčané)</string>
	<string name="IDS_EPI_CFG_LGF_DISABLE">Vypnúť systém spätnej väzby ESET LiveGrid®</string>

	<string name="IDS_EPI_CFG_PUA_CAPTION">Detekcia potenciálne nechcených aplikácií</string>
	<string name="IDS_EPI_CFG_PUA_TEXT">ESET môže zachytávať &lt;a {{IDS_HELP_PUA_LINK}}&gt;potenciálne nechcené aplikácie&lt;/a&gt; a spýtať sa na potvrdenie pred ich inštaláciou. Potenciálne nechcené aplikácie nemusia predstavovať bezpečnostné riziko, môžu však mať vplyv na výkon, rýchlosť a spoľahlivosť počítača alebo spôsobiť zmenu jeho správania. Zvyčajne pred inštaláciou vyžadujú súhlas používateľa.</string>
	<string name="IDS_EPI_CFG_PUA_ENABLE">Zapnúť detekciu potenciálne nechcených aplikácií</string>
	<string name="IDS_EPI_CFG_PUA_DISABLE">Vypnúť detekciu potenciálne nechcených aplikácií</string>

	<string name="IDS_EPI_CFG_CEIP_CAPTION">Zapojiť sa do programu zvyšovania spokojnosti zákazníkov</string>
	<string name="IDS_EPI_CFG_CEIP_TEXT">Radi by sme zbierali anonymné informácie o používaní tohto produktu. Zozbierané dáta nám pomôžu produkt zlepšovať a zvyšovať vašu spokojnosť s jeho používaním, pričom nebudú nikdy zdieľané s tretími stranami.&lt;a type="command" href="gui.ceip.show"&gt; Aké informácie zbierame?&lt;/a&gt;</string>
	<string name="IDS_EPI_CFG_CEIP_YES">Áno, chcem sa zúčastniť programu (odporúčané)</string>
	<string name="IDS_EPI_CFG_CEIP_NO">Nie, nechcem sa zúčastniť programu</string>

	<string name="IDS_EPI_CFG_EULA_CAPTION">Licenčná dohoda s koncovým používateľom</string>
	<string name="IDS_EPI_CFG_EULA_DESCRIPTION">Kliknutím na ktorékoľvek z nižšie uvedených tlačidiel pre pokračovanie vyjadrujete váš súhlas s &lt;a {{IDS_LINK_SHOW_EULA}}&gt;Licenčnou dohodou s koncovým používateľom&lt;/a&gt; a beriete na vedomie &lt;a {{IDS_LINK_SHOW_PRIVACY_POLICY}}&gt;Zásady ochrany osobných údajov.&lt;/a&gt;</string>
	<string name="IDS_EPI_CFG_EULA_MSGBOX_OK">OK</string>
	<string name="IDS_EPI_CFG_EULA_MSGBOX_NOT_AGREE">Nesúhlasím</string>
	<string name="IDS_EPI_CFG_EULA_MSGBOX_SAVE">Uložiť</string>

	<string name="IDS_EPI_CFG_BUTTON_ADVANCED">Zmeniť inštalačný priečinok</string>
	<string name="IDS_EPI_CFG_FOLDERS_INSTALL">Priečinok s produktom:</string>
	<string name="IDS_EPI_CFG_FOLDERS_DATA">Priečinok s dátami:</string>
	<string name="IDS_EPI_CFG_FOLDERS_MODULE">Priečinok s modulmi:</string>
	<string name="IDS_EPI_CFG_FOLDERS_VALIDATOR_INVALID">Neplatný výber priečinka.</string>

	<string name="IDS_EPI_CFG_ALREADY_CONFIGURED">Nastavenia inštalácie sú už nakonfigurované.</string>

	<string name="IDS_EPI_NONEMPTY_FOLDER_WARNING_TITLE">Inštalačný priečinok musí byť prázdny</string>
	<string name="IDS_EPI_NONEMPTY_FOLDER_WARNING_MESSAGE_SINGULAR">Aby mohla inštalácia pokračovať, je nutné odstrániť existujúci priečinok:</string>
	<string name="IDS_EPI_NONEMPTY_FOLDER_WARNING_MESSAGE_PLURAL">Aby mohla inštalácia pokračovať, je nutné odstrániť existujúce priečinky:</string>
	<string name="IDS_EPI_NONEMPTY_FOLDER_QUESTION">&lt;b&gt;Naozaj chcete odstrániť tieto priečinky a pokračovať v inštalácii?&lt;/b&gt;</string>

	<string name="IDS_EPI_DISKSPACE_TITLE">Na disku je nedostatok miesta</string>
	<string name="IDS_EPI_DISKSPACE_TEXT01">Nemáte dostatok miesta na disku. Na zvýraznených jednotkách nie je dosť voľného miesta na inštaláciu. Skontrolujte dostupné miesto na disku a skúste to znova.</string>
	<string name="IDS_EPI_DISKSPACE_HEADER01">Jednotka</string>
	<string name="IDS_EPI_DISKSPACE_HEADER02">Kapacita</string>
	<string name="IDS_EPI_DISKSPACE_HEADER03">Voľné miesto</string>
	<string name="IDS_EPI_DISKSPACE_HEADER04">Požadované miesto</string>

	<string name="IDS_EPI_INSTALL_PACKAGE_SINGLE">Inštaluje sa ...</string>
	<string name="IDS_EPI_INSTALL_PACKAGE_MULTI">Inštaluje sa %1 ...</string>

	<string name="IDS_EPI_DONE_TITLE">Inštalácia prebehla úspešne</string>
	<string name="IDS_EPI_DONE_TEXT01">${bts.package.[${bts.var.package.default}].name} bol úspešne nainštalovaný. Váš počítač bude nepretržite chránený pred vírusmi a malvérom. &lt;br/&gt; &lt;br/&gt; Ďakujeme, že ste si vybrali ESET! &lt;br/&gt; &lt;br/&gt; &lt;br/&gt; Sprievodcu inštaláciou zatvoríte kliknutím na tlačidlo &lt;i&gt;Dokončiť&lt;/i&gt;.</string>
	<string name="IDS_EPI_DONE_TEXT01_EPI">Všetky balíky boli úspešne nainštalované na váš počítač. &lt;br/&gt; &lt;br/&gt; Inštaláciu produktu dokončíte kliknutím na tlačidlo &lt;i&gt;Dokončiť&lt;/i&gt;.</string>
		<string name="IDS_EPI_DONE_PACKAGECACHE_CAPTION">Pri spustení sa %1 a %2 musia nachádzať v rovnakom priečinku.</string>
	<string name="IDS_EPI_DONE_PACKAGECACHE_DESCRIPTION">%1 bol stiahnutý a uložený do priečinka:&lt;br/&gt;</string>

	<string name="IDS_EPI_FAIL_FAILED_TITLE">Inštalácia neprebehla úspešne</string>
	<string name="IDS_EPI_FAIL_FINISH_TITLE">Inštalácia je dokončená</string>
	<string name="IDS_EPI_FAIL_KNOWLEDGEBASE">Vyhľadajte riešenie v Databáze znalostí spoločnosti ESET.</string>
	<string name="IDS_EPI_FAIL_TROUBLESHOOT">Spustiť riešenie problémov</string>
	<string name="IDS_EPI_FAIL_TS_LINK">Kontaktovať technickú podporu spoločnosti ESET</string>
	<string name="IDS_EPI_FAIL_RESTART">Reštartovať počítač</string>

	<string name="IDS_EPI_FAIL_TITLE_OS">Neaktuálna verzia systému Microsoft Windows</string>
	<string name="IDS_EPI_FAIL_TEXT_OS_OUTDATED">Bezpečnostný produkt ESET nepodporuje vašu neaktuálnu verziu systému Microsoft Windows. Inštaláciu ukončíte kliknutím na tlačidlo Zatvoriť.</string>
	<string name="IDS_EPI_FAIL_TEXT_OS_NOT_SUPPORTED">Tento produkt už nie je podporovaný na vašej neaktuálnej verzii systému Microsoft Windows. &lt;a {{IDS_LINK_PRODUCT_OPTIONS}}&gt;Zobraziť možnosti riešenia&lt;/a&gt;</string>
	<string name="IDS_EPI_FAIL_TEXT_OS_NOT_SUPPORTED_BUSINESS">Tento produkt už nie je podporovaný na vašej neaktuálnej verzii systému Microsoft Windows.</string>

	<string name="IDS_EPI_FAIL_TITLE_EULA_REJECTED">Licenčná dohoda s koncovým používateľom</string>
	<string name="IDS_EPI_FAIL_TEXT_EULA_REJECTED">Licenčná dohoda s koncovým používateľom nebola odsúhlasená.</string>

	<string name="IDS_EPI_FAIL_TITLE_CONNECTION">Chyba pripojenia</string>
	<string name="IDS_EPI_FAIL_TEXT_CONNECTION">Zdá sa, že vaše internetové pripojenie nefunguje. Produkt sa nedá nainštalovať. &lt;a {{IDS_LINK_INTERNET_SETTINGS}}&gt;Skontrolujte pripojenie na internet&lt;/a&gt; a zopakujte inštaláciu.&lt;br/&gt;&lt;br/&gt;Používate proxy server? Zmeňte nastavenia proxy servera a pokus zopakujte.</string>
	<string name="IDS_EPI_FAIL_TEXT_CONNECTION_EPI">Zdá sa, že vaše internetové pripojenie nefunguje. Balíky sa nedajú nainštalovať. &lt;a {{IDS_LINK_INTERNET_SETTINGS}}&gt;Skontrolujte pripojenie na internet&lt;/a&gt; a zopakujte inštaláciu.&lt;br/&gt;&lt;br/&gt;Používate proxy server? Zmeňte nastavenia proxy servera a pokus zopakujte.</string>

	<string name="IDS_EPI_FAIL_TITLE_DOWNLOAD_ERROR">Chyba pri sťahovaní</string>
	<string name="IDS_EPI_FAIL_TEXT_DOWNLOAD_ERROR">Pri sťahovaní dát zo servera nastala chyba. Skontrolujte svoje pripojenie na internet a skúste to znova.&lt;br/&gt;&lt;br/&gt;Ak problém pretrváva, navštívte webovú stránku &lt;a {{IDS_LINK_OFFLINE_INSTALLER}}&gt;www.eset.com&lt;/a&gt; a stiahnite si offline inštalátor.</string>
	<string name="IDS_EPI_FAIL_TEXT_DOWNLOAD_ERROR_EPI">Pri sťahovaní dát zo servera nastala chyba. Skontrolujte svoje pripojenie na internet a skúste to znova, prosím.</string>

	<string name="IDS_EPI_FAIL_TITLE_INVALID_SERVER_RESPONSE">Neplatná odpoveď</string>
	<string name="IDS_EPI_FAIL_TEXT_INVALID_SERVER_RESPONSE">Zo servera bola prijatá neplatná odpoveď.</string>

	<string name="IDS_EPI_FAIL_TITLE_INVALID_INSTALLER">Neplatný inštalátor</string>
	<string name="IDS_EPI_FAIL_TEXT_INVALID_INSTALLER">Tento inštalátor už nie je platný a je potrebné ho nahradiť. Stiahnite si nový inštalátor na nainštalovanie tohto produktu.</string>
	<string name="IDS_EPI_FAIL_TEXT_INVALID_INSTALLER_EPI">Tento inštalátor už nie je platný a je potrebné ho nahradiť. Vygenerujte si nový inštalátor na nainštalovanie tohto produktu alebo kontaktujte svojho správcu.</string>

	<string name="IDS_EPI_FAIL_TITLE_VERSIONCHECK_NO_PACKAGES">Nenašiel sa kompatibilný balík</string>
	<string name="IDS_EPI_FAIL_TEXT_VERSIONCHECK_NO_PACKAGES">Na serveri nie je k dispozícii žiaden kompatibilný inštalačný balík. Prosím, navštívte webovú stránku &lt;a {{IDS_LINK_OFFLINE_INSTALLER}}&gt;www.eset.com&lt;/a&gt; a stiahnite si offline inštalátor.</string>
	<string name="IDS_EPI_FAIL_TEXT_VERSIONCHECK_NO_PACKAGES_EPI">Tento inštalátor už nie je platný a je potrebné ho nahradiť. Vygenerujte si nový inštalátor na nainštalovanie tohto produktu alebo kontaktujte svojho správcu.</string>

	<string name="IDS_EPI_FAIL_TITLE_INCOMPATIBLE_OS">Nekompatibilný operačný systém</string>
	<string name="IDS_EPI_FAIL_TEXT_INCOMPATIBLE_OS">${bts.package.[${bts.var.package.current}].name} nie je určený pre váš operačný systém. Prosím, navštívte webovú stránku &lt;a {{IDS_LINK_OFFLINE_INSTALLER}}&gt;www.eset.com&lt;/a&gt; a stiahnite si vhodný produkt.</string>
	<string name="IDS_EPI_FAIL_TEXT_INCOMPATIBLE_OS_EPI">${bts.package.[${bts.var.package.current}].name} nie je určený pre váš operačný systém.</string>

	<string name="IDS_EPI_FAIL_TITLE_INCOMPATIBLE_PACKAGE_X32">Nekompatibilný balík</string>
	<string name="IDS_EPI_FAIL_TEXT_INCOMPATIBLE_PACKAGE_X32">Tento inštalačný balík je určený pre 32-bitové operačné systémy. Použite inštalačný balík pre 64-bitové operačné systémy, prosím.</string>

	<string name="IDS_EPI_FAIL_TITLE_INCOMPATIBLE_PACKAGE_X64">Nekompatibilný balík</string>
	<string name="IDS_EPI_FAIL_TEXT_INCOMPATIBLE_PACKAGE_X64">Tento inštalačný balík je určený pre 64-bitové operačné systémy. Použite inštalačný balík pre 32-bitové operačné systémy, prosím.</string>

	<string name="IDS_EPI_FAIL_TITLE_INCOMPATIBLE_PRODUCT_INSTALLED">Nainštalovaný nekompatibilný produkt</string>
	<string name="IDS_EPI_FAIL_TEXT_INCOMPATIBLE_PRODUCT_INSTALLED">Na tomto počítači je už nainštalovaný nekompatibilný produkt {PRODUCT}. Manuálne ho odinštalujte a znova spustite inštaláciu, prosím.</string>

	<string name="IDS_EPI_FAIL_TITLE_NEWER_VERSION_NOT_AVAILABLE">Najnovšia verzia už je nainštalovaná</string>
	<string name="IDS_EPI_FAIL_TEXT_NEWER_VERSION_NOT_AVAILABLE">Najnovšia verzia ${bts.package.[${bts.var.package.default}].name} už je nainštalovaná na vašom počítači.</string>

	<string name="IDS_EPI_FAIL_TITLE_REFERRAL">Produkt sa nedá nainštalovať.</string>
	<string name="IDS_EPI_FAIL_TEXT_REFERRAL">Produkt sa nedá nainštalovať, pretože na tomto zariadení je už nainštalovaný iný produkt ESET.</string>
	<string name="IDS_EPI_FAIL_TEXT_REFERRAL_UPGRADE">Vaša verzia produktu ESET je neaktuálna a už nemôže zaručiť najlepšiu ochranu.&lt;br/&gt;&lt;b&gt;BEZPLATNE prejdite na najnovšiu verziu, aby ste zostali maximálne zabezpečený.&lt;/b&gt;</string>

	<string name="IDS_EPI_FAIL_TITLE_PACKAGE_NOT_FOUND">Balík sa nenašiel</string>
	<string name="IDS_EPI_FAIL_TEXT_PACKAGE_NOT_FOUND">Inštalačný balík produktu {PRODUCT} sa nenašiel.</string>

	<string name="IDS_EPI_FAIL_TITLE_PACKAGE_CORRUPTED">Balík je poškodený</string>
	<string name="IDS_EPI_FAIL_TEXT_PACKAGE_CORRUPTED">Inštalačný balík produktu {PRODUCT} je poškodený.</string>

	<string name="IDS_EPI_FAIL_TITLE_INSTALL_OUT_OF_SPACE">Na disku je nedostatok miesta</string>
	<string name="IDS_EPI_FAIL_TEXT_INSTALL_OUT_OF_SPACE">Na disku nie je dostatok voľného miesta na dokončenie inštalácie ${bts.package.[${bts.var.package.default}].name}.&lt;br/&gt;&lt;br/&gt;Uistite sa, že máte na disku voľných aspoň %u MB a skúste to znova, prosím.</string>
	<string name="IDS_EPI_FAIL_TEXT_INSTALL_OUT_OF_SPACE_EPI">Na disku nie je dostatok voľného miesta na dokončenie inštalácie všetkých balíkov.&lt;br/&gt;&lt;br/&gt;Uistite sa, že máte na disku voľných aspoň %u MB a skúste to znova, prosím.</string>

	<string name="IDS_EPI_FAIL_TITLE_SETUP">Inštalácia nebola úspešne dokončená</string>
	<string name="IDS_EPI_FAIL_TEXT_SETUP">Inštaláciu ${bts.package.[${bts.var.package.current}].name} sa nepodarilo úspešne dokončiť. Systém nemusí byť chránený pred hrozbami. Je potrebné znovu spustiť inštaláciu, aby sa ${bts.package.[${bts.var.package.current}].name} nainštaloval na váš počítač.</string>
	<string name="IDS_EPI_FAIL_TEXT_SETUP_TROUBLESHOOT">Pri pokuse o inštaláciu produktu ESET na vašom zariadení nastala chyba. Odporúčame spustiť nástroj na riešenie problémov, ktorý pomôže chybu odstrániť.</string>
	<string name="IDS_EPI_FAIL_TEXT_SETUP_EPI">Inštaláciu ${bts.package.[${bts.var.package.current}].name} sa nepodarilo úspešne dokončiť. Systém nemusí byť chránený pred hrozbami. Je potrebné znovu spustiť inštaláciu, aby sa na počítač nainštalovali všetky balíky.</string>
	<string name="IDS_EPI_FAIL_TEXT_SETUP_ERROR_CODE">Kód chyby: %s</string>

	<string name="IDS_EPI_FAIL_TITLE_ABORT">Inštalácia bola prerušená používateľom</string>
	<string name="IDS_EPI_FAIL_TEXT_ABORT">Inštalácia ${bts.package.[${bts.var.package.default}].name} bola prerušená používateľom. Je potrebné znovu spustiť inštaláciu, aby sa ${bts.package.[${bts.var.package.default}].name} nainštaloval na váš počítač.</string>
	<string name="IDS_EPI_FAIL_TEXT_ABORT_EPI">Inštalácia bola prerušená používateľom. Je potrebné znovu spustiť inštaláciu, aby sa na počítač nainštalovali všetky balíky.</string>

	<string name="IDS_EPI_FAIL_TITLE_INTERNAL_ERROR">Interná chyba</string>
	<string name="IDS_EPI_FAIL_TEXT_INTERNAL_ERROR">Nastala interná chyba. Skúste znova spustiť inštaláciu, prosím.</string>

	<string name="IDS_EPI_TROUBLESHOOT_FINISH_TITLE">Dokončilo sa riešenie problémov</string>
	<string name="IDS_EPI_TROUBLESHOOT_SUCCESS_TITLE">Problémy sa podarilo úspešne vyriešiť</string>
	<string name="IDS_EPI_TROUBLESHOOT_FAILED_TITLE">Problémy sa nepodarilo vyriešiť</string>
	<string name="IDS_EPI_TROUBLESHOOT_TEXT">&lt;b&gt;Odporúčame vám toto okno zatvoriť a reštartovať počítač. Po reštarte znova spustite inštalátor.&lt;/b&gt;</string>
	<string name="IDS_EPI_TROUBLESHOOT_REBOOT_TEXT">&lt;b&gt;Na dokončenie riešenia problémov sa vyžaduje reštart počítača. Odporúčame vám toto okno zatvoriť a reštartovať počítač. Po reštarte znova spustite inštalátor.&lt;/b&gt;</string>
	<string name="IDS_EPI_TROUBLESHOOT_CONTACT_TEXT">V prípade pretrvávajúcej chyby sa obráťte na správcu systému alebo &lt;a {{IDS_LINK_SUPPORT}}&gt;technickú podporu spoločnosti ESET&lt;/a&gt;.</string>

	<string name="IDS_EPI_CFG_SIMPLE_CAPTION">Nastavenia ochrany a inštalácie</string>
	<string name="IDS_EPI_CFG_RECOMMENDED_CAPTION">Odporúča sa</string>
	<string name="IDS_EPI_CFG_SIMPLE_PUA_CAPTION">Zapnúť detekciu potenciálne nechcených aplikácií</string>
	<string name="IDS_EPI_CFG_SIMPLE_CEIP_CAPTION">Zapojiť sa do programu zvyšovania spokojnosti zákazníkov &lt;br/&gt; &lt;a type="command" href="gui.ceip.show"&gt; Aké informácie zbierame?&lt;/a&gt;</string>
	<string name="IDS_EPI_CFG_SIMPLE_LGF_CAPTION">Zapnúť systém spätnej väzby ESET LiveGrid®</string>
	<string name="IDS_EPI_CFG_SIMPLE_CEIP_TEXT">Radi by sme zbierali anonymné informácie o používaní tohto produktu. Zozbierané dáta nám pomôžu produkt zlepšovať a zvyšovať vašu spokojnosť s jeho používaním, pričom nebudú nikdy zdieľané s tretími stranami.</string>
	<string name="IDS_EPI_CFG_SIMPLE_CONTINUE">Pokračovať</string>
	<string name="IDS_EPI_CFG_SIMPLE_ALL_CONTINUE">Povoliť všetko a pokračovať</string>

	<string name="IDS_EPI_BANNER_CAPTION1">Pripravuje sa inštalácia</string>
	<string name="IDS_EPI_BANNER_DESCRIPTION1">Počkajte, kým sa stiahne inštalačný balík.</string>

	<string name="IDS_EPI_BANNER_CAPTION2">Prebieha inštalácia</string>
	<string name="IDS_EPI_BANNER_DESCRIPTION2">Už je to skoro hotové. Počkajte na dokončenie inštalácie.</string>

	<string name="IDS_EPI_BANNER_CAPTION3">Jedinečný výkon</string>
	<string name="IDS_EPI_BANNER_DESCRIPTION3">Viacvrstvová technológia spoločnosti ESET využíva dáta zo 100 miliónov senzorov po celom svete, aby pre vás zabezpečila najvyššiu úroveň ochrany pri minimálnej systémovej záťaži.</string>

	<string name="IDS_EPI_BANNER_CAPTION4">Ďakujeme, že ste si vybrali ESET!</string>
	<string name="IDS_EPI_BANNER_DESCRIPTION4">Technológia ESET NOD32® je držiteľom svetového rekordu nielen v celkovom počte ocenení VB100, ale aj v počte ocenení udelených za sebou.</string>

	<string name="IDS_EPI_BANNER_CAPTION5">Centralizovaná správa zabezpečenia vašej siete</string>
	<string name="IDS_EPI_BANNER_DESCRIPTION5">Konzola na vzdialenú správu vám v prípade cloudovej aj lokálne nasadenej verzie umožňuje pohodlne z jedného miesta spravovať všetky bezpečnostné produkty ESET, aby ste mohli kedykoľvek a odkiaľkoľvek dohliadať na aktuálne zabezpečenie svojej siete.</string>


</resources>
